country_code,party_abbreviation,party_english,party_native,partyfacts_id,pname,votes,last_year,max_nat_share,party_family,family_source,populist,populist_start,populist_end,populist_startnobl,populist_endnobl,farright,farright_start,farright_end,farright_startnobl,farright_endnobl,farleft,farleft_start,farleft_end,farleft_startnobl,farleft_endnobl,eurosceptic,eurosceptic_start,eurosceptic_end,eurosceptic_startnobl,eurosceptic_endnobl
AT,BIER,,BIER,,BIER,94713.0,2024,0.019903559789484125,No family,manual,0.0,,,,,0.0,,,,,0.0,,,,,0.0,,,,
AT,BZO,Alliance for the Future of Austria,Bundnis Zukunft Osterreich,599.0,Bundnis Zukunft Osterreich,887355.0,2013,0.1055276361825482,Radical right,ep_panel,1.0,1900.0,2100.0,1900.0,2100.0,0.0,1900.0,2008.0,1900.0,2008.0,0.0,2100.0,2100.0,2100.0,2100.0,1.0,1900.0,2100.0,1900.0,2100.0
AT,CDP,,,,CDP,348.0,1990,7.396553461140677e-05,,,,,,,,,,,,,,,,,,,,,,
AT,CWG,,,,CWG,5003.0,2002,0.0007273277570121664,,,,,,,,,,,,,,,,,,,,,,
AT,DC,,,,DC,5016.0,2008,0.0010023796524924002,,,,,,,,,,,,,,,,,,,,,,
AT,FG,,,,FG,2051.0,1990,0.0004359290559999864,,,,,,,,,,,,,,,,,,,,,,
AT,FLO,,,,FLO,1186.0,2017,0.00023392832522901207,,,,,,,,,,,,,,,,,,,,,,
AT,FPO,Freedom Party of Austria,Freiheitliche Partei Osterreichs,463.0,Freiheitliche Partei Osterreichs,7821438.0,2019,0.25965689065862657,Radical right,ep_panel,1.0,1900.0,2100.0,1900.0,2100.0,1.0,1900.0,2100.0,1900.0,2100.0,0.0,2100.0,2100.0,2100.0,2100.0,1.0,1900.0,2100.0,1900.0,2100.0
AT,FPÖ,,FPÖ,463.0,FPÖ,1382043.0,2024,0.2904308329599739,Radical right,ep_panel,1.0,1900.0,2100.0,1900.0,2100.0,1.0,1900.0,2100.0,1900.0,2100.0,0.0,2100.0,2100.0,2100.0,2100.0,1.0,1900.0,2100.0,1900.0,2100.0
AT,FRANK,Team Stronach,Team Stronach,1971.0,Team Stronach,268679.0,2013,0.0572521466971325,No family,ess_build,1.0,1900.0,2100.0,1900.0,2100.0,0.0,2100.0,2100.0,2100.0,2100.0,0.0,2100.0,2100.0,2100.0,2100.0,1.0,1900.0,2100.0,1900.0,2100.0
AT,FRITZ,The Citizens`Forum Austria,Burgerforum Osterreich - Liste Fritz Dinkhauser,439.0,Burgerforum Osterreich - Liste Fritz Dinkhauser,87265.0,2008,0.017438728144886225,Liberal,manual,0.0,,,,,0.0,,,,,0.0,,,,,0.0,,,,
AT,GILT,,,6138.0,GILT,24793.0,2017,0.004890206549243589,,,0.0,,,,,0.0,,,,,0.0,,,,,0.0,,,,
AT,GRUNE,The Greens -- The Green Alternative,Die Grunen - Die grune Alternative,1659.0,Die Grunen - Die grune Alternative,3753671.0,2019,0.13900372725206112,Green,ep_panel,0.0,,,,,0.0,,,,,0.0,,,,,0.0,,,,
AT,GRÜNE,,GRÜNE,1659.0,GRÜNE,386910.0,2024,0.08130759576984471,Green,ep_panel,0.0,,,,,0.0,,,,,0.0,,,,,0.0,,,,
AT,IVE,,,,IVE,326.0,2006,6.924429621350522e-05,,,,,,,,,,,,,,,,,,,,,,
AT,JETZT,,,6137.0,JETZT,89169.0,2019,0.018665356567361194,Green,manual,1.0,1900.0,2100.0,2100.0,2100.0,0.0,2100.0,2100.0,2100.0,2100.0,0.0,2100.0,2100.0,2100.0,2100.0,0.0,2100.0,2100.0,2100.0,2100.0
AT,KPO,Communist Party of Austria,Kommunistische Partei Osterreichs,996.0,Kommunistische Partei Osterreichs,142901.0,2019,0.010265492156567347,Radical left,ep_panel,0.0,,,,,0.0,,,,,0.0,,,,,0.0,,,,
AT,KPÖ,,KPÖ,996.0,KPÖ,112878.0,2024,0.023720862203893755,Radical left,ep_panel,0.0,,,,,0.0,,,,,0.0,,,,,0.0,,,,
AT,LIF,Liberal Forum,Liberales Forum,605.0,Liberales Forum,682656.0,2008,0.05969635109345464,Liberal,ep_panel,0.0,,,,,0.0,,,,,0.0,,,,,0.0,,,,
AT,MARTIN,Hans-Peter Martin's List,Liste Dr. Hans-Peter Martin,1708.0,Liste Dr. Hans-Peter Martin,131688.0,2006,0.027971297177190418,No family,ches_link,1.0,1900.0,2100.0,1900.0,2100.0,0.0,2100.0,2100.0,2100.0,2100.0,0.0,2100.0,2100.0,2100.0,2100.0,1.0,1900.0,2100.0,1900.0,2100.0
AT,MFG,,MFG,9022.0,MFG,18932.0,2024,0.003978484410107519,,,0.0,,,,,0.0,,,,,0.0,,,,,0.0,,,,
AT,NBZ,,,,NBZ,2463.0,2017,0.000485805619763117,,,,,,,,,,,,,,,,,,,,,,
AT,NEIN,No -- Citizens' Initiative against EU membership,Nein - Burgerinitiative gegen die EU Mitgliedschaft,1678.0,Nein - Burgerinitiative gegen die EU Mitgliedschaft,75126.0,1995,0.010977312329679391,No family,manual,0.0,,,,,0.0,,,,,0.0,,,,,0.0,,,,
AT,NEOS,NEOS  The New Austria,NEOS - Das Neue Osterreich,1970.0,NEOS - Das Neue Osterreich,888588.0,2019,0.08103497286930587,Liberal,ep_panel,0.0,,,,,0.0,,,,,0.0,,,,,0.0,,,,
AT,NEOS,,NEOS,1970.0,NEOS,429615.0,2024,0.09028188146251541,Liberal,ep_panel,0.0,,,,,0.0,,,,,0.0,,,,,0.0,,,,
AT,NFO,,,,NFO,2899.0,2006,0.0006157644623403425,,,,,,,,,,,,,,,,,,,,,,
AT,OTHER,,,1857.0,OTHER,423141.0,2019,0.017563825764993928,No family,generic,0.0,,,,,0.0,,,,,0.0,,,,,0.0,,,,
AT,OVP,Austrian People's Party,Osterreichische Volkspartei,1329.0,Osterreichische Volkspartei,13663613.0,2019,0.4230108286851697,Christian democratic,ep_panel,0.0,,,,,0.0,,,,,0.0,,,,,0.0,,,,
AT,PILZ,Peter Pilz List,Liste Peter Pilz,6137.0,Liste Peter Pilz,223543.0,2017,0.04409193896009195,Green,manual,1.0,1900.0,2100.0,2100.0,2100.0,0.0,2100.0,2100.0,2100.0,2100.0,0.0,2100.0,2100.0,2100.0,2100.0,0.0,2100.0,2100.0,2100.0,2100.0
AT,PIRAT,,,2591.0,PIRAT,2940.0,2013,0.0006264773625388273,,,0.0,,,,,0.0,,,,,0.0,,,,,0.0,,,,
AT,RETTO,,,,RETTO,3146.0,2008,0.000628685483800058,,,,,,,,,,,,,,,,,,,,,,
AT,SPO,Social Democratic Party of Austria,Sozialdemokratische Partei Osterreichs,1384.0,Sozialdemokratische Partei Osterreichs,14026855.0,2019,0.42780708768359077,Social democratic,ep_panel,0.0,,,,,0.0,,,,,0.0,,,,,0.0,,,,
AT,SPÖ,,SPÖ,1384.0,SPÖ,1006035.0,2024,0.21141424907682854,Social democratic,ep_panel,0.0,,,,,0.0,,,,,0.0,,,,,0.0,,,,
AT,VDS,,,,VDS,42231.0,1990,0.008975972678661836,,,,,,,,,,,,,,,,,,,,,,
AT,VGO,United Greens Austria,Vereinte Grune Osterreichs,1170.0,Vereinte Grune Osterreichs,85879.0,1990,0.018253121111761497,Green,manual,0.0,,,,,0.0,,,,,0.0,,,,,0.0,,,,
AT,other parties,,other parties,,other parties,73310.0,2024,0.015405804569246895,No family,generic,0.0,,,,,0.0,,,,,0.0,,,,,0.0,,,,
AT,ÖVP,,ÖVP,1329.0,ÖVP,1254160.0,2024,0.2635567297581051,Christian democratic,ep_panel,0.0,,,,,0.0,,,,,0.0,,,,,0.0,,,,
BE,CD&V,Christian-Democrat and Flemish / New Flemish Alliance,Christen-Democratisch & Vlaams / Nieuw-Vlaams Alliantie,604.0,Christen-Democratisch & Vlaams / Nieuw-Vlaams Alliantie,7153798.0,2019,0.1851121810245587,Christian democratic,manual_override,0.0,,,,,0.0,,,,,0.0,,,,,0.0,,,,
BE,CDH,Humanist Democratic Centre,Centre democrate humaniste,2338.0,Centre democrate humaniste,3022372.0,2019,0.0773641060926688,Christian democratic,ess_build,0.0,,,,,0.0,,,,,0.0,,,,,0.0,,,,
BE,COLLECTIF CITOYEN,,,,COLLECTIF CITOYEN,21092.0,2019,0.0031106676195900677,,,,,,,,,,,,,,,,,,,,,,
BE,DIERANIMAL,,,,DIERANIMAL,47733.0,2019,0.007039706878716703,,,,,,,,,,,,,,,,,,,,,,
BE,ECOLO,Confederated ecologists for the organisation of original struggles,Ecologistes Confederes pour l'organisation de luttes originales,1563.0,Ecologistes Confederes pour l'organisation de luttes originales,2506786.0,2019,0.07358795534137508,Green,ep_panel,0.0,,,,,0.0,,,,,0.0,,,,,0.0,,,,
BE,FDF,Front Démocratique des Francophones / DéFI,Democratic Front of Francophones,698.0,Democratic Front of Francophones,362591.0,2019,0.02218024587429493,Regionalist,ep_panel,0.0,,,,,0.0,,,,,0.0,,,,,0.0,,,,
BE,FN,National Front,Front National,191.0,Front National,555286.0,2007,0.022808865246766934,Radical right,ess_build,1.0,1900.0,2100.0,1900.0,2100.0,1.0,1900.0,2100.0,1900.0,2100.0,0.0,2100.0,2100.0,2100.0,2100.0,1.0,1900.0,2100.0,1900.0,2100.0
BE,GROEN!,Agalev -- Green,Agalev - Groen,528.0,Agalev - Groen,2489862.0,2019,0.0699137152212864,Green,ep_panel,0.0,,,,,0.0,,,,,0.0,,,,,0.0,,,,
BE,LDD,"List Dedecker / Libertarian, Direct, Democratic","Lijst Dedecker / Libertair, Direct, Democratisch",43.0,"Lijst Dedecker / Libertair, Direct, Democratisch",447639.0,2014,0.04026885072908672,No family,ess_build,1.0,1900.0,2100.0,1900.0,2100.0,0.0,2100.0,2100.0,2100.0,2100.0,0.0,2100.0,2100.0,2100.0,2100.0,1.0,1900.0,2100.0,2100.0,2100.0
BE,LES BELGES D'ABORD,,,,LES BELGES D'ABORD,10463.0,2019,0.0015430928932187978,,,,,,,,,,,,,,,,,,,,,,
BE,LISTES DESTEXHE,,,,LISTES DESTEXHE,42712.0,2019,0.006299205166315712,,,,,,,,,,,,,,,,,,,,,,
BE,MR,Reformist Movement,Mouvement Reformateur,789.0,Mouvement Reformateur,5107843.0,2019,0.12517282832885648,Liberal,ep_panel,0.0,,,,,0.0,,,,,0.0,,,,,0.0,,,,
BE,N-VA,New Flemish Alliance,Nieuw-Vlaamse Alliantie,36.0,Nieuw-Vlaamse Alliantie,4782416.0,2019,0.20259285019438666,Regionalist,ep_panel,1.0,2019.0,2025.0,2100.0,2100.0,1.0,2019.0,2025.0,2100.0,2100.0,0.0,2100.0,2100.0,2100.0,2100.0,0.0,2100.0,2100.0,2100.0,2100.0
BE,OPENVLD,Party of Liberty and Progress -- Open Flemish Liberals and Democrats,Partij voor Vrijheid en Vooruitgang - Open Vlaamse Liberalen en Democraten,49.0,Partij voor Vrijheid en Vooruitgang - Open Vlaamse Liberalen en Democraten,6026686.0,2019,0.15355964352212026,Liberal,ep_panel,0.0,,,,,0.0,,,,,0.0,,,,,0.0,,,,
BE,OTHER,,,1834.0,OTHER,1580567.0,2019,0.04842810278631491,No family,generic,0.0,,,,,0.0,,,,,0.0,,,,,0.0,,,,
BE,PAPTB,Workers' Party of Belgium,Partij van de Arbeid van Belgie - Parti du Travail de Belgique,1753.0,Partij van de Arbeid van Belgie - Parti du Travail de Belgique,835897.0,2019,0.0862204444544076,Radical left,ep_panel,1.0,1900.0,2100.0,2100.0,2100.0,0.0,2100.0,2100.0,2100.0,2100.0,1.0,1900.0,2100.0,1900.0,2100.0,1.0,1900.0,2100.0,1900.0,2100.0
BE,PARTI POPULAIRE,People's Party,Parti populaire,639.0,Parti populaire,261682.0,2019,0.015209472185455895,Radical right,ep_panel,1.0,1900.0,2100.0,1900.0,2100.0,1.0,1900.0,2100.0,1900.0,2100.0,0.0,2100.0,2100.0,2100.0,2100.0,1.0,1900.0,2100.0,1900.0,2100.0
BE,PS,Socialist Party [Francophone],Parti Socialiste,500.0,Parti Socialiste,6087674.0,2019,0.13704499838909012,Social democratic,ep_panel,0.0,,,,,0.0,,,,,0.0,,,,,0.0,,,,
BE,ROSSEM,Radical Reformers Fighting for an Upright Society,Radikale Omvormers Strijdersen Stubbelaars vor Maatschappij,1016.0,Radikale Omvormers Strijdersen Stubbelaars vor Maatschappij,198182.0,1991,0.0321611253196931,No family,manual,0.0,,,,,0.0,,,,,0.0,,,,,0.0,,,,
BE,SP,Socialist Party Differently,Socialistische Partij Anders,1680.0,Socialistische Partij Anders,5411299.0,2019,0.1490751407179556,Social democratic,ep_panel,0.0,,,,,0.0,,,,,0.0,,,,,0.0,,,,
BE,VB,Flemish Interest,Vlaams Belang,553.0,Vlaams Belang,4626384.0,2019,0.11989219589409056,Radical right,ess_build,1.0,1900.0,2100.0,1900.0,2100.0,1.0,1900.0,2100.0,1900.0,2100.0,0.0,2100.0,2100.0,2100.0,2100.0,1.0,1900.0,2100.0,1900.0,2100.0
BE,VIVANT,Alive,Vivant,76.0,Vivant,165296.0,2003,0.01351110398749677,No family,manual,0.0,,,,,0.0,,,,,0.0,,,,,0.0,,,,
BE,,,Agora,,Agora,3473.0,2024,0.0004972149947329284,,,,,,,,,,,,,,,,,,,,,,
BE,,,BELG.UNIE-BUB,,BELG.UNIE-BUB,15780.0,2024,0.002259157102472102,,,,,,,,,,,,,,,,,,,,,,
BE,,,BLANCO,,BLANCO,37421.0,2024,0.005357409247883937,,,,,,,,,,,,,,,,,,,,,,
BE,,,CD&V,604.0,CD&V,557392.0,2024,0.07979949909132636,Christian democratic,manual_override,0.0,,,,,0.0,,,,,0.0,,,,,0.0,,,,
BE,,,CHEZ NOUS,,CHEZ NOUS,64058.0,2024,0.009170917976562606,,,,,,,,,,,,,,,,,,,,,,
BE,,,COLLECTIF CITOYEN,,COLLECTIF CITOYEN,35706.0,2024,0.005111879816278129,,,,,,,,,,,,,,,,,,,,,,
BE,,,DierAnimal,,DierAnimal,10341.0,2024,0.0014804780479508242,,,,,,,,,,,,,,,,,,,,,,
BE,,,DéFI,698.0,DéFI,84024.0,2024,0.012029367324341945,Regionalist,ep_panel,0.0,,,,,0.0,,,,,0.0,,,,,0.0,,,,
BE,,,ECOLO,1563.0,ECOLO,204438.0,2024,0.029268539905905677,Green,ep_panel,0.0,,,,,0.0,,,,,0.0,,,,,0.0,,,,
BE,,,GROEN,528.0,GROEN,324608.0,2024,0.046472780020232196,Green,ep_panel,0.0,,,,,0.0,,,,,0.0,,,,,0.0,,,,
BE,,,GV-GEZOND VERSTAND,,GV-GEZOND VERSTAND,2352.0,2024,0.0003367260776308228,,,,,,,,,,,,,,,,,,,,,,
BE,,,LES ENGAGÉS,633.0,LES ENGAGÉS,472755.0,2024,0.06768237110134338,Christian democratic,ep_panel,0.0,,,,,0.0,,,,,0.0,,,,,0.0,,,,
BE,,,LUTTE OUVRIERE,,LUTTE OUVRIERE,6552.0,2024,0.0009380226448287206,,,,,,,,,,,,,,,,,,,,,,
BE,,,MR,789.0,MR,716934.0,2024,0.10264046502558517,Liberal,ep_panel,0.0,,,,,0.0,,,,,0.0,,,,,0.0,,,,
BE,,,N-VA,36.0,N-VA,1167061.0,2024,0.16708327928822522,Regionalist,ep_panel,1.0,2019.0,2025.0,2100.0,2100.0,1.0,2019.0,2025.0,2100.0,2100.0,0.0,2100.0,2100.0,2100.0,2100.0,0.0,2100.0,2100.0,2100.0,2100.0
BE,,,PS,500.0,PS,561602.0,2024,0.08040222731701759,Social democratic,ep_panel,0.0,,,,,0.0,,,,,0.0,,,,,0.0,,,,
BE,,,PTB,1753.0,PTB,246211.0,2024,0.035249006930086105,Radical left,ep_panel,1.0,1900.0,2100.0,2100.0,2100.0,0.0,2100.0,2100.0,2100.0,2100.0,1.0,1900.0,2100.0,1900.0,2100.0,1.0,1900.0,2100.0,1900.0,2100.0
BE,,,PTB-PVDA,1753.0,PTB-PVDA,86927.0,2024,0.01244497778495516,Radical left,manual,1.0,1900.0,2100.0,2100.0,2100.0,0.0,2100.0,2100.0,2100.0,2100.0,1.0,1900.0,2100.0,1900.0,2100.0,1.0,1900.0,2100.0,1900.0,2100.0
BE,,,PVDA,1753.0,PVDA,355231.0,2024,0.05085694782435154,Radical left,ep_panel,1.0,1900.0,2100.0,2100.0,2100.0,0.0,2100.0,2100.0,2100.0,2100.0,1.0,1900.0,2100.0,1900.0,2100.0,1.0,1900.0,2100.0,1900.0,2100.0
BE,,,Parti.j BLANCO,,Parti.j BLANCO,3287.0,2024,0.0004705861467570215,,,,,,,,,,,,,,,,,,,,,,
BE,,,Partij BLANCO,,Partij BLANCO,34975.0,2024,0.005007225580415828,,,,,,,,,,,,,,,,,,,,,,
BE,,,RMC,,RMC,4025.0,2024,0.0005762425435646521,,,,,,,,,,,,,,,,,,,,,,
BE,,,Team Fouad Ahidar,,Team Fouad Ahidar,24826.0,2024,0.0035542353755369078,,,,,,,,,,,,,,,,,,,,,,
BE,,,VLAAMS BELANG,1968.0,VLAAMS BELANG,961601.0,2024,0.13766842388430137,Radical right,ep_panel,1.0,1900.0,2100.0,1900.0,2100.0,1.0,1900.0,2100.0,1900.0,2100.0,0.0,2100.0,2100.0,2100.0,2100.0,1.0,1900.0,2100.0,1900.0,2100.0
BE,,,Volt Europa,,Volt Europa,7245.0,2024,0.0010372365784163738,,,,,,,,,,,,,,,,,,,,,,
BE,,,Voor U,,Voor U,41812.0,2024,0.005986050492304406,,,,,,,,,,,,,,,,,,,,,,
BE,,,Voor U / Pour Vous,,Voor U / Pour Vous,1534.0,2024,0.00021961641287656554,,,,,,,,,,,,,,,,,,,,,,
BE,,,Vooruit,,Vooruit,566436.0,2024,0.0810942910326925,Social democratic,manual,0.0,,,,,0.0,,,,,0.0,,,,,0.0,,,,
BE,,,l'Unie,,l'Unie,5640.0,2024,0.0008074553902371771,,,,,,,,,,,,,,,,,,,,,,
BE,,,open vld,49.0,open vld,380659.0,2024,0.05449736904118681,Liberal,ep_panel,0.0,,,,,0.0,,,,,0.0,,,,,0.0,,,,
BG,ABC,Alternative for Bulgarian Revival,Alternativa za balgarsko vazrazhdane,3187.0,Alternativa za balgarsko vazrazhdane,136223.0,2014,0.041491365800987765,Social democratic,ep_panel,1.0,1900.0,2100.0,1900.0,2100.0,1.0,1900.0,2100.0,1900.0,2100.0,0.0,2100.0,2100.0,2100.0,2100.0,1.0,1900.0,2100.0,1900.0,2100.0
BG,ABC-MOVEMENT 21,,,3200.0,ABC-MOVEMENT 21,54412.0,2017,0.015486595948757504,No family,manual,0.0,,,,,0.0,,,,,0.0,,,,,0.0,,,,
BG,ATAKA,National Union Attack,Natsionalen Sayuz Ataka,1793.0,Natsionalen Sayuz Ataka,1099324.0,2014,0.09363813075355018,Radical right,ep_panel,1.0,1900.0,2100.0,1900.0,2100.0,1.0,1900.0,2100.0,1900.0,2100.0,0.0,2100.0,2100.0,2100.0,2100.0,1.0,1900.0,2100.0,1900.0,2100.0
BG,BNS,Bulgarian People's Union,Balgarski Naroden Sajuz,263.0,Balgarski Naroden Sajuz,189268.0,2005,0.05188015822697199,No family,ep_panel,0.0,,,,,0.0,,,,,0.0,,,,,0.0,,,,
BG,C-FD,Center-Freedom and Dignity,Center-svoboda i dostojnstvo,4095.0,Center-svoboda i dostojnstvo,57611.0,2013,0.016264209056813642,No family,manual,0.0,,,,,0.0,,,,,0.0,,,,,0.0,,,,
BG,CL-MB,,,,CL-MB,728.0,2013,0.0002055222820878015,,,,,,,,,,,,,,,,,,,,,,
BG,CP,Bulgaria without Censorship,Balgarija bes Zensura,3188.0,Balgarija bes Zensura,186938.0,2014,0.0569383506464037,Radical right,ep_panel,1.0,1900.0,2100.0,1900.0,2100.0,1.0,1900.0,2100.0,2100.0,2100.0,0.0,2100.0,2100.0,2100.0,2100.0,1.0,1900.0,2100.0,1900.0,2100.0
BG,DBG,Bulgaria for Citizens Movement,"""Dvizhenie """"Bulgariya na grazhdanite""""""",2058.0,"""Dvizhenie """"Bulgariya na grazhdanite""""""",115190.0,2013,0.03251938416716189,No family,ches_link,0.0,,,,,0.0,,,,,0.0,,,,,0.0,,,,
BG,DOST ALL.,"Democrats for Responsibility, Solidarity and Tolerance","Demokrati za Otgovornost, Svoboda i Tolerantnost",5860.0,"Demokrati za Otgovornost, Svoboda i Tolerantnost",100479.0,2017,0.02859806061779029,No family,manual,0.0,,,,,0.0,,,,,0.0,,,,,0.0,,,,
BG,DPS,Movement for Rights and Freedoms,Dvizhenie za prava i svobodi,982.0,Dvizhenie za prava i svobodi,2281497.0,2017,0.14837329223477955,Liberal,ep_panel,0.0,,,,,0.0,,,,,0.0,,,,,0.0,,,,
BG,DSB,Democrats for a Strong Bulgaria,Demokrati za Silna Balgarija,1195.0,Demokrati za Silna Balgarija,234788.0,2005,0.06435762299910339,Conservative,ep_panel,0.0,,,,,0.0,,,,,0.0,,,,,0.0,,,,
BG,DSB-BDF,,,,DSB-BDF,103638.0,2013,0.029258129493153255,Conservative,manual,0.0,,,,,0.0,,,,,0.0,,,,,0.0,,,,
BG,EVROROMA,,,2055.0,EVROROMA,45637.0,2005,0.012509535584485074,No family,manual,0.0,,,,,0.0,,,,,0.0,,,,,0.0,,,,
BG,GERB,Citizens for European Development of Bulgaria,Grazhdani za evropeysko razvitie na Balgariya,760.0,Grazhdani za evropeysko razvitie na Balgariya,4980029.0,2017,0.3971991353924748,Conservative,ep_panel,1.0,1900.0,2100.0,1900.0,2100.0,0.0,2100.0,2100.0,2100.0,2100.0,0.0,2100.0,2100.0,2100.0,2100.0,0.0,2100.0,2100.0,2100.0,2100.0
BG,IMRO-BNP,IMRO -- Bulgarian National Movement,VMRO - Bulgarsko Natsionalno Dvizhenie,2056.0,VMRO - Bulgarsko Natsionalno Dvizhenie,66803.0,2013,0.01885921017899918,Radical right,ep_panel,1.0,1900.0,2100.0,1900.0,2100.0,1.0,1900.0,2100.0,1900.0,2100.0,0.0,2100.0,2100.0,2100.0,2100.0,1.0,1900.0,2100.0,1900.0,2100.0
BG,IMRO/NFSB,Patriotic Front,Patriotichen front,5649.0,Patriotichen front,239101.0,2014,0.07282637333183072,Radical right,manual,1.0,1900.0,2100.0,1900.0,2100.0,1.0,1900.0,2100.0,1900.0,2100.0,0.0,2100.0,2100.0,2100.0,2100.0,1.0,1900.0,2100.0,1900.0,2100.0
BG,IMRO/NFSB/ATTAKA,United Patriots,Obedineni Patrioti,6115.0,Obedineni Patrioti,318513.0,2017,0.09065430668651397,Radical right,manual,0.0,,,,,1.0,1900.0,2100.0,1900.0,2100.0,0.0,,,,,0.0,,,,
BG,KB,Coalition for Bulgaria -- Democratic Left,Koalicija za Balgarija - Koalicija za Balgarija,1665.0,Koalicija za Balgarija - Koalicija za Balgarija,4280901.0,2017,0.3095233592010475,Social democratic,ep_panel,0.0,,,,,0.0,,,,,0.0,,,,,0.0,,,,
BG,KNR,,,2054.0,KNR,47410.0,2005,0.012995531740921561,No family,manual,0.0,,,,,0.0,,,,,0.0,,,,,0.0,,,,
BG,LA,,,,LA,2292.0,2013,0.0006470564155841223,,,,,,,,,,,,,,,,,,,,,,
BG,LIDER,Lider,Lider,265.0,Lider,199277.0,2013,0.03260497918340256,Conservative,ep_panel,0.0,,,,,0.0,,,,,0.0,,,,,0.0,,,,
BG,"MOVEMENT ""YES, BULGARIA""","Yes, Bulgaria!",Da Bulgaria,5861.0,Da Bulgaria,101177.0,2017,0.028796723485764866,Green,ep_panel,0.0,,,,,0.0,,,,,0.0,,,,,0.0,,,,
BG,MOVEMENT 21,,,3200.0,MOVEMENT 21,39221.0,2014,0.011946094698256103,No family,manual,0.0,,,,,0.0,,,,,0.0,,,,,0.0,,,,
BG,NA!,,,,NA!,1108.0,2013,0.00031280039636440117,,,,,,,,,,,,,,,,,,,,,,
BG,NDSV,National Movement (Simeon II) for Stability and Progress,Nacionalno dvizenie (Simeon Vtori) za stabilnost i vazhod,374.0,Nacionalno dvizenie (Simeon Vtori) za stabilnost i vazhod,852784.0,2009,0.1988154631751694,Liberal,ep_panel,1.0,1900.0,2100.0,1900.0,2100.0,0.0,2100.0,2100.0,2100.0,2100.0,0.0,2100.0,2100.0,2100.0,2100.0,0.0,2100.0,2100.0,2100.0,2100.0
BG,NFSB,National Front for the Salvation of Bulgaria,Natzionalen Front za Spasenie na Bulgaria,2057.0,Natzionalen Front za Spasenie na Bulgaria,131169.0,2013,0.0370304288724929,Radical right,ep_panel,1.0,1900.0,2100.0,1900.0,2100.0,1.0,1900.0,2100.0,1900.0,2100.0,0.0,2100.0,2100.0,2100.0,2100.0,1.0,1900.0,2100.0,1900.0,2100.0
BG,NO ONE,,,,NO ONE,87850.0,2017,0.025003628870439363,No family,manual,0.0,,,,,0.0,,,,,0.0,,,,,0.0,,,,
BG,NR,,,,NR,86984.0,2017,0.02475715029785199,No family,manual,0.0,,,,,0.0,,,,,0.0,,,,,0.0,,,,
BG,NV,New Times,Hoboto Bpeme,2022.0,Hoboto Bpeme,107758.0,2005,0.029537492287243738,No family,manual,0.0,,,,,0.0,,,,,0.0,,,,,0.0,,,,
BG,ODS,United Democratic Forces,Obedineni Demokratichni Sili,1183.0,Obedineni Demokratichni Sili,280323.0,2005,0.07683919941384423,Conservative,ess_build,0.0,,,,,0.0,,,,,0.0,,,,,0.0,,,,
BG,OTHER,,,1835.0,OTHER,517029.0,2017,0.04127101980551607,No family,generic,0.0,,,,,0.0,,,,,0.0,,,,,0.0,,,,
BG,PROUD,,,,PROUD,3709.0,2013,0.0010470908575050215,,,,,,,,,,,,,,,,,,,,,,
BG,PV,People's Voice,People's Voice,2024.0,People's Voice,84754.0,2014,0.013386897107584422,No family,manual,0.0,,,,,0.0,,,,,0.0,,,,,0.0,,,,
BG,RB,Reformist Bloc,Reformatorski Blok,3189.0,Reformatorski Blok,399213.0,2017,0.08887948062311823,Conservative,manual,0.0,,,,,0.0,,,,,0.0,,,,,0.0,,,,
BG,REPUBLIC BG,,,,REPUBLIC BG,5041.0,2014,0.0015354086681601442,,,,,,,,,,,,,,,,,,,,,,
BG,REVIVAL,,,5862.0,REVIVAL,37896.0,2017,0.01078585679765703,Radical right,ep_panel,1.0,1900.0,2100.0,1900.0,2100.0,1.0,1900.0,2100.0,1900.0,2100.0,0.0,2100.0,2100.0,2100.0,2100.0,1.0,1900.0,2100.0,1900.0,2100.0
BG,RZS,"Order, Law and Justice","Red, zakonnost i spravedlivost",272.0,"Red, zakonnost i spravedlivost",233727.0,2013,0.04130949944335271,Radical right,ep_panel,1.0,1900.0,2100.0,1900.0,2100.0,1.0,1900.0,2100.0,1900.0,2100.0,0.0,2100.0,2100.0,2100.0,2100.0,1.0,1900.0,2100.0,1900.0,2100.0
BG,SDS,Union of Democratic Forces,Sayuz na Demokratichni Sili,482.0,Sayuz na Demokratichni Sili,48681.0,2013,0.01374317337131355,Conservative,ess_build,0.0,,,,,0.0,,,,,0.0,,,,,0.0,,,,
BG,SINIATA,Blue Coalition,Sinyata koalitsia,58.0,Sinyata koalitsia,285662.0,2009,0.06759318961855759,Conservative,ess_build,0.0,,,,,0.0,,,,,0.0,,,,,0.0,,,,
BG,VOLYA,Will,Volya,5863.0,Volya,145637.0,2017,0.04145080817079314,Radical right,ep_panel,1.0,1900.0,2100.0,1900.0,2100.0,1.0,1900.0,2100.0,1900.0,2100.0,0.0,2100.0,2100.0,2100.0,2100.0,1.0,1900.0,2100.0,1900.0,2100.0
BG,ZELENITE,,,659.0,ZELENITE,23440.0,2014,0.003934565996507815,Green,ess_build,0.0,,,,,0.0,,,,,0.0,,,,,0.0,,,,
BG,,,29,,29,2000.0,2024,0.0008208644030509888,,,,,,,,,,,,,,,,,,,,,,
BG,,,A Coalition for you Bulgaria,,A Coalition for you Bulgaria,4850.0,2022,0.002005853784425724,,,,,,,,,,,,,,,,,,,,,,
BG,,,ATTACK,1793.0,ATTACK,11740.0,2021,0.004825066673461763,Radical right,ep_panel,1.0,1900.0,2100.0,1900.0,2100.0,1.0,1900.0,2100.0,1900.0,2100.0,0.0,2100.0,2100.0,2100.0,2100.0,1.0,1900.0,2100.0,1900.0,2100.0
BG,,,Alternativa za Balgarsko Vazrazhdane,3187.0,Alternativa za Balgarsko Vazrazhdane,14218.0,2021,0.0046199071924397025,Social democratic,ep_panel,1.0,1900.0,2100.0,1900.0,2100.0,1.0,1900.0,2100.0,1900.0,2100.0,0.0,2100.0,2100.0,2100.0,2100.0,1.0,1900.0,2100.0,1900.0,2100.0
BG,,,Ataka,1793.0,Ataka,15143.0,2021,0.004920470854910284,Radical right,ep_panel,1.0,1900.0,2100.0,1900.0,2100.0,1.0,1900.0,2100.0,1900.0,2100.0,0.0,2100.0,2100.0,2100.0,2100.0,1.0,1900.0,2100.0,1900.0,2100.0
BG,,,Attack,1793.0,Attack,12266.0,2021,0.004750512870264833,Radical right,ep_panel,1.0,1900.0,2100.0,1900.0,2100.0,1.0,1900.0,2100.0,1900.0,2100.0,0.0,2100.0,2100.0,2100.0,2100.0,1.0,1900.0,2100.0,1900.0,2100.0
BG,,,Attack Party,,Attack Party,7236.0,2022,0.002992651130743204,,,,,,,,,,,,,,,,,,,,,,
BG,,,BNO,,BNO,2304.0,2021,0.0009469296095107242,,,,,,,,,,,,,,,,,,,,,,
BG,,,BRIGADE,,BRIGADE,1093.0,2021,0.00044921617326181495,,,,,,,,,,,,,,,,,,,,,,
BG,,,BSDD - Bulgarian Union for Direct Democracy,,BSDD - Bulgarian Union for Direct Democracy,5684.0,2021,0.002336088498463089,,,,,,,,,,,,,,,,,,,,,,
BG,,,BSP FOR BULGARIA,1665.0,BSP FOR BULGARIA,714265.0,2023,0.10797011417817483,Social democratic,ep_panel,0.0,,,,,0.0,,,,,0.0,,,,,0.0,,,,
BG,,,BSP for Bulgaria,1665.0,BSP for Bulgaria,359700.0,2021,0.13930861563951252,Social democratic,ep_panel,0.0,,,,,0.0,,,,,0.0,,,,,0.0,,,,
BG,,,BSP za Bŭlgariya,1665.0,BSP za Bŭlgariya,469048.0,2021,0.15240949703189322,Social democratic,ep_panel,0.0,,,,,0.0,,,,,0.0,,,,,0.0,,,,
BG,,,BULGARIAN PROGRESSIVE LINE,,BULGARIAN PROGRESSIVE LINE,1446.0,2021,0.0005942969684689702,,,,,,,,,,,,,,,,,,,,,,
BG,,,BULGARIAN SOCIAL DEMOCRACY - EUROLEFT,,BULGARIAN SOCIAL DEMOCRACY - EUROLEFT,15835.0,2023,0.005491287548903119,,,,,,,,,,,,,,,,,,,,,,
BG,,,Blaguodyenstviye-Obyedinyeniye-Guradivnost,,Blaguodyenstviye-Obyedinyeniye-Guradivnost,1523.0,2021,0.0004948740085866976,,,,,,,,,,,,,,,,,,,,,,
BG,,,Brigade,,Brigade,2121.0,2021,0.0008214444641962915,,,,,,,,,,,,,,,,,,,,,,
BG,,,Bulgaria Patriots,,Bulgaria Patriots,84062.0,2021,0.03255646607697721,Radical right,manual,0.0,,,,,1.0,1900.0,2100.0,1900.0,2100.0,0.0,,,,,0.0,,,,
BG,,,Bulgaria Union of Direct Democracy,,Bulgaria Union of Direct Democracy,81.0,2021,3.137058066944819e-05,,,,,,,,,,,,,,,,,,,,,,
BG,,,Bulgaria of Labor and Intelligence,,Bulgaria of Labor and Intelligence,2515.0,2022,0.0010401489212022053,,,,,,,,,,,,,,,,,,,,,,
BG,,,Bulgaria of Labor and Reason,,Bulgaria of Labor and Reason,3755.0,2021,0.001454278153256518,,,,,,,,,,,,,,,,,,,,,,
BG,,,Bulgarian National Movement,2056.0,Bulgarian National Movement,18849.0,2022,0.007795533604668139,Radical right,ep_panel,1.0,1900.0,2100.0,1900.0,2100.0,1.0,1900.0,2100.0,1900.0,2100.0,0.0,2100.0,2100.0,2100.0,2100.0,1.0,1900.0,2100.0,1900.0,2100.0
BG,,,Bulgarian National Union,8260.0,Bulgarian National Union,3717.0,2023,0.000886867445862438,,,0.0,,,,,0.0,,,,,0.0,,,,,0.0,,,,
BG,,,Bulgarian National Union - ND,,Bulgarian National Union - ND,7194.0,2023,0.0017358387970428,,,,,,,,,,,,,,,,,,,,,,
BG,,,Bulgarian National Union - New Democracy,8260.0,Bulgarian National Union - New Democracy,4476.0,2022,0.0008974668494526979,,,0.0,,,,,0.0,,,,,0.0,,,,,0.0,,,,
BG,,,Bulgarian Path Socialist Party,,Bulgarian Path Socialist Party,682.0,2023,0.0002774511917789829,,,,,,,,,,,,,,,,,,,,,,
BG,,,Bulgarian Rise,9060.0,Bulgarian Rise,188436.0,2023,0.0467020661948292,Radical right,manual,1.0,1900.0,2100.0,1900.0,2100.0,1.0,1900.0,2100.0,2100.0,2100.0,0.0,2100.0,2100.0,2100.0,2100.0,1.0,1900.0,2100.0,2100.0,2100.0
BG,,,Bulgarian Summer,9061.0,Bulgarian Summer,45336.0,2021,0.017558230188025964,No family,manual,0.0,,,,,0.0,,,,,0.0,,,,,0.0,,,,
BG,,,Bulgarian Union for Direct Democracy,,Bulgarian Union for Direct Democracy,7733.0,2023,0.0022295995364616655,,,,,,,,,,,,,,,,,,,,,,
BG,,,Bulgarski sǎyuz za direktna demokratsiya,,Bulgarski sǎyuz za direktna demokratsiya,3174.0,2021,0.0010313395293855407,,,,,,,,,,,,,,,,,,,,,,
BG,,,Bŭlgarska progresivna liniya,,Bŭlgarska progresivna liniya,3588.0,2021,0.0011658620766966982,,,,,,,,,,,,,,,,,,,,,,
BG,,,Bŭlgarsko natsionalno obedinenie,,Bŭlgarsko natsionalno obedinenie,85504.0,2021,0.027783130157713064,Radical right,manual,0.0,,,,,1.0,1900.0,2100.0,1900.0,2100.0,0.0,,,,,0.0,,,,
BG,,,"COALITION NEUTRAL BULGARIA (ATTACK, RUSSOPHILS, COMMUNISTS)",,"COALITION NEUTRAL BULGARIA (ATTACK, RUSSOPHILS, COMMUNISTS)",10003.0,2023,0.004069419752734847,,,,,,,,,,,,,,,,,,,,,,
BG,,,COALITION WE CONTINUE THE CHANGE - DEMOCRATIC BULGARIA,,COALITION WE CONTINUE THE CHANGE - DEMOCRATIC BULGARIA,573830.0,2023,0.23344548002717558,Liberal,manual,0.0,,,,,0.0,,,,,0.0,,,,,0.0,,,,
BG,,,Citizens for European Development of Bulgaria-Union of Democratic Forces,760.0,Citizens for European Development of Bulgaria-Union of Democratic Forces,1901362.0,2023,0.26656062227176386,Conservative,manual,1.0,1900.0,2100.0,1900.0,2100.0,0.0,2100.0,2100.0,2100.0,2100.0,0.0,2100.0,2100.0,2100.0,2100.0,0.0,2100.0,2100.0,2100.0,2100.0
BG,,,Citizens of the Protest,,Citizens of the Protest,2180.0,2021,0.0007083554423630997,,,,,,,,,,,,,,,,,,,,,,
BG,,,Coalition For Bulgaria,1665.0,Coalition For Bulgaria,8561.0,2022,0.0035406421130863143,Social democratic,ep_panel,0.0,,,,,0.0,,,,,0.0,,,,,0.0,,,,
BG,,,Conservative Association of the Right,,Conservative Association of the Right,13865.0,2022,0.0029442241574550673,,,,,,,,,,,,,,,,,,,,,,
BG,,,Conservative Union of the Right,,Conservative Union of the Right,7380.0,2023,0.0030023310781948586,,,,,,,,,,,,,,,,,,,,,,
BG,,,"DEMOCRATIC BULGARIA - UNITY (YES Bulgaria, DSB, Green Movement)",,"DEMOCRATIC BULGARIA - UNITY (YES Bulgaria, DSB, Green Movement)",319017.0,2022,0.07015153088001562,Liberal,manual,0.0,,,,,0.0,,,,,0.0,,,,,0.0,,,,
BG,,,DIRECT DEMOCRACY,,DIRECT DEMOCRACY,1235.0,2021,0.0005075772863479793,,,,,,,,,,,,,,,,,,,,,,
BG,,,David Leon Levy,,David Leon Levy,142.0,2021,5.499533895137831e-05,,,,,,,,,,,,,,,,,,,,,,
BG,,,David Leon Levy - independent,2633.0,David Leon Levy - independent,53.0,2021,2.1782668968779683e-05,,,0.0,,,,,0.0,,,,,0.0,,,,,0.0,,,,
BG,,,Democratic Bulgaria,9083.0,Democratic Bulgaria,310522.0,2021,0.12026241297084433,Green,ess_build,0.0,,,,,0.0,,,,,0.0,,,,,0.0,,,,
BG,,,Demokratichna Balgariya,9083.0,Demokratichna Balgariya,272391.0,2021,0.08850901252326931,Green,ess_build,0.0,,,,,0.0,,,,,0.0,,,,,0.0,,,,
BG,,,Direct Democracy,,Direct Democracy,9841.0,2022,0.0015699424671505255,,,,,,,,,,,,,,,,,,,,,,
BG,,,Dvizhenie za prava i svobodi,982.0,Dvizhenie za prava i svobodi,313302.0,2021,0.1018023746803871,Liberal,ep_panel,0.0,,,,,0.0,,,,,0.0,,,,,0.0,,,,
BG,,,Euroleft,,Euroleft,5198.0,2022,0.0021497789631845184,,,,,,,,,,,,,,,,,,,,,,
BG,,,GERB-SDS,760.0,GERB-SDS,578726.0,2021,0.23785277135143376,Conservative,ep_panel,1.0,1900.0,2100.0,1900.0,2100.0,0.0,2100.0,2100.0,2100.0,2100.0,0.0,2100.0,2100.0,2100.0,2100.0,0.0,2100.0,2100.0,2100.0,2100.0
BG,,,GERB-Sayuz na demokratichnite sili,760.0,GERB-Sayuz na demokratichnite sili,823009.0,2021,0.26742335057973043,Conservative,manual,1.0,1900.0,2100.0,1900.0,2100.0,0.0,2100.0,2100.0,2100.0,2100.0,0.0,2100.0,2100.0,2100.0,2100.0,0.0,2100.0,2100.0,2100.0,2100.0
BG,,,GET UP BG! WE ARE COMING!,,GET UP BG! WE ARE COMING!,57417.0,2021,0.0235980283807627,Liberal,manual,0.0,,,,,0.0,,,,,0.0,,,,,0.0,,,,
BG,,,Glas Naroden,2024.0,Glas Naroden,12100.0,2021,0.0025387069133866506,,,0.0,,,,,0.0,,,,,0.0,,,,,0.0,,,,
BG,,,Green Party,659.0,Green Party,2939.0,2021,0.0011382485998457806,Green,ess_build,0.0,,,,,0.0,,,,,0.0,,,,,0.0,,,,
BG,,,I do not support anyone,,I do not support anyone,33242.0,2021,0.012874331390293788,No family,manual,0.0,,,,,0.0,,,,,0.0,,,,,0.0,,,,
BG,,,I'm not rooting for anyone,,I'm not rooting for anyone,221793.0,2023,0.04248176429666937,No family,manual,0.0,,,,,0.0,,,,,0.0,,,,,0.0,,,,
BG,,,IC for Petar Konstantinov Nizamov - independent,2633.0,IC for Petar Konstantinov Nizamov - independent,129.0,2021,5.301819428250149e-05,,,0.0,,,,,0.0,,,,,0.0,,,,,0.0,,,,
BG,,,IC for the promotion of Tsvetan Hristov Atanasov with an independent candidate,2633.0,IC for the promotion of Tsvetan Hristov Atanasov with an independent candidate,312.0,2022,0.0001290363671630569,,,0.0,,,,,0.0,,,,,0.0,,,,,0.0,,,,
BG,,,IC for the promotion of Veselin Naydenov Mareshki as an independent candidate for the People's Representative,2633.0,IC for the promotion of Veselin Naydenov Mareshki as an independent candidate for the People's Representative,638.0,2023,0.00025955111489001624,,,0.0,,,,,0.0,,,,,0.0,,,,,0.0,,,,
BG,,,IMRO - Bulgarian National Movement,2056.0,IMRO - Bulgarian National Movement,113761.0,2021,0.0369647814122333,Radical right,ep_panel,1.0,1900.0,2100.0,1900.0,2100.0,1.0,1900.0,2100.0,1900.0,2100.0,0.0,2100.0,2100.0,2100.0,2100.0,1.0,1900.0,2100.0,1900.0,2100.0
BG,,,Ima takav narod,8992.0,Ima takav narod,512697.0,2021,0.16659252762992394,No family,ep_panel,1.0,1900.0,2100.0,1900.0,2100.0,0.0,2100.0,2100.0,2100.0,2100.0,0.0,2100.0,2100.0,2100.0,2100.0,0.0,2100.0,2100.0,2100.0,2100.0
BG,,,Independent,2633.0,Independent,428.0,2021,0.00013907161895936087,No family,generic,0.0,,,,,0.0,,,,,0.0,,,,,0.0,,,,
BG,,,Izpravi se.BG! Nie idvame!,8991.0,Izpravi se.BG! Nie idvame!,143699.0,2021,0.0466926461982271,No family,manual,1.0,1900.0,2100.0,1900.0,2100.0,0.0,2100.0,2100.0,2100.0,2100.0,0.0,2100.0,2100.0,2100.0,2100.0,0.0,2100.0,2100.0,2100.0,2100.0
BG,,,Left Union for a Clean and Holy Republic,,Left Union for a Clean and Holy Republic,9682.0,2021,0.0037497526177974988,,,,,,,,,,,,,,,,,,,,,,
BG,,,Luna Yordanova Yordanova,,Luna Yordanova Yordanova,252.0,2022,0.00010422168117016134,,,,,,,,,,,,,,,,,,,,,,
BG,,,Milen Ganev Milev,,Milen Ganev Milev,286.0,2023,0.00011635049977828314,,,,,,,,,,,,,,,,,,,,,,
BG,,,"Moral, Initziativnost, Rodolyobiye",,"Moral, Initziativnost, Rodolyobiye",3461.0,2021,0.0011245954981737101,,,,,,,,,,,,,,,,,,,,,,
BG,,,"Morality, Initiative and Patriotism",,"Morality, Initiative and Patriotism",3284.0,2021,0.0012718640360304674,,,,,,,,,,,,,,,,,,,,,,
BG,,,"Morality, Initiative, Patriotism",,"Morality, Initiative, Patriotism",4304.0,2022,0.0017800401418903745,,,,,,,,,,,,,,,,,,,,,,
BG,,,Movement for Rights and Freedoms,982.0,Movement for Rights and Freedoms,836415.0,2023,0.1199343403408628,Liberal,ep_panel,0.0,,,,,0.0,,,,,0.0,,,,,0.0,,,,
BG,,,Movement for Rights and Freedoms - DPS,982.0,Movement for Rights and Freedoms - DPS,253257.0,2021,0.10408704518917426,Liberal,ep_panel,0.0,,,,,0.0,,,,,0.0,,,,,0.0,,,,
BG,,,Movement of Independent Candidates,2633.0,Movement of Independent Candidates,26080.0,2022,0.005304217541805156,,,0.0,,,,,0.0,,,,,0.0,,,,,0.0,,,,
BG,,,NATIONAL UNION OF THE RIGHT,,NATIONAL UNION OF THE RIGHT,10847.0,2021,0.004458049251025532,,,,,,,,,,,,,,,,,,,,,,
BG,,,National Association of the Right,,National Association of the Right,7476.0,2021,0.0028953884084542553,,,,,,,,,,,,,,,,,,,,,,
BG,,,National Front for the Salvation of Bulgaria,2057.0,National Front for the Salvation of Bulgaria,3400.0,2022,0.0014061655395974147,Radical right,ep_panel,1.0,1900.0,2100.0,1900.0,2100.0,1.0,1900.0,2100.0,1900.0,2100.0,0.0,2100.0,2100.0,2100.0,2100.0,1.0,1900.0,2100.0,1900.0,2100.0
BG,,,National Movement Unity,,National Movement Unity,4451.0,2022,0.0018408361225729687,,,,,,,,,,,,,,,,,,,,,,
BG,,,National Movement for Stability and Progress,374.0,National Movement for Stability and Progress,6409.0,2023,0.0026073089268497085,Liberal,ep_panel,1.0,1900.0,2100.0,1900.0,2100.0,0.0,2100.0,2100.0,2100.0,2100.0,0.0,2100.0,2100.0,2100.0,2100.0,0.0,2100.0,2100.0,2100.0,2100.0
BG,,,Natsiya,,Natsiya,4043.0,2021,0.0013137069052633083,,,,,,,,,,,,,,,,,,,,,,
BG,,,None of the Above,,None of the Above,44728.0,2021,0.014533634048631526,No family,manual,0.0,,,,,0.0,,,,,0.0,,,,,0.0,,,,
BG,,,OUTSIDE EU and NATO,,OUTSIDE EU and NATO,6102.0,2023,0.002482415208556237,,,,,,,,,,,,,,,,,,,,,,
BG,,,Obshtestvo za Nova Balgariya,,Obshtestvo za Nova Balgariya,3225.0,2021,0.0010479111475325672,,,,,,,,,,,,,,,,,,,,,,
BG,,,"PATRIOTIC FRONT - NFSB, BDS RADICALS AND BNDS ENTIRE BULGARIA",5649.0,"PATRIOTIC FRONT - NFSB, BDS RADICALS AND BNDS ENTIRE BULGARIA",8389.0,2021,0.0034478266033791086,,,0.0,,,,,0.0,,,,,0.0,,,,,0.0,,,,
BG,,,PEACE,,PEACE,3673.0,2023,0.0014942496002994196,,,,,,,,,,,,,,,,,,,,,,
BG,,,PEACE party,,PEACE party,3698.0,2021,0.0015198549027650426,,,,,,,,,,,,,,,,,,,,,,
BG,,,PEOPLE'S PARTY THE TRUTH AND ONLY THE TRUTH,6746.0,PEOPLE'S PARTY THE TRUTH AND ONLY THE TRUTH,9549.0,2023,0.0029445626482350116,,,0.0,,,,,0.0,,,,,0.0,,,,,0.0,,,,
BG,,,PP GRACE - UNITY - CONSTRUCTIVENESS,,PP GRACE - UNITY - CONSTRUCTIVENESS,1595.0,2021,0.00065553503783403,,,,,,,,,,,,,,,,,,,,,,
BG,,,PP HAS SUCH PEOPLE,8992.0,PP HAS SUCH PEOPLE,225189.0,2021,0.09255127249831184,No family,manual,1.0,1900.0,2100.0,1900.0,2100.0,0.0,2100.0,2100.0,2100.0,2100.0,0.0,2100.0,2100.0,2100.0,2100.0,0.0,2100.0,2100.0,2100.0,2100.0
BG,,,PP LAW,,PP LAW,6498.0,2021,0.0026706374143232146,,,,,,,,,,,,,,,,,,,,,,
BG,,,PP SOCIETY FOR NEW BULGARIA,,PP SOCIETY FOR NEW BULGARIA,10979.0,2021,0.004512300426570417,,,,,,,,,,,,,,,,,,,,,,
BG,,,PP VOICE OF THE PEOPLE,,PP VOICE OF THE PEOPLE,10950.0,2021,0.004500381607700708,,,,,,,,,,,,,,,,,,,,,,
BG,,,Partiya na Zelenite,,Partiya na Zelenite,5100.0,2021,0.0016571618147026646,,,,,,,,,,,,,,,,,,,,,,
BG,,,Party of the GREENS,,Party of the GREENS,2693.0,2021,0.0011068061798664847,,,,,,,,,,,,,,,,,,,,,,
BG,,,Patriotic Coalition Volya-NFSB,,Patriotic Coalition Volya-NFSB,75019.0,2021,0.024376200426897882,Radical right,manual,0.0,,,,,1.0,1900.0,2100.0,1900.0,2100.0,0.0,,,,,0.0,,,,
BG,,,People's Voice,2024.0,People's Voice,11159.0,2023,0.0024318392273037642,No family,variant_harmonized,0.0,,,,,0.0,,,,,0.0,,,,,0.0,,,,
BG,,,REVIVAL,5862.0,REVIVAL,672909.0,2023,0.1338266703009247,Radical right,ep_panel,1.0,1900.0,2100.0,1900.0,2100.0,1.0,1900.0,2100.0,1900.0,2100.0,0.0,2100.0,2100.0,2100.0,2100.0,1.0,1900.0,2100.0,1900.0,2100.0
BG,,,RIGHT,,RIGHT,1683.0,2022,0.0006960519421007203,,,,,,,,,,,,,,,,,,,,,,
BG,,,RUSSOPHILS FOR THE REVIVAL OF THE FATHERLAND,,RUSSOPHILS FOR THE REVIVAL OF THE FATHERLAND,12486.0,2022,0.002627483070139783,,,,,,,,,,,,,,,,,,,,,,
BG,,,Republicans for Bulgaria,8995.0,Republicans for Bulgaria,8116.0,2021,0.0031432547248548335,,,0.0,,,,,0.0,,,,,0.0,,,,,0.0,,,,
BG,,,Republikantsi za Balgariya,8995.0,Republikantsi za Balgariya,41261.0,2021,0.013407088948322871,Radical right,manual,0.0,,,,,1.0,1900.0,2100.0,1900.0,2100.0,0.0,,,,,0.0,,,,
BG,,,Revival,5862.0,Revival,71592.0,2021,0.027726945818359692,Radical right,ep_panel,1.0,1900.0,2100.0,1900.0,2100.0,1.0,1900.0,2100.0,1900.0,2100.0,0.0,2100.0,2100.0,2100.0,2100.0,1.0,1900.0,2100.0,1900.0,2100.0
BG,,,Revival of the Fatherland,,Revival of the Fatherland,12315.0,2021,0.004001558381973198,,,,,,,,,,,,,,,,,,,,,,
BG,,,"Rights, Reforms, Alternative, Opportunities, Responsibility, Tolerance and Unity",,"Rights, Reforms, Alternative, Opportunities, Responsibility, Tolerance and Unity",2081.0,2021,0.0006761870071365187,,,,,,,,,,,,,,,,,,,,,,
BG,,,Rise,,Rise,826.0,2021,0.00031990246460449637,,,,,,,,,,,,,,,,,,,,,,
BG,,,Stand Up Bulgaria,8991.0,Stand Up Bulgaria,24243.0,2022,0.01002637387542945,No family,manual,1.0,1900.0,2100.0,1900.0,2100.0,0.0,2100.0,2100.0,2100.0,2100.0,0.0,2100.0,2100.0,2100.0,2100.0,0.0,2100.0,2100.0,2100.0,2100.0
BG,,,"Stand Up! Mafia, Get Out!",8991.0,"Stand Up! Mafia, Get Out!",130663.0,2021,0.050604619531013695,No family,manual,1.0,1900.0,2100.0,1900.0,2100.0,0.0,2100.0,2100.0,2100.0,2100.0,0.0,2100.0,2100.0,2100.0,2100.0,0.0,2100.0,2100.0,2100.0,2100.0
BG,,,Svoboda,,Svoboda,3983.0,2021,0.001542580528474224,,,,,,,,,,,,,,,,,,,,,,
BG,,,THE LEFT!,,THE LEFT!,54886.0,2023,0.0223287186392687,Radical left,manual,0.0,,,,,0.0,,,,,1.0,1900.0,2100.0,1900.0,2100.0,0.0,,,,
BG,,,TOGETHER,,TOGETHER,8379.0,2023,0.0034087441875602603,,,,,,,,,,,,,,,,,,,,,,
BG,,,There is Such A People,8992.0,There is Such A People,587531.0,2021,0.22754553865804403,No family,ep_panel,1.0,1900.0,2100.0,1900.0,2100.0,0.0,2100.0,2100.0,2100.0,2100.0,0.0,2100.0,2100.0,2100.0,2100.0,0.0,2100.0,2100.0,2100.0,2100.0
BG,,,There is Such a People,8992.0,There is Such a People,87933.0,2022,0.03636716305688808,No family,ep_panel,1.0,1900.0,2100.0,1900.0,2100.0,0.0,2100.0,2100.0,2100.0,2100.0,0.0,2100.0,2100.0,2100.0,2100.0,0.0,2100.0,2100.0,2100.0,2100.0
BG,,,There is such a people,8992.0,There is such a people,94832.0,2023,0.038579547534874636,No family,ep_panel,1.0,1900.0,2100.0,1900.0,2100.0,0.0,2100.0,2100.0,2100.0,2100.0,0.0,2100.0,2100.0,2100.0,2100.0,0.0,2100.0,2100.0,2100.0,2100.0
BG,,,Together for Change,,Together for Change,3247.0,2021,0.0010550596886940299,,,,,,,,,,,,,,,,,,,,,,
BG,,,VMRO - BULGARIAN NATIONAL MOVEMENT,2056.0,VMRO - BULGARIAN NATIONAL MOVEMENT,27492.0,2021,0.011299040288484736,Radical right,ep_panel,1.0,1900.0,2100.0,1900.0,2100.0,1.0,1900.0,2100.0,1900.0,2100.0,0.0,2100.0,2100.0,2100.0,2100.0,1.0,1900.0,2100.0,1900.0,2100.0
BG,,,Vazrazhdane,5862.0,Vazrazhdane,65767.0,2021,0.02136991393481375,Radical right,ep_panel,1.0,1900.0,2100.0,1900.0,2100.0,1.0,1900.0,2100.0,1900.0,2100.0,0.0,2100.0,2100.0,2100.0,2100.0,1.0,1900.0,2100.0,1900.0,2100.0
BG,,,Volt Bulgaria,,Volt Bulgaria,3183.0,2021,0.001232747632973501,,,,,,,,,,,,,,,,,,,,,,
BG,,,WILL,5863.0,WILL,6910.0,2021,0.002839966841023917,Radical right,ep_panel,1.0,1900.0,2100.0,1900.0,2100.0,1.0,1900.0,2100.0,1900.0,2100.0,0.0,2100.0,2100.0,2100.0,2100.0,1.0,1900.0,2100.0,1900.0,2100.0
BG,,,We Continue Changing,,We Continue Changing,467897.0,2022,0.19351195220029752,Liberal,manual,0.0,,,,,0.0,,,,,0.0,,,,,0.0,,,,
BG,,,We continue the Change,8994.0,We continue the Change,624468.0,2021,0.256652447652753,Liberal,ep_panel,0.0,,,,,0.0,,,,,0.0,,,,,0.0,,,,
BG,,,"We, the Citizens",,"We, the Citizens",4506.0,2021,0.0014641512033431777,,,,,,,,,,,,,,,,,,,,,,
BG,,,АЛИАНС ЗА ПРАВА И СВОБОДИ – АПС,,АЛИАНС ЗА ПРАВА И СВОБОДИ – АПС,182253.0,2024,0.07480250002462593,Liberal,manual,0.0,,,,,0.0,,,,,0.0,,,,,0.0,,,,
BG,,,АТАКА,,АТАКА,3965.0,2024,0.0016273636790485853,,,,,,,,,,,,,,,,,,,,,,
BG,,,БНО,,БНО,920.0,2024,0.0004283582471766768,,,,,,,,,,,,,,,,,,,,,,
BG,,,БРИГАДА,,БРИГАДА,1181.0,2024,0.00048472043000160887,,,,,,,,,,,,,,,,,,,,,,
BG,,,БСДД – БЪЛГАРСКИ СЪЮЗ ЗА ДИРЕКТНА ДЕМОКРАЦИЯ,,БСДД – БЪЛГАРСКИ СЪЮЗ ЗА ДИРЕКТНА ДЕМОКРАЦИЯ,946.0,2024,0.00044046402372732203,,,,,,,,,,,,,,,,,,,,,,
BG,,,БСДД – ДИРЕКТНА ДЕМОКРАЦИЯ,,БСДД – ДИРЕКТНА ДЕМОКРАЦИЯ,1694.0,2024,0.0006952721493841876,,,,,,,,,,,,,,,,,,,,,,
BG,,,БСП за БЪЛГАРИЯ,757.0,БСП за БЪЛГАРИЯ,151560.0,2024,0.07056736515445342,Social democratic,manual,1.0,2017.0,2022.0,2100.0,2100.0,1.0,1900.0,2100.0,2100.0,2100.0,0.0,2100.0,2100.0,2100.0,2100.0,0.0,2100.0,2100.0,2100.0,2100.0
BG,,,БСП – ОБЕДИНЕНА ЛЕВИЦА,757.0,БСП – ОБЕДИНЕНА ЛЕВИЦА,184403.0,2024,0.07568492925790575,Social democratic,manual,1.0,2017.0,2022.0,2100.0,2100.0,1.0,1900.0,2100.0,2100.0,2100.0,0.0,2100.0,2100.0,2100.0,2100.0,0.0,2100.0,2100.0,2100.0,2100.0
BG,,,БТР – БЪЛГАРИЯ НА ТРУДА И РАЗУМА,,БТР – БЪЛГАРИЯ НА ТРУДА И РАЗУМА,1444.0,2024,0.0005926640990028139,,,,,,,,,,,,,,,,,,,,,,
BG,,,БЪЛГАРСКИ ВЪЗХОД,,БЪЛГАРСКИ ВЪЗХОД,22640.0,2024,0.005737206871425013,,,,,,,,,,,,,,,,,,,,,,
BG,,,БЪЛГАРСКИ НАЦИОНАЛЕН СЪЮЗ – НД,,БЪЛГАРСКИ НАЦИОНАЛЕН СЪЮЗ – НД,4358.0,2024,0.00099081124999127,,,,,,,,,,,,,,,,,,,,,,
BG,,,Булгари,,Булгари,1737.0,2024,0.0007129207340497838,,,,,,,,,,,,,,,,,,,,,,
BG,,,ВЪЗРАЖДАНЕ,5862.0,ВЪЗРАЖДАНЕ,621381.0,2024,0.13778003338400688,Radical right,manual,1.0,1900.0,2100.0,1900.0,2100.0,1.0,1900.0,2100.0,1900.0,2100.0,0.0,2100.0,2100.0,2100.0,2100.0,1.0,1900.0,2100.0,1900.0,2100.0
BG,,,ГЕРБ-СДС,760.0,ГЕРБ-СДС,1173631.0,2024,0.2638968239114517,Conservative,manual,1.0,1900.0,2100.0,1900.0,2100.0,0.0,2100.0,2100.0,2100.0,2100.0,0.0,2100.0,2100.0,2100.0,2100.0,0.0,2100.0,2100.0,2100.0,2100.0
BG,,,ДПС-Ново начало,,ДПС-Ново начало,281356.0,2024,0.11547756249240701,Liberal,manual,0.0,,,,,0.0,,,,,0.0,,,,,0.0,,,,
BG,,,Движение за права и свободи – ДПС,,Движение за права и свободи – ДПС,366310.0,2024,0.17055642339487878,Liberal,manual,0.0,,,,,0.0,,,,,0.0,,,,,0.0,,,,
BG,,,ЕДИНЕНИЕ,,ЕДИНЕНИЕ,5206.0,2024,0.0024239489508714996,,,,,,,,,,,,,,,,,,,,,,
BG,,,ЗА ВЕЛИКА БЪЛГАРИЯ,,ЗА ВЕЛИКА БЪЛГАРИЯ,1893.0,2024,0.0008813936542450535,,,,,,,,,,,,,,,,,,,,,,
BG,,,ЗЕЛЕНО ДВИЖЕНИЕ,,ЗЕЛЕНО ДВИЖЕНИЕ,9324.0,2024,0.004341317713777538,,,,,,,,,,,,,,,,,,,,,,
BG,,,КОАЛИЦИЯ НА РОЗАТА,,КОАЛИЦИЯ НА РОЗАТА,2206.0,2024,0.0010271285796432056,,,,,,,,,,,,,,,,,,,,,,
BG,,,КОАЛИЦИЯ НЕУТРАЛНА БЪЛГАРИЯ (РУСОФИЛИ И КОМУНИСТИ),,КОАЛИЦИЯ НЕУТРАЛНА БЪЛГАРИЯ (РУСОФИЛИ И КОМУНИСТИ),2462.0,2024,0.0011463239179880199,,,,,,,,,,,,,,,,,,,,,,
BG,,,КОАЛИЦИЯ ПРОДЪЛЖАВАМЕ ПРОМЯНАТА – ДЕМОКРАТИЧНА БЪЛГАРИЯ,,КОАЛИЦИЯ ПРОДЪЛЖАВАМЕ ПРОМЯНАТА – ДЕМОКРАТИЧНА БЪЛГАРИЯ,653912.0,2024,0.14333658482075304,Liberal,manual,0.0,,,,,0.0,,,,,0.0,,,,,0.0,,,,
BG,,,КОЙ,,КОЙ,2022.0,2024,0.0008298939114845497,,,,,,,,,,,,,,,,,,,,,,
BG,,,КП ГРАЖДАНСКИ БЛОК (ГБ),,КП ГРАЖДАНСКИ БЛОК (ГБ),3003.0,2024,0.0013982171915995223,,,,,,,,,,,,,,,,,,,,,,
BG,,,КП РУСОФИЛИ ЗА БЪЛГАРИЯ,,КП РУСОФИЛИ ЗА БЪЛГАРИЯ,8860.0,2024,0.0036364293055158804,,,,,,,,,,,,,,,,,,,,,,
BG,,,"КП СВОБОДНИ ИЗБИРАТЕЛИ (РБ, ССД и ЗС)",,"КП СВОБОДНИ ИЗБИРАТЕЛИ (РБ, ССД и ЗС)",6293.0,2024,0.0025828498441999364,,,,,,,,,,,,,,,,,,,,,,
BG,,,ЛЕВИЦАТА!,,ЛЕВИЦАТА!,15175.0,2024,0.00706558304446312,Radical left,manual,0.0,,,,,0.0,,,,,1.0,1900.0,2100.0,1900.0,2100.0,0.0,,,,
BG,,,МОЯ СТРАНА БЪЛГАРИЯ,,МОЯ СТРАНА БЪЛГАРИЯ,2781.0,2024,0.0011414119524423998,,,,,,,,,,,,,,,,,,,,,,
BG,,,"НИЕ ГРАЖДАНИТЕ /БЪЛГАРСКАТА ПРОЛЕТ, КОЙ, БРСП, НАЦИЯ/",,"НИЕ ГРАЖДАНИТЕ /БЪЛГАРСКАТА ПРОЛЕТ, КОЙ, БРСП, НАЦИЯ/",4662.0,2024,0.002170658856888769,,,,,,,,,,,,,,,,,,,,,,
BG,,,НИЕ ИДВАМЕ,,НИЕ ИДВАМЕ,5939.0,2024,0.0027652387282416126,,,,,,,,,,,,,,,,,,,,,,
BG,,,ПОЛИТИЧЕСКА ПАРТИЯ БЪЛГАРСКИ ГЛАСЪ,,ПОЛИТИЧЕСКА ПАРТИЯ БЪЛГАРСКИ ГЛАСЪ,3378.0,2024,0.001572819738003059,,,,,,,,,,,,,,,,,,,,,,
BG,,,ПП ВЕЛИЧИЕ,,ПП ВЕЛИЧИЕ,197300.0,2024,0.046496425303866634,Radical right,manual,1.0,1900.0,2100.0,2100.0,2100.0,1.0,1900.0,2100.0,2100.0,2100.0,0.0,2100.0,2100.0,2100.0,2100.0,1.0,1900.0,2100.0,1900.0,2100.0
BG,,,ПП ВМРО – БЪЛГАРСКО НАЦИОНАЛНО ДВИЖЕНИЕ,,ПП ВМРО – БЪЛГАРСКО НАЦИОНАЛНО ДВИЖЕНИЕ,21272.0,2024,0.009904387645589423,,,,,,,,,,,,,,,,,,,,,,
BG,,,ПП ГЛАС НАРОДЕН,,ПП ГЛАС НАРОДЕН,13858.0,2024,0.0030543805450858694,,,,,,,,,,,,,,,,,,,,,,
BG,,,ПП ДОСТ,,ПП ДОСТ,2260.0,2024,0.0009275767754476174,,,,,,,,,,,,,,,,,,,,,,
BG,,,ПП ИМА ТАКЪВ НАРОД,8992.0,ПП ИМА ТАКЪВ НАРОД,293167.0,2024,0.06778698240395066,No family,manual,1.0,1900.0,2100.0,1900.0,2100.0,0.0,2100.0,2100.0,2100.0,2100.0,0.0,2100.0,2100.0,2100.0,2100.0,0.0,2100.0,2100.0,2100.0,2100.0
BG,,,ПП МЕЧ,,ПП МЕЧ,175957.0,2024,0.04595404144380198,Radical right,manual,1.0,1900.0,2100.0,1900.0,2100.0,1.0,1900.0,2100.0,1900.0,2100.0,0.0,2100.0,2100.0,2100.0,2100.0,1.0,1900.0,2100.0,1900.0,2100.0
BG,,,ПП НАРОДНА ПАРТИЯ ИСТИНАТА И САМО ИСТИНАТА,,ПП НАРОДНА ПАРТИЯ ИСТИНАТА И САМО ИСТИНАТА,4946.0,2024,0.001156101660586618,,,,,,,,,,,,,,,,,,,,,,
BG,,,ПП ОБЩЕСТВО ЗА НОВА БЪЛГАРИЯ,,ПП ОБЩЕСТВО ЗА НОВА БЪЛГАРИЯ,2249.0,2024,0.0010471496716308111,,,,,,,,,,,,,,,,,,,,,,
BG,,,ПРАВОТО,,ПРАВОТО,2360.0,2024,0.0009686199956001668,,,,,,,,,,,,,,,,,,,,,,
BG,,,ПРЯКА ДЕМОКРАЦИЯ,,ПРЯКА ДЕМОКРАЦИЯ,13159.0,2024,0.0032637568665307313,,,,,,,,,,,,,,,,,,,,,,
BG,,,Партия на ЗЕЛЕНИТЕ,,Партия на ЗЕЛЕНИТЕ,10391.0,2024,0.002558043706509416,,,,,,,,,,,,,,,,,,,,,,
BG,,,СИНЯ БЪЛГАРИЯ,,СИНЯ БЪЛГАРИЯ,59667.0,2024,0.015650441046032214,Conservative,manual,0.0,,,,,0.0,,,,,0.0,,,,,0.0,,,,
BG,,,СОЛИДАРНА БЪЛГАРИЯ,,СОЛИДАРНА БЪЛГАРИЯ,31476.0,2024,0.01465543933492726,Social democratic,manual,0.0,,,,,0.0,,,,,0.0,,,,,0.0,,,,
BG,,,Социалистическа партия Български път,,Социалистическа партия Български път,1570.0,2024,0.0006443785563950262,,,,,,,,,,,,,,,,,,,,,,
BG,,,ЦЕНТЪР,,ЦЕНТЪР,25664.0,2024,0.011949332669067645,No family,manual,0.0,,,,,0.0,,,,,0.0,,,,,0.0,,,,
CH,BDP,Conservative Democratic Party of Switzerland,Burgerlich-Demokratische Partei (BDP) Graubunden,1415.0,Burgerlich-Demokratische Partei (BDP) Graubunden,294960.0,2019,0.05415384590191317,Conservative,manual,0.0,,,,,0.0,,,,,0.0,,,,,0.0,,,,
CH,CSP,,,1122.0,CSP,53257.0,2019,0.00407145554210122,,,0.0,,,,,0.0,,,,,0.0,,,,,0.0,,,,
CH,CVP,Catholic Conservative / Christian Democratic Peoples Party,Katholische Konservative / Christlichdemokratische Volkspartei,1808.0,Katholische Konservative / Christlichdemokratische Volkspartei,2508295.0,2019,0.17996192943688147,Christian democratic,manual,0.0,,,,,0.0,,,,,0.0,,,,,0.0,,,,
CH,EDU,Federal Democratic Union of Switzerland,Eidgenossisch-Demokratische Union,631.0,Eidgenossisch-Demokratische Union,206227.0,2019,0.013018271977125127,Radical right,populist_implied,0.0,2100.0,2100.0,2100.0,2100.0,1.0,1900.0,2100.0,1900.0,2100.0,0.0,2100.0,2100.0,2100.0,2100.0,1.0,1900.0,2100.0,1900.0,2100.0
CH,EVP,Protestant Peoples Party,Evangelische Volkspartei der Schweiz,1123.0,Evangelische Volkspartei der Schweiz,360312.0,2019,0.024461284064424566,Christian democratic,manual,0.0,,,,,0.0,,,,,0.0,,,,,0.0,,,,
CH,FDP,FDP.The Liberals,FDP.Die Liberalen,1231.0,FDP.Die Liberalen,3056170.0,2019,0.20992769919656534,Liberal,manual,0.0,,,,,0.0,,,,,0.0,,,,,0.0,,,,
CH,FGA,Feminists and Green-Alternative Groups,Feministische und grun-alternative Gruppierungen,1201.0,Feministische und grun-alternative Gruppierungen,91988.0,2019,0.014729793704161291,Green,manual,0.0,,,,,0.0,,,,,0.0,,,,,0.0,,,,
CH,FPS,Automobile Party / Freedom Party of Switzerland,Auto-Partei / Freiheitspartei der Schweiz,1311.0,Auto-Partei / Freiheitspartei der Schweiz,194591.0,2003,0.05067856302458932,Radical right,manual,0.0,,,,,1.0,1900.0,2100.0,1900.0,2100.0,0.0,,,,,0.0,,,,
CH,GLP,Green Liberal Party,Grunliberale Partei der Schweiz,1759.0,Grunliberale Partei der Schweiz,486554.0,2019,0.07802834679448574,Liberal,manual,0.0,,,,,0.0,,,,,0.0,,,,,0.0,,,,
CH,GPS,Green Party,Grune Partei,1006.0,Grune Partei,1400599.0,2019,0.13199739301890062,Green,manual,0.0,,,,,0.0,,,,,0.0,,,,,0.0,,,,
CH,LDU,Independents Alliance,Landesring der Unabhangigen,1194.0,Landesring der Unabhangigen,105073.0,1999,0.028290214906420873,Liberal,manual,0.0,,,,,0.0,,,,,0.0,,,,,0.0,,,,
CH,LEGA,Ticino League,Lega dei Ticinesi,1661.0,Lega dei Ticinesi,147097.0,2019,0.01384032769450012,Radical right,populist_implied,1.0,1900.0,2100.0,1900.0,2100.0,1.0,1900.0,2100.0,1900.0,2100.0,0.0,2100.0,2100.0,2100.0,2100.0,1.0,1900.0,2100.0,1900.0,2100.0
CH,LPS,Liberal Party of Switzerland,Liberale Partei der Schweiz,444.0,Liberale Partei der Schweiz,274886.0,2019,0.0303762195470963,Liberal,manual,0.0,,,,,0.0,,,,,0.0,,,,,0.0,,,,
CH,MCR,,,8176.0,MCR,23346.0,2019,0.00402185820984733,Radical right,populist_implied,1.0,1900.0,2100.0,1900.0,2100.0,1.0,1900.0,2100.0,1900.0,2100.0,0.0,2100.0,2100.0,2100.0,2100.0,1.0,1900.0,2100.0,1900.0,2100.0
CH,OTHER,,,1964.0,OTHER,414319.0,2019,0.02831725640226603,No family,generic,0.0,,,,,0.0,,,,,0.0,,,,,0.0,,,,
CH,PDA,Swiss Party of Labour,Partei der Arbeit der Schweiz,669.0,Partei der Arbeit der Schweiz,114176.0,2019,0.011984326008937072,Radical left,populist_implied,0.0,2100.0,2100.0,2100.0,2100.0,0.0,2100.0,2100.0,2100.0,2100.0,1.0,1900.0,2100.0,1900.0,2100.0,1.0,1900.0,2100.0,1900.0,2100.0
CH,POCH,,,121.0,POCH,4552.0,1991,0.00222689801227827,,,0.0,,,,,0.0,,,,,0.0,,,,,0.0,,,,
CH,PSA,,,31.0,PSA,12006.0,1991,0.005873492428693522,,,0.0,,,,,0.0,,,,,0.0,,,,,0.0,,,,
CH,SD,National Action / Swiss Democrats,Nationale Aktion / Schweizer Demokraten,1819.0,Nationale Aktion / Schweizer Demokraten,186627.0,2007,0.033896596984784005,Radical right,populist_implied,1.0,1900.0,2100.0,1900.0,2100.0,1.0,1900.0,2100.0,1900.0,2100.0,0.0,2100.0,2100.0,2100.0,2100.0,1.0,1900.0,2100.0,1900.0,2100.0
CH,SOL,,,8653.0,SOL,34479.0,2007,0.005050749961982843,,,0.0,,,,,0.0,,,,,0.0,,,,,0.0,,,,
CH,SOL.,,,1646.0,SOL.,30940.0,2019,0.004618729014214647,,,0.0,,,,,0.0,,,,,0.0,,,,,0.0,,,,
CH,SP,Social Democratic Party of Switzerland,Sozialdemokratische Partei der Schweiz,29.0,Sozialdemokratische Partei der Schweiz,3521817.0,2019,0.23323749400317603,Social democratic,manual,0.0,,,,,0.0,,,,,0.0,,,,,0.0,,,,
CH,SVP,Swiss People's Party,Schweizerische Volkspartei,308.0,Schweizerische Volkspartei,4214015.0,2019,0.2938587446222572,Radical right,populist_implied,1.0,1900.0,2100.0,1900.0,2100.0,1.0,1900.0,2100.0,1900.0,2100.0,0.0,2100.0,2100.0,2100.0,2100.0,1.0,1900.0,2100.0,1900.0,2100.0
CH,,,AL – Alternative Liste (FGA),,AL – Alternative Liste (FGA),153028.0,2023,0.003950975965524463,,,,,,,,,,,,,,,,,,,,,,
CH,,,Christlich-soziale Partei (CSP),1122.0,Christlich-soziale Partei (CSP),15912.0,2023,0.0004108263165134829,,,0.0,,,,,0.0,,,,,0.0,,,,,0.0,,,,
CH,,,Die Mitte (Centre),9024.0,Die Mitte (Centre),4074584.0,2023,0.10520024736329646,Christian democratic,manual,0.0,,,,,0.0,,,,,0.0,,,,,0.0,,,,
CH,,,Eidgenössisch-Demokratische Union (EDU),631.0,Eidgenössisch-Demokratische Union (EDU),647344.0,2023,0.016713546445267978,Radical right,populist_implied,0.0,2100.0,2100.0,2100.0,2100.0,1.0,1900.0,2100.0,1900.0,2100.0,0.0,2100.0,2100.0,2100.0,2100.0,1.0,1900.0,2100.0,1900.0,2100.0
CH,,,Ensemble à Gauche : solidaritéS · DAL · Parti du Travail (PdA/Sol.),8653.0,Ensemble à Gauche : solidaritéS · DAL · Parti du Travail (PdA/Sol.),255320.0,2023,0.006592017039481049,,,0.0,,,,,0.0,,,,,0.0,,,,,0.0,,,,
CH,,,Evangelische Volkspartei der Schweiz (EVP),1123.0,Evangelische Volkspartei der Schweiz (EVP),1003264.0,2023,0.025902919407402143,Christian democratic,manual,0.0,,,,,0.0,,,,,0.0,,,,,0.0,,,,
CH,,,Freisinnig-Demokratische Partei (FDP),,Freisinnig-Demokratische Partei (FDP),5003044.0,2023,0.129171828674892,Liberal,manual,0.0,,,,,0.0,,,,,0.0,,,,,0.0,,,,
CH,,,GRÜNE Schweiz (Green),,GRÜNE Schweiz (Green),4025103.0,2023,0.10392271487414338,Green,manual,0.0,,,,,0.0,,,,,0.0,,,,,0.0,,,,
CH,,,Grünliberale Partei der Schweiz (GLP),,Grünliberale Partei der Schweiz (GLP),3763803.0,2023,0.09717630232355433,Liberal,manual,0.0,,,,,0.0,,,,,0.0,,,,,0.0,,,,
CH,,,Liberale Partei der Schweiz (LPS),444.0,Liberale Partei der Schweiz (LPS),22782.0,2023,0.0005882004237562951,Liberal,manual,0.0,,,,,0.0,,,,,0.0,,,,,0.0,,,,
CH,,,Mouvement Citoyens Genevois (MCR),8176.0,Mouvement Citoyens Genevois (MCR),137802.0,2023,0.0035578612410879194,Radical right,populist_implied,1.0,1900.0,2100.0,1900.0,2100.0,1.0,1900.0,2100.0,1900.0,2100.0,0.0,2100.0,2100.0,2100.0,2100.0,1.0,1900.0,2100.0,1900.0,2100.0
CH,,,Others,,Others,1058913.0,2023,0.027339701313363607,No family,generic,0.0,,,,,0.0,,,,,0.0,,,,,0.0,,,,
CH,,,Schweizer Demokraten (SD),1819.0,Schweizer Demokraten (SD),45716.0,2023,0.0011803252819086467,Radical right,populist_implied,1.0,1900.0,2100.0,1900.0,2100.0,1.0,1900.0,2100.0,1900.0,2100.0,0.0,2100.0,2100.0,2100.0,2100.0,1.0,1900.0,2100.0,1900.0,2100.0
CH,,,Schweizerische Volkspartei (SVP),308.0,Schweizerische Volkspartei (SVP),10644237.0,2023,0.2748198013327379,Radical right,populist_implied,1.0,1900.0,2100.0,1900.0,2100.0,1.0,1900.0,2100.0,1900.0,2100.0,0.0,2100.0,2100.0,2100.0,2100.0,1.0,1900.0,2100.0,1900.0,2100.0
CH,,,Sozialdemokratische Partei der Schweiz (SP),29.0,Sozialdemokratische Partei der Schweiz (SP),7774976.0,2023,0.20073936344021703,Social democratic,manual,0.0,,,,,0.0,,,,,0.0,,,,,0.0,,,,
CH,,,Ticino League,1661.0,Ticino League,105868.0,2023,0.0027333685568532813,Radical right,populist_implied,1.0,1900.0,2100.0,1900.0,2100.0,1.0,1900.0,2100.0,1900.0,2100.0,0.0,2100.0,2100.0,2100.0,2100.0,1.0,1900.0,2100.0,1900.0,2100.0
CY,ADIK,Fighting Democratic Movement,Agonistiko Dimokratiko Kinima,1625.0,Agonistiko Dimokratiko Kinima,22370.0,2001,0.023971020763774786,No family,manual,0.0,,,,,0.0,,,,,0.0,,,,,0.0,,,,
CY,AKEL,Progressive Party of Working People,Anorthotiko Komma Ergazomenou Laou,1076.0,Anorthotiko Komma Ergazomenou Laou,722818.0,2016,0.3470864041928334,Radical left,ep_panel,1.0,1900.0,2100.0,2100.0,2100.0,0.0,2100.0,2100.0,2100.0,2100.0,1.0,1900.0,2100.0,2100.0,2100.0,1.0,1900.0,2100.0,1900.0,2100.0
CY,APC,Animal Party Cyprus,Kinima gia ta zoa tis Kiprou,4884.0,Kinima gia ta zoa tis Kiprou,4088.0,2016,0.01163383031341334,No family,manual,0.0,,,,,0.0,,,,,0.0,,,,,0.0,,,,
CY,DIKO,Democratic Party,Dimokratiko Komma,635.0,Dimokratiko Komma,378723.0,2016,0.19549582210163782,Conservative,ep_panel,0.0,,,,,0.0,,,,,0.0,,,,,0.0,,,,
CY,DISY,Democratic Rally,Dimokratikos Sinayermos,563.0,Dimokratikos Sinayermos,763879.0,2016,0.3581327220952058,Conservative,ep_panel,0.0,,,,,0.0,,,,,0.0,,,,,0.0,,,,
CY,ED,United Democrats,Enomeni Dimokrates,321.0,Enomeni Dimokrates,30825.0,2006,0.03686664627991373,Liberal,manual,0.0,,,,,0.0,,,,,0.0,,,,,0.0,,,,
CY,EDEK,Movement for Social Democracy EDEK,Kinima Sosialdimokraton EDEK,1028.0,Kinima Sosialdimokraton EDEK,189442.0,2016,0.10894695910980651,Social democratic,ep_panel,0.0,,,,,0.0,,,,,0.0,,,,,0.0,,,,
CY,ELAM,National Popular Front,Ethniko Laiko Metopo,1013.0,Ethniko Laiko Metopo,17395.0,2016,0.03711271553748125,Radical right,ep_panel,1.0,1900.0,2100.0,2100.0,2100.0,1.0,1900.0,2100.0,1900.0,2100.0,0.0,2100.0,2100.0,2100.0,2100.0,1.0,1900.0,2100.0,1900.0,2100.0
CY,EURO.KO,European Party,Evropaiko Komma,1817.0,Evropaiko Komma,39907.0,2011,0.05746080976140323,Radical right,ep_panel,1.0,1900.0,2100.0,2100.0,2100.0,1.0,1900.0,2100.0,1900.0,2100.0,0.0,2100.0,2100.0,2100.0,2100.0,0.0,2100.0,2100.0,2100.0,2100.0
CY,KEP,Free Citizens Movement,K.E.P,1066.0,K.E.P,5157.0,2006,0.012246875348799655,No family,manual,0.0,,,,,0.0,,,,,0.0,,,,,0.0,,,,
CY,KOP,Ecological and Environmental Movement,Kinima Oikologoi Perivallontistoi,858.0,Kinima Oikologoi Perivallontistoi,45901.0,2016,0.04812045909234495,Green,ep_panel,0.0,,,,,0.0,,,,,0.0,,,,,0.0,,,,
CY,NO,New Horizons,Neoi Orizontes,1191.0,Neoi Orizontes,18650.0,2001,0.03000824843608192,Radical right,ep_panel,1.0,1900.0,2100.0,1900.0,2100.0,1.0,1900.0,2100.0,1900.0,2100.0,0.0,2100.0,2100.0,2100.0,2100.0,0.0,2100.0,2100.0,2100.0,2100.0
CY,OTHER,,,1837.0,OTHER,20906.0,2016,0.020288056825910884,No family,generic,0.0,,,,,0.0,,,,,0.0,,,,,0.0,,,,
CY,SOLIDARITY,Solidarity Movement,Kinima Allileggiis,4883.0,Kinima Allileggiis,18424.0,2016,0.052431920179629984,Conservative,ess_build,1.0,1900.0,2100.0,2100.0,2100.0,1.0,1900.0,2100.0,2100.0,2100.0,0.0,2100.0,2100.0,2100.0,2100.0,0.0,2100.0,2100.0,2100.0,2100.0
CY,SYPOL,Citizen's Alliance,Symmaxia,3117.0,Symmaxia,21114.0,2016,0.0600872537273506,Regionalist,ep_panel,1.0,1900.0,2100.0,1900.0,2100.0,0.0,2100.0,2100.0,2100.0,2100.0,1.0,1900.0,2100.0,2100.0,2100.0,0.0,1900.0,2100.0,1900.0,2100.0
CY,,,ΑΚΕΛ (ΑΝΟΡΘΩΤΙΚΟ ΚΟΜΜΑ ΕΡΓΑΖΟΜΕΝΟΥ ΛΑΟΥ),1076.0,ΑΚΕΛ (ΑΝΟΡΘΩΤΙΚΟ ΚΟΜΜΑ ΕΡΓΑΖΟΜΕΝΟΥ ΛΑΟΥ),79913.0,2021,0.2234003891398667,Radical left,manual,1.0,1900.0,2100.0,2100.0,2100.0,0.0,2100.0,2100.0,2100.0,2100.0,1.0,1900.0,2100.0,2100.0,2100.0,1.0,1900.0,2100.0,1900.0,2100.0
CY,,,ΑΛΛΑΓΗ ΓΕΝΙΑΣ,,ΑΛΛΑΓΗ ΓΕΝΙΑΣ,10095.0,2021,0.02822102697141835,No family,manual,0.0,,,,,0.0,,,,,0.0,,,,,0.0,,,,
CY,,,ΑΛΛΗΛΕΓΓΥΗ,,ΑΛΛΗΛΕΓΓΥΗ,8254.0,2021,0.023074428590598023,Conservative,manual,0.0,,,,,0.0,,,,,0.0,,,,,0.0,,,,
CY,,,ΑΜΜΟΧΩΣΤΟΣ ΓΙΑ ΤΗΝ ΚΥΠΡΟ,,ΑΜΜΟΧΩΣΤΟΣ ΓΙΑ ΤΗΝ ΚΥΠΡΟ,5596.0,2021,0.015643869928881334,No family,manual,0.0,,,,,0.0,,,,,0.0,,,,,0.0,,,,
CY,,,ΑΦΥΠΝΙΣΗ -2020-,,ΑΦΥΠΝΙΣΗ -2020-,4839.0,2021,0.01352764234915239,No family,manual,0.0,,,,,0.0,,,,,0.0,,,,,0.0,,,,
CY,,,ΔΗΜΟΚΡΑΤΙΚΗ ΠΑΡΑΤΑΞΗ,,ΔΗΜΟΚΡΑΤΙΚΗ ΠΑΡΑΤΑΞΗ,21832.0,2021,0.061032338864785075,Liberal,manual,0.0,,,,,0.0,,,,,0.0,,,,,0.0,,,,
CY,,,ΔΗΜΟΚΡΑΤΙΚΟ ΚΟΜΜΑ,,ΔΗΜΟΚΡΑΤΙΚΟ ΚΟΜΜΑ,40395.0,2021,0.11292604106096525,Conservative,manual,0.0,,,,,0.0,,,,,0.0,,,,,0.0,,,,
CY,,,ΔΗΜΟΚΡΑΤΙΚΟΣ ΣΥΝΑΓΕΡΜΟΣ,,ΔΗΜΟΚΡΑΤΙΚΟΣ ΣΥΝΑΓΕΡΜΟΣ,99328.0,2021,0.27767589569262424,Conservative,manual,0.0,,,,,0.0,,,,,0.0,,,,,0.0,,,,
CY,,,ΕΘΝΙΚΟ ΛΑΪΚΟ ΜΕΤΩΠΟ (Ε.ΛΑ.Μ.),1013.0,ΕΘΝΙΚΟ ΛΑΪΚΟ ΜΕΤΩΠΟ (Ε.ΛΑ.Μ.),24255.0,2021,0.06780594444692938,Radical right,manual,1.0,1900.0,2100.0,2100.0,2100.0,1.0,1900.0,2100.0,1900.0,2100.0,0.0,2100.0,2100.0,2100.0,2100.0,1.0,1900.0,2100.0,1900.0,2100.0
CY,,,ΕΝΕΡΓΟΙ ΠΟΛΙΤΕΣ-ΚΙΝΗΜΑ ΕΝ.ΚΥΠ. ΚΥΝΗΓΩΝ,,ΕΝΕΡΓΟΙ ΠΟΛΙΤΕΣ-ΚΙΝΗΜΑ ΕΝ.ΚΥΠ. ΚΥΝΗΓΩΝ,11712.0,2021,0.03274142326788031,No family,manual,0.0,,,,,0.0,,,,,0.0,,,,,0.0,,,,
CY,,,ΘΕΜΙΣΤΟΚΛΕΟΥΣ ΑΒΡΑΑΜ,,ΘΕΜΙΣΤΟΚΛΕΟΥΣ ΑΒΡΑΑΜ,246.0,2021,0.0006877040747864204,,,,,,,,,,,,,,,,,,,,,,
CY,,,ΚΙΝΗΜΑ ΟΙΚΟΛΟΓΩΝ-ΣΥΝΕΡΓΑΣΙΑ ΠΟΛΙΤΩΝ,,ΚΙΝΗΜΑ ΟΙΚΟΛΟΓΩΝ-ΣΥΝΕΡΓΑΣΙΑ ΠΟΛΙΤΩΝ,15762.0,2021,0.04406338059668113,Green,manual,0.0,,,,,0.0,,,,,0.0,,,,,0.0,,,,
CY,,,ΚΙΝΗΜΑ ΣΟΣΙΑΛΔΗΜΟΚΡΑΤΩΝ ΕΔΕΚ,,ΚΙΝΗΜΑ ΣΟΣΙΑΛΔΗΜΟΚΡΑΤΩΝ ΕΔΕΚ,24022.0,2021,0.06715458245739589,Social democratic,manual,0.0,,,,,0.0,,,,,0.0,,,,,0.0,,,,
CY,,,ΚΟΜΜΑ ΓΙΑ ΤΑ ΖΩΑ ΚΥΠΡΟΥ,,ΚΟΜΜΑ ΓΙΑ ΤΑ ΖΩΑ ΚΥΠΡΟΥ,3593.0,2021,0.010044393254908976,No family,manual,0.0,,,,,0.0,,,,,0.0,,,,,0.0,,,,
CY,,,ΜΑΡΔΑΠΗΤΤΑΣ ΧΡΥΣΑΝΘΟΣ,,ΜΑΡΔΑΠΗΤΤΑΣ ΧΡΥΣΑΝΘΟΣ,74.0,2021,0.00020687033143981752,,,,,,,,,,,,,,,,,,,,,,
CY,,,ΠΑΤΡΙΩΤΙΚΟΣ ΣΥΝΑΣΠΙΣΜΟΣ,,ΠΑΤΡΙΩΤΙΚΟΣ ΣΥΝΑΣΠΙΣΜΟΣ,376.0,2021,0.0010511249273158294,,,,,,,,,,,,,,,,,,,,,,
CY,,,ΠΝΟΗ ΛΑΟΥ,,ΠΝΟΗ ΛΑΟΥ,4585.0,2021,0.012817573914210314,No family,manual,0.0,,,,,0.0,,,,,0.0,,,,,0.0,,,,
CY,,,ΠΟΥΡΓΟΥΡΙΔΗΣ ΕΥΑΓΓΕΛΟΣ,,ΠΟΥΡΓΟΥΡΙΔΗΣ ΕΥΑΓΓΕΛΟΣ,1571.0,2021,0.0043918012255669365,,,,,,,,,,,,,,,,,,,,,,
CY,,,ΣΠΑΡΟΣ ΦΟΙΒΟΣ,,ΣΠΑΡΟΣ ΦΟΙΒΟΣ,42.0,2021,0.00011741289081719373,,,,,,,,,,,,,,,,,,,,,,
CY,,,ΧΡΙΣΤΟΔΟΥΛΟΥ ΧΡΙΣΤΟΔΟΥΛΟΣ,,ΧΡΙΣΤΟΔΟΥΛΟΥ ΧΡΙΣΤΟΔΟΥΛΟΣ,105.0,2021,0.0002935322270429843,,,,,,,,,,,,,,,,,,,,,,
CY,,,ΧΡΙΣΤΟΥ ΑΝΔΡΕΑΣ,,ΧΡΙΣΤΟΥ ΑΝΔΡΕΑΣ,1078.0,2021,0.0030135975309746386,,,,,,,,,,,,,,,,,,,,,,
CY,,,ΧΡΥΣΑΝΘΟΥ ΣΠΥΡΟΣ,,ΧΡΥΣΑΝΘΟΥ ΣΠΥΡΟΣ,39.0,2021,0.00010902625575882274,,,,,,,,,,,,,,,,,,,,,,
CZ,ANO,Action of Dissatisfied Citizens,Akce nespokojenych obcanu,2141.0,Akce nespokojenych obcanu,1500113.0,2017,0.29642055667934397,No family,ep_panel,1.0,1900.0,2100.0,1900.0,2100.0,0.0,2100.0,2100.0,2100.0,2100.0,0.0,2100.0,2100.0,2100.0,2100.0,1.0,2017.0,2100.0,2017.0,2100.0
CZ,ANO 2011,Action of Dissatisfied Citizens,Akce nespokojenych obcanu,2141.0,Akce nespokojenych obcanu,927240.0,2013,0.18656800504790358,No family,ep_panel,1.0,1900.0,2100.0,1900.0,2100.0,0.0,2100.0,2100.0,2100.0,2100.0,0.0,2100.0,2100.0,2100.0,2100.0,1.0,2017.0,2100.0,2017.0,2100.0
CZ,CSSD,Czech Social Democratic Party,Ceska strana socialne demokraticka,177.0,Ceska strana socialne demokraticka,5709549.0,2017,0.3232070960871763,Social democratic,ep_panel,0.0,,,,,0.0,,,,,0.0,,,,,0.0,,,,
CZ,DSSS,,,805.0,DSSS,16408.0,2013,0.0033014190790151437,,,0.0,,,,,0.0,,,,,0.0,,,,,0.0,,,,
CZ,KDU-CSL,Christian Democratic Union / People's Party,Krestanska a demokraticka unie / Ceskoslovenska strana lidova,676.0,Krestanska a demokraticka unie / Ceskoslovenska strana lidova,1927707.0,2017,0.14275799988506727,Christian democratic,ep_panel,0.0,,,,,0.0,,,,,0.0,,,,,0.0,,,,
CZ,KSCM,Communist Party of Bohemia and Moravia,Komunisticka strana Cech a Moravy,1728.0,Komunisticka strana Cech a Moravy,3291890.0,2017,0.18511994322154796,Radical left,ep_panel,0.0,2100.0,2100.0,2100.0,2100.0,0.0,2100.0,2100.0,2100.0,2100.0,1.0,1900.0,2100.0,1900.0,2100.0,1.0,1900.0,2100.0,1900.0,2100.0
CZ,ODA,,,1008.0,ODA,1277.0,2002,0.000267826844177629,,,0.0,,,,,0.0,,,,,0.0,,,,,0.0,,,,
CZ,ODS,Civic Democratic Party,Obcanska demokraticka strana,466.0,Obcanska demokraticka strana,5074378.0,2017,0.35380136310202176,Conservative,ep_panel,0.0,,,,,0.0,,,,,0.0,,,,,0.0,,,,
CZ,OTHER,,,1838.0,OTHER,1005531.0,2017,0.06610499231754323,No family,generic,0.0,,,,,0.0,,,,,0.0,,,,,0.0,,,,
CZ,PIRATI,Czech Pirate Party,Ceska piratska strana,2047.0,Ceska piratska strana,678810.0,2017,0.10796661133241081,No family,ep_panel,0.0,,,,,0.0,,,,,0.0,,,,,0.0,,,,
CZ,REAL,,,,REAL,3327.0,2017,0.000657411269732465,,,,,,,,,,,,,,,,,,,,,,
CZ,RMS,,,972.0,RMS,16489.0,2002,0.0034582590709827127,,,0.0,,,,,0.0,,,,,0.0,,,,,0.0,,,,
CZ,ROZUMNI,,,,ROZUMNI,1231.0,2017,0.00024324414578919882,,,,,,,,,,,,,,,,,,,,,,
CZ,SNK,Association of Independents,Sdruzeni nezavislych,884.0,Sdruzeni nezavislych,132699.0,2002,0.02783113108498605,Liberal,manual,0.0,,,,,0.0,,,,,0.0,,,,,0.0,,,,
CZ,SNK ED,SNK European Democrats,SNK Evropsti demokrate,751.0,SNK Evropsti demokrate,111724.0,2006,0.020886988462838495,Conservative,ep_panel,0.0,,,,,0.0,,,,,0.0,,,,,0.0,,,,
CZ,SPD,Freedom and Direct Democracy,Svoboda a prima demokracie,6125.0,Svoboda a prima demokracie,538574.0,2017,0.10642158616918924,Radical right,ep_panel,1.0,1900.0,2100.0,1900.0,2100.0,1.0,1900.0,2100.0,1900.0,2100.0,0.0,2100.0,2100.0,2100.0,2100.0,1.0,1900.0,2100.0,1900.0,2100.0
CZ,SPOZ,Party of Civic Rights â Zeman's people / Party of Civic Rights,Strana Prav Obcanu - Zemanovci / Strana Prav Obcanu,1272.0,Strana Prav Obcanu - Zemanovci / Strana Prav Obcanu,301640.0,2013,0.04330588914746125,Social democratic,manual,0.0,,,,,0.0,,,,,0.0,,,,,0.0,,,,
CZ,STAN,Mayors and Independents -- Your Option,Starostove a Nezavisli - Vase Alternativa,1707.0,Starostove a Nezavisli - Vase Alternativa,262157.0,2017,0.05180191350744029,Liberal,ep_panel,0.0,,,,,0.0,,,,,0.0,,,,,0.0,,,,
CZ,SUVEREN.,Sovereignty â Jana Bobosikova Bloc,Suverenita - blok Jany Bobosikove,293.0,Suverenita - blok Jany Bobosikove,192145.0,2010,0.036732972538544816,Radical right,manual,0.0,,,,,1.0,1900.0,2100.0,1900.0,2100.0,0.0,,,,,0.0,,,,
CZ,SVOBODNI,Party of Free Citizens,Strana svobodnych obcanu,254.0,Strana svobodnych obcanu,201793.0,2017,0.024660843978572166,Liberal,ep_panel,0.0,,,,,0.0,,,,,0.0,,,,,0.0,,,,
CZ,SZ,Green Party,Strana zelenych,1554.0,Strana zelenych,736272.0,2013,0.06290680683555133,Green,ep_panel,0.0,,,,,0.0,,,,,0.0,,,,,0.0,,,,
CZ,SZZJ,,,670.0,SZZJ,18845.0,2002,0.003952385965957258,,,0.0,,,,,0.0,,,,,0.0,,,,,0.0,,,,
CZ,TOP 09,Tradition Responsibility Prosperity 09,Tradice Odpovednost Prosperita 09,223.0,Tradice Odpovednost Prosperita 09,865168.0,2017,0.11999173437982899,Conservative,ep_panel,0.0,,,,,0.0,,,,,0.0,,,,,0.0,,,,
CZ,TOP 9,Tradition Responsibility Prosperity 09,Tradice Odpovednost Prosperita 09,223.0,Tradice Odpovednost Prosperita 09,873833.0,2010,0.16705344189166635,Conservative,ep_panel,0.0,,,,,0.0,,,,,0.0,,,,,0.0,,,,
CZ,USVIT,Dawn of Direct Democracy,Usvit prime demokracie,2049.0,Usvit prime demokracie,342339.0,2013,0.06888130826980529,Radical right,ep_panel,1.0,1900.0,2100.0,1900.0,2100.0,1.0,1900.0,2100.0,1900.0,2100.0,0.0,2100.0,2100.0,2100.0,2100.0,1.0,1900.0,2100.0,1900.0,2100.0
CZ,VV,Public Affairs,Veci verejne,1202.0,Veci verejne,569127.0,2010,0.10880182394516848,Liberal,ep_panel,1.0,1900.0,2100.0,1900.0,2100.0,0.0,2100.0,2100.0,2100.0,2100.0,0.0,2100.0,2100.0,2100.0,2100.0,0.0,2100.0,2100.0,2100.0,2100.0
CZ,ZELENI,,,,ZELENI,74335.0,2017,0.01468850818622266,Green,manual,0.0,,,,,0.0,,,,,0.0,,,,,0.0,,,,
CZ,ZMENA,,,,ZMENA,3983.0,2013,0.0008014110306994952,,,,,,,,,,,,,,,,,,,,,,
CZ,,,"""Rebelové web: re3elove.cz""",,"""Rebelové web: re3elove.cz""",4185.0,2025,0.0007444344850514532,,,,,,,,,,,,,,,,,,,,,,
CZ,,,ALIANCE NARODNICH SIL,,ALIANCE NARODNICH SIL,5167.0,2021,0.0009642883003667542,,,,,,,,,,,,,,,,,,,,,,
CZ,,,ANO 2011,2141.0,ANO 2011,3398647.0,2025,0.34518048489456155,No family,ep_panel,1.0,1900.0,2100.0,1900.0,2100.0,0.0,2100.0,2100.0,2100.0,2100.0,0.0,2100.0,2100.0,2100.0,2100.0,1.0,2017.0,2100.0,2017.0,2100.0
CZ,,,Aliance pro budoucnost,,Aliance pro budoucnost,10761.0,2021,0.0020082652216463406,,,,,,,,,,,,,,,,,,,,,,
CZ,,,Balbínova poetická strana,,Balbínova poetická strana,612.0,2025,0.00010886353759892218,,,,,,,,,,,,,,,,,,,,,,
CZ,,,Ceska strana socialne demokraticka,177.0,Ceska strana socialne demokraticka,250397.0,2021,0.046730191125785595,Social democratic,ep_panel,0.0,,,,,0.0,,,,,0.0,,,,,0.0,,,,
CZ,,,Hnuti Prameny,,Hnuti Prameny,8599.0,2021,0.0016047832581485813,,,,,,,,,,,,,,,,,,,,,,
CZ,,,Hnutí Generace,,Hnutí Generace,25176.0,2025,0.004478347095736053,,,,,,,,,,,,,,,,,,,,,,
CZ,,,Hnutí Kruh,,Hnutí Kruh,2209.0,2025,0.0003929404486209462,,,,,,,,,,,,,,,,,,,,,,
CZ,,,Hnutí občanů a podnikatelů,,Hnutí občanů a podnikatelů,3718.0,2025,0.0006613637790731906,,,,,,,,,,,,,,,,,,,,,,
CZ,,,Jasný Signál Nezávislých,,Jasný Signál Nezávislých,4937.0,2025,0.0008782014462841157,,,,,,,,,,,,,,,,,,,,,,
CZ,,,Komunistická strana Čech a Moravy,1728.0,Komunistická strana Čech a Moravy,193817.0,2021,0.036170982293822956,Radical left,ep_panel,0.0,2100.0,2100.0,2100.0,2100.0,0.0,2100.0,2100.0,2100.0,2100.0,1.0,1900.0,2100.0,1900.0,2100.0,1.0,1900.0,2100.0,1900.0,2100.0
CZ,,,"Koruna Česká (monarch.str.Čech, Moravy a Slezska)",,"Koruna Česká (monarch.str.Čech, Moravy a Slezska)",7313.0,2025,0.0013008481216681665,,,,,,,,,,,,,,,,,,,,,,
CZ,,,Koruna česká,,Koruna česká,5131.0,2021,0.0009575698217886232,,,,,,,,,,,,,,,,,,,,,,
CZ,,,"Koruna česká (Monarchistická strana Čech, Moravy a Slezska)",,"Koruna česká (Monarchistická strana Čech, Moravy a Slezska)",3504.0,2021,0.0006539319149380892,,,,,,,,,,,,,,,,,,,,,,
CZ,,,Levice,,Levice,3957.0,2025,0.0005902111401196467,,,,,,,,,,,,,,,,,,,,,,
CZ,,,Moravané,,Moravané,14285.0,2021,0.002665929624683392,,,,,,,,,,,,,,,,,,,,,,
CZ,,,Moravske zemske hnuti,,Moravske zemske hnuti,1648.0,2021,0.0003075570193544438,,,,,,,,,,,,,,,,,,,,,,
CZ,,,Moravské zemské hnutí,,Moravské zemské hnutí,3842.0,2025,0.0006834210971487893,,,,,,,,,,,,,,,,,,,,,,
CZ,,,Motoristé sobě,,Motoristé sobě,380601.0,2025,0.06770191384589441,Conservative,manual,0.0,,,,,0.0,,,,,0.0,,,,,0.0,,,,
CZ,,,Otevreme Cesko normalnimu zivotu,,Otevreme Cesko normalnimu zivotu,21804.0,2021,0.004069158525488042,,,,,,,,,,,,,,,,,,,,,,
CZ,,,PIRATI a STAROSTOVE,,PIRATI a STAROSTOVE,839776.0,2021,0.15672269628968288,Liberal,manual,0.0,,,,,0.0,,,,,0.0,,,,,0.0,,,,
CZ,,,PRISAHA - obcanske hnuti Roberta Slachty,1796.0,PRISAHA - obcanske hnuti Roberta Slachty,30147.0,2021,0.005626165935969913,No family,manual,0.0,,,,,0.0,,,,,0.0,,,,,0.0,,,,
CZ,,,PRISAHA Roberta Slachty,9002.0,PRISAHA Roberta Slachty,221415.0,2021,0.041321442621580204,No family,ches_link,1.0,1900.0,2100.0,1900.0,2100.0,0.0,2100.0,2100.0,2100.0,2100.0,0.0,2100.0,2100.0,2100.0,2100.0,0.0,2100.0,2100.0,2100.0,2100.0
CZ,,,PŘÍSAHA občanské hnutí,9002.0,PŘÍSAHA občanské hnutí,60503.0,2025,0.010762370286515667,No family,ches_link,1.0,1900.0,2100.0,1900.0,2100.0,0.0,2100.0,2100.0,2100.0,2100.0,0.0,2100.0,2100.0,2100.0,2100.0,0.0,2100.0,2100.0,2100.0,2100.0
CZ,,,SENIORI 21,,SENIORI 21,3698.0,2021,0.0006901370494980177,,,,,,,,,,,,,,,,,,,,,,
CZ,,,SMS – Stát Má Sloužit,,SMS – Stát Má Sloužit,2881.0,2025,0.0005124768820629,,,,,,,,,,,,,,,,,,,,,,
CZ,,,"SPOLU (ODS, KDU-ČSL, TOP 09)",,"SPOLU (ODS, KDU-ČSL, TOP 09)",1313346.0,2025,0.23362008439770268,Conservative,manual,0.0,,,,,0.0,,,,,0.0,,,,,0.0,,,,
CZ,,,"SPOLU - ODS, KDU-CSL, TOP 09",,"SPOLU - ODS, KDU-CSL, TOP 09",1493905.0,2021,0.27879913167396864,Conservative,manual,0.0,,,,,0.0,,,,,0.0,,,,,0.0,,,,
CZ,,,STAROSTOVÉ A NEZÁVISLÍ,1707.0,STAROSTOVÉ A NEZÁVISLÍ,631512.0,2025,0.11233436332707605,Liberal,ep_panel,0.0,,,,,0.0,,,,,0.0,,,,,0.0,,,,
CZ,,,Stačilo!,,Stačilo!,242031.0,2025,0.04305286089641296,Radical left,manual,0.0,,,,,0.0,,,,,1.0,1900.0,2100.0,1900.0,2100.0,0.0,,,,
CZ,,,Strana zelených,1554.0,Strana zelených,53343.0,2021,0.00995510563314569,Green,ep_panel,0.0,,,,,0.0,,,,,0.0,,,,,0.0,,,,
CZ,,,Svoboda a prima demokracie,6125.0,Svoboda a prima demokracie,513910.0,2021,0.09590814794687028,Radical right,ep_panel,1.0,1900.0,2100.0,1900.0,2100.0,1.0,1900.0,2100.0,1900.0,2100.0,0.0,2100.0,2100.0,2100.0,2100.0,1.0,1900.0,2100.0,1900.0,2100.0
CZ,,,Svoboda a přímá demokracie (SPD),6125.0,Svoboda a přímá demokracie (SPD),437611.0,2025,0.07784294371274826,Radical right,ep_panel,1.0,1900.0,2100.0,1900.0,2100.0,1.0,1900.0,2100.0,1900.0,2100.0,0.0,2100.0,2100.0,2100.0,2100.0,1.0,1900.0,2100.0,1900.0,2100.0
CZ,,,Svobodný blok,980.0,Svobodný blok,71587.0,2021,0.013359881277018548,Radical right,populist_implied,1.0,1900.0,2100.0,1900.0,2100.0,1.0,1900.0,2100.0,1900.0,2100.0,0.0,2100.0,2100.0,2100.0,2100.0,1.0,1900.0,2100.0,1900.0,2100.0
CZ,,,Svycarska demokracie,,Svycarska demokracie,16823.0,2021,0.003139582364441631,,,,,,,,,,,,,,,,,,,,,,
CZ,,,Trikolora Svobodni Soukromnici,,Trikolora Svobodni Soukromnici,132499.0,2021,0.024727547031216292,Radical right,manual,0.0,,,,,1.0,1900.0,2100.0,1900.0,2100.0,0.0,,,,,0.0,,,,
CZ,,,Urza.cz: Nechceme vase hlasy,,Urza.cz: Nechceme vase hlasy,6775.0,2021,0.0012643803435232748,,,,,,,,,,,,,,,,,,,,,,
CZ,,,Urza.cz: Nechceme vaše hlasy,,Urza.cz: Nechceme vaše hlasy,282.0,2025,5.016261046224846e-05,,,,,,,,,,,,,,,,,,,,,,
CZ,,,Volt Česko,,Volt Česko,3639.0,2025,0.0006473111328798657,,,,,,,,,,,,,,,,,,,,,,
CZ,,,Volte Pr.Blok www.cibulka.net,,Volte Pr.Blok www.cibulka.net,586.0,2021,0.00010936190129957771,,,,,,,,,,,,,,,,,,,,,,
CZ,,,Volte Pravý Blok www.cibulka.net,904.0,Volte Pravý Blok www.cibulka.net,429.0,2025,7.631120527767585e-05,,,0.0,,,,,0.0,,,,,0.0,,,,,0.0,,,,
CZ,,,"Voluntia, protože dobrovol. je zákl. kamenem spol.",,"Voluntia, protože dobrovol. je zákl. kamenem spol.",7375.0,2025,0.0013118767807059658,,,,,,,,,,,,,,,,,,,,,,
CZ,,,VÝZVA 2025,,VÝZVA 2025,6338.0,2025,0.0011274135642189032,,,,,,,,,,,,,,,,,,,,,,
CZ,,,ČSSD – Česká suverenita sociální demokracie,,ČSSD – Česká suverenita sociální demokracie,10263.0,2025,0.0018255988339505528,,,,,,,,,,,,,,,,,,,,,,
CZ,,,Česká pirátská strana,2047.0,Česká pirátská strana,504537.0,2025,0.08974784749926046,No family,ep_panel,0.0,,,,,0.0,,,,,0.0,,,,,0.0,,,,
CZ,,,Česká republika na 1. místě!,,Česká republika na 1. místě!,12455.0,2025,0.0022155152954159733,,,,,,,,,,,,,,,,,,,,,,
CZ,,,ŠVÝCARSKÁ DEMOKRACIE,,ŠVÝCARSKÁ DEMOKRACIE,12097.0,2025,0.0021518336835525515,,,,,,,,,,,,,,,,,,,,,,
DE,AD-DEMOKRATEN,,,,AD-DEMOKRATEN,7550.0,2017,0.00016231151548391662,,,,,,,,,,,,,,,,,,,,,,
DE,AFD,Alternative for Germany,Alternative fur Deutschland,1976.0,Alternative fur Deutschland,7935100.0,2017,0.1263689740183765,Radical right,ep_panel,1.0,1900.0,2100.0,1900.0,2100.0,1.0,2015.0,2100.0,2015.0,2100.0,0.0,2100.0,2100.0,2100.0,2100.0,1.0,1900.0,2100.0,1900.0,2100.0
DE,AGFG,,,,AGFG,6300.0,2005,0.00013322622508756823,,,,,,,,,,,,,,,,,,,,,,
DE,B90/GR,Greens / Alliance 90 -- Citizens' Movement [East Germany],Bundnis 90 / Grune - BurgerInnenbewegung,865.0,Bundnis 90 / Grune - BurgerInnenbewegung,558570.0,1990,0.0120260562183088,Green,manual,0.0,,,,,0.0,,,,,0.0,,,,,0.0,,,,
DE,BFB,,,,BFB,19516.0,1998,0.00039745933144432215,,,,,,,,,,,,,,,,,,,,,,
DE,BGE,,,,BGE,522.0,2017,1.1222067693060196e-05,,,,,,,,,,,,,,,,,,,,,,
DE,BP,,,61.0,BP,118368.0,2017,0.0007317470983964638,,,0.0,,,,,0.0,,,,,0.0,,,,,0.0,,,,
DE,BUSO,,,,BUSO,6573.0,2009,0.00015155221703623995,,,,,,,,,,,,,,,,,,,,,,
DE,CDU,Christian Democratic Union,Christlich Demokratische Union,1375.0,Christlich Demokratische Union,113514013.0,2017,0.36711417797038876,Christian democratic,ep_panel,0.0,,,,,0.0,,,,,0.0,,,,,0.0,,,,
DE,CSU,Christian Social Union,Christlich Soziale Union,1731.0,Christlich Soziale Union,26807540.0,2017,0.0899040948399569,Christian democratic,ep_panel,0.0,,,,,0.0,,,,,0.0,,,,,0.0,,,,
DE,DIE GRAUEN,,,1652.0,DIE GRAUEN,227364.0,2005,0.0027263969619508387,,,0.0,,,,,0.0,,,,,0.0,,,,,0.0,,,,
DE,DIE LINKE,The Left,Die Linke,1545.0,Die Linke,13208902.0,2017,0.11887921452005352,Radical left,ep_panel,0.0,,,,,0.0,,,,,0.0,,,,,0.0,,,,
DE,DIE PARTEI,,,6126.0,DIE PARTEI,250297.0,2017,0.004979502312906848,,,0.0,,,,,0.0,,,,,0.0,,,,,0.0,,,,
DE,DIE TIERSCHUTZPARTEI,,,749.0,DIE TIERSCHUTZPARTEI,218192.0,2017,0.0033424348172002567,Green,ep_panel,0.0,,,,,0.0,,,,,0.0,,,,,0.0,,,,
DE,DSU,,,1895.0,DSU,63872.0,1990,0.0013751692048907384,,,0.0,,,,,0.0,,,,,0.0,,,,,0.0,,,,
DE,DVU,,,695.0,DVU,602810.0,2009,0.012176275372272413,Radical right,ches_link,0.0,,,,,0.0,,,,,0.0,,,,,0.0,,,,
DE,FAMILIE,,,,FAMILIE,95408.0,2013,0.0012565982138338855,,,,,,,,,,,,,,,,,,,,,,
DE,FDP,Free Democratic Party,Freie Demokratische Partei,573.0,Freie Demokratische Partei,33031189.0,2017,0.14562846903670384,Liberal,ep_panel,0.0,,,,,0.0,,,,,0.0,,,,,0.0,,,,
DE,FREIE WAHLER,,,1090.0,FREIE WAHLER,576459.0,2017,0.006449915653907305,Conservative,ep_panel,0.0,,,,,0.0,,,,,0.0,,,,,0.0,,,,
DE,FWD,,,,FWD,2520.0,2009,5.810308640367027e-05,,,,,,,,,,,,,,,,,,,,,,
DE,GRUNE,Alliance 90 / Greens,Bundnis 90 / Die Grunen,1816.0,Bundnis 90 / Die Grunen,28936198.0,2017,0.10705890246497733,Green,ep_panel,0.0,,,,,0.0,,,,,0.0,,,,,0.0,,,,
DE,MG,,,,MG,1477.0,2017,3.17528620357278e-05,,,,,,,,,,,,,,,,,,,,,,
DE,MLPD,,,,MLPD,405.0,2005,8.564543041343671e-06,,,,,,,,,,,,,,,,,,,,,,
DE,NPD,National Democratic Party,Nationaldemokratische Partei Deutschlands,1723.0,Nationaldemokratische Partei Deutschlands,2112763.0,2017,0.015829982358944568,Radical right,ep_panel,0.0,,,,,0.0,,,,,0.0,,,,,0.0,,,,
DE,ODP,,,7345.0,ODP,309955.0,2017,0.0017807379638379744,Green,ep_panel,0.0,,,,,0.0,,,,,0.0,,,,,0.0,,,,
DE,OTHER,,,1895.0,OTHER,7478764.0,2017,0.032092103852196165,No family,generic,0.0,,,,,0.0,,,,,0.0,,,,,0.0,,,,
DE,PBC,,,,PBC,35353.0,2009,0.00037290654812606,,,,,,,,,,,,,,,,,,,,,,
DE,PDS,Party for Democratic Socialism,Partei des Demokratischen Sozialismus,86.0,Partei des Demokratischen Sozialismus,11642755.0,2005,0.0870875091384203,Radical left,ep_panel,1.0,1900.0,2100.0,1900.0,2007.0,0.0,2100.0,2100.0,2100.0,2100.0,1.0,1900.0,2100.0,1900.0,2007.0,1.0,1900.0,2100.0,1900.0,2007.0
DE,PIRATEN,German Pirate Party,Piratenpartei Deutschland,1287.0,Piratenpartei Deutschland,1807047.0,2013,0.021935649798375624,No family,ep_panel,0.0,,,,,0.0,,,,,0.0,,,,,0.0,,,,
DE,PRO.DM,,,,PRO.DM,192839.0,1998,0.003927324247611787,,,,,,,,,,,,,,,,,,,,,,
DE,RENTNER,,,,RENTNER,9623.0,2009,0.00022187539700893613,,,,,,,,,,,,,,,,,,,,,,
DE,REP,The Republicans,Die Republikaner,720.0,Die Republikaner,3080064.0,2013,0.021254903044887113,Radical right,ep_panel,1.0,1900.0,2100.0,1900.0,2100.0,1.0,1900.0,2100.0,1900.0,2100.0,0.0,2100.0,2100.0,2100.0,2100.0,1.0,1900.0,2100.0,1900.0,2100.0
DE,RRP,,,,RRP,28438.0,2009,0.0006556887187093552,,,,,,,,,,,,,,,,,,,,,,
DE,SCHILL,,,,SCHILL,229563.0,2002,0.004782913346622781,,,,,,,,,,,,,,,,,,,,,,
DE,SPD,Social Democratic Party of Germany,Sozialdemokratische Partei Deutschlands,383.0,Sozialdemokratische Partei Deutschlands,118188140.0,2017,0.4094956936373046,Social democratic,ep_panel,0.0,,,,,0.0,,,,,0.0,,,,,0.0,,,,
DE,TIERSCHUTZALLIANZ,,,,TIERSCHUTZALLIANZ,18715.0,2017,0.00040233907447437083,,,,,,,,,,,,,,,,,,,,,,
DE,,,AfD,1976.0,AfD,15133371.3,2025,0.20803386748292713,Radical right,ep_panel,1.0,1900.0,2100.0,1900.0,2100.0,1.0,2015.0,2100.0,2015.0,2100.0,0.0,2100.0,2100.0,2100.0,2100.0,1.0,1900.0,2100.0,1900.0,2100.0
DE,,,BSW,9646.0,BSW,2472947.0,2025,0.049808082705828004,Radical left,manual,0.0,,,,,0.0,,,,,1.0,1900.0,2100.0,1900.0,2100.0,0.0,,,,
DE,,,BUENDNIS21,,BUENDNIS21,3488.0,2021,7.51044002841289e-05,,,,,,,,,,,,,,,,,,,,,,
DE,,,BUERGERBEWEGUNG,,BUERGERBEWEGUNG,7491.0,2021,0.0001612978963670899,,,,,,,,,,,,,,,,,,,,,,
DE,,,BUESO,,BUESO,1403.0,2025,1.5653927467477555e-05,,,,,,,,,,,,,,,,,,,,,,
DE,,,Bayernpartei,61.0,Bayernpartei,45068.0,2025,0.0007060416529003975,,,0.0,,,,,0.0,,,,,0.0,,,,,0.0,,,,
DE,,,BÜNDNIS DEUTSCHLAND,,BÜNDNIS DEUTSCHLAND,76372.0,2025,0.0015382225710496408,,,,,,,,,,,,,,,,,,,,,,
DE,,,Bündnis C,,Bündnis C,51646.0,2025,0.0008586620626520907,,,,,,,,,,,,,,,,,,,,,,
DE,,,CDU,1375.0,CDU,19974238.9,2025,0.2255082386308248,Christian democratic,ep_panel,0.0,,,,,0.0,,,,,0.0,,,,,0.0,,,,
DE,,,CSU,1731.0,CSU,5366855.0,2025,0.05969903591398844,Christian democratic,ep_panel,0.0,,,,,0.0,,,,,0.0,,,,,0.0,,,,
DE,,,DI B,,DI B,7184.0,2021,0.00015468750333749484,,,,,,,,,,,,,,,,,,,,,,
DE,,,DIE LINKE / PDS,1545.0,DIE LINKE / PDS,6627772.2,2025,0.08774571641308378,Radical left,ep_panel,0.0,,,,,0.0,,,,,0.0,,,,,0.0,,,,
DE,,,DKP,2125.0,DKP,14926.6,2021,0.0003214029074773734,,,0.0,,,,,0.0,,,,,0.0,,,,,0.0,,,,
DE,,,DiB,,DiB,17815.4,2021,0.00038360519863012333,,,,,,,,,,,,,,,,,,,,,,
DE,,,Die Humanisten,,Die Humanisten,47718.3,2021,0.0010274811651600196,,,,,,,,,,,,,,,,,,,,,,
DE,,,Die PARTEI,6126.0,Die PARTEI,704412.2,2025,0.009940808086139372,,,0.0,,,,,0.0,,,,,0.0,,,,,0.0,,,,
DE,,,FDP,573.0,FDP,7469761.0,2025,0.11457305456692976,Liberal,ep_panel,0.0,,,,,0.0,,,,,0.0,,,,,0.0,,,,
DE,,,FREIE WÄHLER,1090.0,FREIE WÄHLER,1897124.5,2025,0.024285022904430475,Conservative,ep_panel,0.0,,,,,0.0,,,,,0.0,,,,,0.0,,,,
DE,,,GARTENPARTEI,,GARTENPARTEI,7611.0,2021,0.00016388176334934204,,,,,,,,,,,,,,,,,,,,,,
DE,,,GRÜNE,1816.0,GRÜNE,12616002.2,2025,0.14757373426175233,Green,ep_panel,0.0,,,,,0.0,,,,,0.0,,,,,0.0,,,,
DE,,,Gesundheitsforschung,,Gesundheitsforschung,49360.0,2021,0.001062830618699714,,,,,,,,,,,,,,,,,,,,,,
DE,,,Graue Panther,1652.0,Graue Panther,19443.0,2021,0.00041865104779940313,,,0.0,,,,,0.0,,,,,0.0,,,,,0.0,,,,
DE,,,III. Weg,,III. Weg,7832.0,2021,0.0001686403850416564,,,,,,,,,,,,,,,,,,,,,,
DE,,,LIEBE,,LIEBE,12979.5,2021,0.0002794775124678472,,,,,,,,,,,,,,,,,,,,,,
DE,,,LKR,,LKR,11160.3,2021,0.00024030608901690474,,,,,,,,,,,,,,,,,,,,,,
DE,,,MERA25,,MERA25,6994.0,2025,0.0001408674469952494,,,,,,,,,,,,,,,,,,,,,,
DE,,,MLPD,,MLPD,37352.6,2025,0.00039378030543381776,,,,,,,,,,,,,,,,,,,,,,
DE,,,Menschliche Welt,,Menschliche Welt,4480.0,2025,8.152100329005504e-05,,,,,,,,,,,,,,,,,,,,,,
DE,,,NPD,1723.0,NPD,64582.7,2021,0.0013906092179557946,Radical right,ep_panel,0.0,,,,,0.0,,,,,0.0,,,,,0.0,,,,
DE,,,PD F,,PD F,24619.0,2025,0.0004307796620438082,,,,,,,,,,,,,,,,,,,,,,
DE,,,PD H,,PD H,14294.0,2025,0.0002878980965613519,,,,,,,,,,,,,,,,,,,,,,
DE,,,PIRATEN,1287.0,PIRATEN,183757.9,2025,0.0036595717181909264,No family,ep_panel,0.0,,,,,0.0,,,,,0.0,,,,,0.0,,,,
DE,,,Partei für Verjüngungsforschung,,Partei für Verjüngungsforschung,303.0,2025,6.102779016236856e-06,,,,,,,,,,,,,,,,,,,,,,
DE,,,SGP,,SGP,1842.0,2025,3.0511162615427366e-05,,,,,,,,,,,,,,,,,,,,,,
DE,,,SPD,383.0,SPD,20107269.1,2025,0.2574854691072519,Social democratic,ep_panel,0.0,,,,,0.0,,,,,0.0,,,,,0.0,,,,
DE,,,SSW,50.0,SSW,131716.0,2025,0.0015335095337895767,,,0.0,,,,,0.0,,,,,0.0,,,,,0.0,,,,
DE,,,TIERSCHUTZALLIANZ,,TIERSCHUTZALLIANZ,13672.0,2021,0.0002943885781779273,,,,,,,,,,,,,,,,,,,,,,
DE,,,Team Todenhöfer,,Team Todenhöfer,239148.9,2025,0.004620727171139019,,,,,,,,,,,,,,,,,,,,,,
DE,,,Tierschutzpartei,749.0,Tierschutzpartei,1157684.1,2025,0.014544653992994342,Green,ep_panel,0.0,,,,,0.0,,,,,0.0,,,,,0.0,,,,
DE,,,UNABHAENGIGE,,UNABHAENGIGE,22736.0,2021,0.0004895566642373723,,,,,,,,,,,,,,,,,,,,,,
DE,,,V-Partei³,,V-Partei³,31890.1,2021,0.0006866648037559917,,,,,,,,,,,,,,,,,,,,,,
DE,,,Volt,,Volt,520766.7,2025,0.007155397620020918,,,,,,,,,,,,,,,,,,,,,,
DE,,,WerteUnion,,WerteUnion,6736.0,2025,0.00013567102129825566,,,,,,,,,,,,,,,,,,,,,,
DE,,,dieBasis,8993.0,dieBasis,715619.2,2025,0.013570602890582326,No family,manual,0.0,,,,,0.0,,,,,0.0,,,,,0.0,,,,
DE,,,ÖDP,7345.0,ÖDP,162085.5,2025,0.0024185317937252824,Green,ep_panel,0.0,,,,,0.0,,,,,0.0,,,,,0.0,,,,
DK,A,The Alternative,Alternativet,379.0,Alternativet,273066.0,2019,0.047964939910263946,Social democratic,manual_override,0.0,,,,,0.0,,,,,0.0,,,,,0.0,,,,
DK,A,,A. Socialdemokratiet,379.0,A. Socialdemokratiet,971995.0,2022,0.2750448435759296,Social democratic,manual_override,0.0,,,,,0.0,,,,,0.0,,,,,0.0,,,,
DK,B,,B. Radikale Venstre,1507.0,B. Radikale Venstre,133931.0,2022,0.03789837493502315,Liberal,ep_panel,0.0,,,,,0.0,,,,,0.0,,,,,0.0,,,,
DK,BORGERLISTEN,,,,BORGERLISTEN,3881.0,2019,0.0010988979873829182,,,,,,,,,,,,,,,,,,,,,,
DK,C,,C. Det Konservative Folkeparti,536.0,C. Det Konservative Folkeparti,194820.0,2022,0.05512809883328886,Conservative,ep_panel,0.0,,,,,0.0,,,,,0.0,,,,,0.0,,,,
DK,CD,Centre Democrats,Centrumdemokraterne,800.0,Centrumdemokraterne,501765.0,2005,0.05110286196522971,Liberal,ep_panel,0.0,,,,,0.0,,,,,0.0,,,,,0.0,,,,
DK,D,,D. Nye Borgerlige,7339.0,D. Nye Borgerlige,129524.0,2022,0.036651328781864834,Radical right,ches_link,1.0,1900.0,2100.0,2100.0,2100.0,1.0,1900.0,2100.0,1900.0,2100.0,0.0,2100.0,2100.0,2100.0,2100.0,1.0,1900.0,2100.0,1900.0,2100.0
DK,DF,Danish Peoples Party,Dansk Folkeparti,1022.0,Dansk Folkeparti,3077880.0,2019,0.2107839557236216,Radical right,ep_panel,1.0,1900.0,2100.0,1900.0,2100.0,1.0,1900.0,2100.0,1900.0,2100.0,0.0,2100.0,2100.0,2100.0,2100.0,1.0,1900.0,2100.0,1900.0,2100.0
DK,EL,Red-Green Alliance,Enhedslisten / De Rod-Gronne,1527.0,Enhedslisten / De Rod-Gronne,1278885.0,2019,0.07799488887000719,Radical left,ep_panel,0.0,2100.0,2100.0,2100.0,2100.0,0.0,2100.0,2100.0,2100.0,2100.0,1.0,1900.0,2100.0,1900.0,2100.0,1.0,1900.0,2100.0,1900.0,2100.0
DK,F,,F. SF - Socialistisk Folkeparti,329.0,F. SF - Socialistisk Folkeparti,293186.0,2022,0.08296266699792951,Radical left,ep_panel,0.0,2100.0,2100.0,2100.0,2100.0,0.0,2100.0,2100.0,2100.0,2100.0,1.0,1900.0,2100.0,2100.0,2100.0,1.0,1900.0,2004.0,1900.0,2004.0
DK,FK,Common Course,Faelles Kurs,1676.0,Faelles Kurs,57896.0,1990,0.017871000122852324,No family,manual,0.0,,,,,0.0,,,,,0.0,,,,,0.0,,,,
DK,FP,Progress Party,Fremskridtspartiet,1601.0,Fremskridtspartiet,504978.0,1998,0.06435362701417617,Radical right,ep_panel,1.0,1900.0,2100.0,1900.0,2100.0,0.0,2100.0,2100.0,2100.0,2100.0,0.0,2100.0,2100.0,2100.0,2100.0,1.0,1900.0,2100.0,1900.0,2100.0
DK,GREEN,,,112.0,GREEN,9775.0,1990,0.0030172900753226727,,,0.0,,,,,0.0,,,,,0.0,,,,,0.0,,,,
DK,I,,I. Liberal Alliance,3922.0,I. Liberal Alliance,278656.0,2022,0.07885112159166893,Liberal,manual,0.0,,,,,0.0,,,,,0.0,,,,,0.0,,,,
DK,K,Conservative People's Party,Konservative Folkeparti,53.0,Konservative Folkeparti,2865078.0,2019,0.15967499078607583,Confessional/agrarian/other,ep_panel,0.0,,,,,0.0,,,,,0.0,,,,,0.0,,,,
DK,K,,K. KD - Kristendemokraterne,53.0,K. KD - Kristendemokraterne,18276.0,2022,0.005171548784915241,Confessional/agrarian/other,ep_panel,0.0,,,,,0.0,,,,,0.0,,,,,0.0,,,,
DK,KD,Christian People's Party / Christian Democrats,Kristeligt Folkeparti / Kristendemokraterne,53.0,Kristeligt Folkeparti / Kristendemokraterne,464071.0,2019,0.02514858351313874,Confessional/agrarian/other,ep_panel,0.0,,,,,0.0,,,,,0.0,,,,,0.0,,,,
DK,LA,[New] Liberal Alliance,[Ny] Liberal Alliance,212.0,[Ny] Liberal Alliance,621279.0,2019,0.07534242098649413,Liberal,ep_panel,0.0,,,,,0.0,,,,,0.0,,,,,0.0,,,,
DK,M,,M. Moderaterne,9063.0,M. Moderaterne,327699.0,2022,0.09272878995775549,Liberal,ep_panel,0.0,,,,,0.0,,,,,0.0,,,,,0.0,,,,
DK,NB,The New Right,Nye Borgerlige,7339.0,Nye Borgerlige,83201.0,2019,0.023558209597589842,Radical right,ches_link,1.0,1900.0,2100.0,2100.0,2100.0,1.0,1900.0,2100.0,1900.0,2100.0,0.0,2100.0,2100.0,2100.0,2100.0,1.0,1900.0,2100.0,1900.0,2100.0
DK,O,,O. Dansk Folkeparti,1022.0,O. Dansk Folkeparti,93428.0,2022,0.02643726525919573,Radical right,ep_panel,1.0,1900.0,2100.0,1900.0,2100.0,1.0,1900.0,2100.0,1900.0,2100.0,0.0,2100.0,2100.0,2100.0,2100.0,1.0,1900.0,2100.0,1900.0,2100.0
DK,OTHER,,,1858.0,OTHER,197912.0,2019,0.014209815715343143,No family,generic,0.0,,,,,0.0,,,,,0.0,,,,,0.0,,,,
DK,Q,,"Q. Frie Grønne, Danmarks Nye Venstrefløjsparti",9481.0,"Q. Frie Grønne, Danmarks Nye Venstrefløjsparti",31787.0,2022,0.008994748370874413,,,0.0,,,,,0.0,,,,,0.0,,,,,0.0,,,,
DK,RV,Danish Social-Liberal Party / Radical Liberal Party,Det Radikale Venstre,1507.0,Det Radikale Venstre,1865660.0,2019,0.09496842076760438,Liberal,ep_panel,0.0,,,,,0.0,,,,,0.0,,,,,0.0,,,,
DK,SD,Social Democrats,Socialdemokraterne,379.0,Socialdemokraterne,9055935.0,2019,0.3738417773212144,Social democratic,ep_panel,0.0,,,,,0.0,,,,,0.0,,,,,0.0,,,,
DK,SF,Socialist Peoples Party,Socialistisk Folkeparti,329.0,Socialistisk Folkeparti,2386501.0,2019,0.13036148555581153,Radical left,ep_panel,0.0,2100.0,2100.0,2100.0,2100.0,0.0,2100.0,2100.0,2100.0,2100.0,1.0,1900.0,2100.0,2100.0,2100.0,1.0,1900.0,2004.0,1900.0,2004.0
DK,SK,Hard Line,Stram Kurs,7338.0,Stram Kurs,63114.0,2019,0.017870612619346946,No family,manual,0.0,,,,,0.0,,,,,0.0,,,,,0.0,,,,
DK,V,Liberal Party,Venstre,1204.0,Venstre,7524753.0,2019,0.3124526766054009,Liberal,ep_panel,0.0,,,,,0.0,,,,,0.0,,,,,0.0,,,,
DK,V,,"V. Venstre, Danmarks Liberale Parti",1204.0,"V. Venstre, Danmarks Liberale Parti",470546.0,2022,0.1331501200780656,Liberal,ep_panel,0.0,,,,,0.0,,,,,0.0,,,,,0.0,,,,
DK,Å,,Å. Alternativet,4070.0,Å. Alternativet,117567.0,2022,0.033267863646100355,Green,ep_panel,0.0,,,,,0.0,,,,,0.0,,,,,0.0,,,,
DK,Æ,,Æ. Danmarksdemokraterne - Inger Støjberg,9062.0,Æ. Danmarksdemokraterne - Inger Støjberg,286796.0,2022,0.0811544925212602,Radical right,ep_panel,1.0,1900.0,2100.0,1900.0,2100.0,1.0,1900.0,2100.0,1900.0,2100.0,0.0,2100.0,2100.0,2100.0,2100.0,1.0,1900.0,2100.0,1900.0,2100.0
DK,Ø,,Ø. Enhedslisten - De Rød-Grønne,1527.0,Ø. Enhedslisten - De Rød-Grønne,181452.0,2022,0.051345363871768454,Radical left,ep_panel,0.0,2100.0,2100.0,2100.0,2100.0,0.0,2100.0,2100.0,2100.0,2100.0,1.0,1900.0,2100.0,1900.0,2100.0,1.0,1900.0,2100.0,1900.0,2100.0
DK,,,Uden for partier,,Uden for partier,4288.0,2022,0.0012133727943596274,,,,,,,,,,,,,,,,,,,,,,
EE,E200,Estonia 200,Erakond Eesti 200,7340.0,Erakond Eesti 200,24114.0,2019,0.04347057975194693,Liberal,ep_panel,0.0,,,,,0.0,,,,,0.0,,,,,0.0,,,,
EE,EE,Richness of Life,Elurikkuse Erakond,7341.0,Elurikkuse Erakond,6752.0,2019,0.012171906547447361,No family,manual,0.0,,,,,0.0,,,,,0.0,,,,,0.0,,,,
EE,EEKD,Estonian Christian Democrats,Eesti Kristlikud Demokraadid,790.0,Eesti Kristlikud Demokraadid,14310.0,2007,0.017477299012026746,Christian democratic,manual,0.0,,,,,0.0,,,,,0.0,,,,,0.0,,,,
EE,EG,Estonian Greens,Erakonna Eestimaa Rohelised,1040.0,Erakonna Eestimaa Rohelised,62365.0,2019,0.06938016600730988,Green,ep_panel,0.0,,,,,0.0,,,,,0.0,,,,,0.0,,,,
EE,EIP,,,429.0,EIP,734.0,2003,0.001488647541399207,,,0.0,,,,,0.0,,,,,0.0,,,,,0.0,,,,
EE,EK,Estonian Centre Party,Eesti Keskerakond,533.0,Eesti Keskerakond,657495.0,2019,0.27748400823324765,Liberal,ep_panel,1.0,1900.0,2100.0,2100.0,2100.0,0.0,2100.0,2100.0,2100.0,2100.0,0.0,2100.0,2100.0,2100.0,2100.0,0.0,2100.0,2100.0,2100.0,2100.0
EE,EKRE,Conservative Peoples Party,Eesti Konservatiivne Rahvaerakond,4094.0,Eesti Konservatiivne Rahvaerakond,143972.0,2019,0.17590315835015863,Radical right,ep_panel,1.0,1900.0,2100.0,1900.0,2100.0,1.0,1900.0,2100.0,1900.0,2100.0,0.0,2100.0,2100.0,2100.0,2100.0,1.0,1900.0,2100.0,1900.0,2100.0
EE,ER,Estonian Reform Party,Eesti Reformierakond,821.0,Eesti Reformierakond,660080.0,2019,0.28977862705509083,Liberal,ep_panel,0.0,,,,,0.0,,,,,0.0,,,,,0.0,,,,
EE,ERL,People's Union of Estonia,Eestimaa Rahvalliit,110.0,Eestimaa Rahvalliit,112776.0,2011,0.13064403273402087,Radical right,ep_panel,1.0,1900.0,2100.0,1900.0,2100.0,1.0,1900.0,2100.0,1900.0,2100.0,0.0,2100.0,2100.0,2100.0,2100.0,1.0,1900.0,2100.0,1900.0,2100.0
EE,EV,Estonian Free Party,Eesti Vabaerakond,3271.0,Eesti Vabaerakond,55830.0,2019,0.08673126671635902,Conservative,ess_build,0.0,,,,,0.0,,,,,0.0,,,,,0.0,,,,
EE,IND,,,,IND,11879.0,2011,0.02744184864592646,No family,generic,0.0,,,,,0.0,,,,,0.0,,,,,0.0,,,,
EE,IRL,Union of Pro Patria and Res Publica,Erakond Isamaa ja Res Publica Liit,685.0,Erakond Isamaa ja Res Publica Liit,312355.0,2019,0.18868783193455907,Conservative,ep_panel,0.0,,,,,0.0,,,,,0.0,,,,,0.0,,,,
EE,ISAMAALIIT,Pro Patria Union,Isamaaliit,779.0,Isamaaliit,35384.0,2003,0.07176335777230182,Conservative,manual,0.0,,,,,0.0,,,,,0.0,,,,,0.0,,,,
EE,KEUR,Constitution Party -- Estonian United People's Party,Konstitutsioonierakond - Eestimaa Uhendatud Rahvapartei,18.0,Konstitutsioonierakond - Eestimaa Uhendatud Rahvapartei,16439.0,2007,0.022512244835873566,Regionalist,ess_build,0.0,,,,,0.0,,,,,0.0,,,,,0.0,,,,
EE,OTHER,,,1840.0,OTHER,26904.0,2019,0.016202043232340948,No family,generic,0.0,,,,,0.0,,,,,0.0,,,,,0.0,,,,
EE,RESP,Union for the Republic / Res Publica Party,Uhendus vabariigi eest / Res Publica,491.0,Uhendus vabariigi eest / Res Publica,121383.0,2003,0.2461805238660217,Conservative,manual,1.0,1900.0,2100.0,1900.0,2100.0,0.0,2100.0,2100.0,2100.0,2100.0,0.0,2100.0,2100.0,2100.0,2100.0,0.0,2100.0,2100.0,2100.0,2100.0
EE,SDE-MOODUKAT,Social Democratic Party -- Moderates,Sotsiaaldemokraatlik Erakond - Moodukad,1150.0,Sotsiaaldemokraatlik Erakond - Moodukad,302417.0,2019,0.16818787698178936,Social democratic,ep_panel,0.0,,,,,0.0,,,,,0.0,,,,,0.0,,,,
EE,VEE,,,1975.0,VEE,3579.0,2011,0.008267899343696506,,,0.0,,,,,0.0,,,,,0.0,,,,,0.0,,,,
EE,,,EESTIMAA ÜHENDATUD VASAKPARTEI,9124.0,EESTIMAA ÜHENDATUD VASAKPARTEI,14605.0,2023,0.023930892890206275,Radical left,manual,0.0,,,,,0.0,,,,,1.0,1900.0,2100.0,1900.0,2100.0,0.0,,,,
EE,,,Eesti Keskerakond,533.0,Eesti Keskerakond,93254.0,2023,0.15280051253565874,Liberal,ep_panel,1.0,1900.0,2100.0,2100.0,2100.0,0.0,2100.0,2100.0,2100.0,2100.0,0.0,2100.0,2100.0,2100.0,2100.0,0.0,2100.0,2100.0,2100.0,2100.0
EE,,,Eesti Konservatiivne Rahvaerakond,110.0,Eesti Konservatiivne Rahvaerakond,97966.0,2023,0.16052131823909263,Radical right,ep_panel,1.0,1900.0,2100.0,1900.0,2100.0,1.0,1900.0,2100.0,1900.0,2100.0,0.0,2100.0,2100.0,2100.0,2100.0,1.0,1900.0,2100.0,1900.0,2100.0
EE,,,Eesti Reformierakond,821.0,Eesti Reformierakond,190632.0,2023,0.3123583686029307,Liberal,ep_panel,0.0,,,,,0.0,,,,,0.0,,,,,0.0,,,,
EE,,,Erakond Eesti 200,7340.0,Erakond Eesti 200,81329.0,2023,0.13326090981633593,Liberal,ep_panel,0.0,,,,,0.0,,,,,0.0,,,,,0.0,,,,
EE,,,Erakond Eestimaa Rohelised,1040.0,Erakond Eestimaa Rohelised,5886.0,2023,0.009644452964858208,Green,ep_panel,0.0,,,,,0.0,,,,,0.0,,,,,0.0,,,,
EE,,,Erakond Parempoolsed,83.0,Erakond Parempoolsed,14037.0,2023,0.02300020154055635,Conservative,manual,0.0,,,,,0.0,,,,,0.0,,,,,0.0,,,,
EE,,,ISAMAA Erakond,685.0,ISAMAA Erakond,50118.0,2023,0.08212040327773763,Conservative,ep_panel,0.0,,,,,0.0,,,,,0.0,,,,,0.0,,,,
EE,,,Sotsiaaldemokraatlik Erakond,1150.0,Sotsiaaldemokraatlik Erakond,56584.0,2023,0.09271521008554823,Social democratic,ep_panel,0.0,,,,,0.0,,,,,0.0,,,,,0.0,,,,
EE,,,Üksikkandidaadid,,Üksikkandidaadid,5888.0,2023,0.009647730047075287,,,,,,,,,,,,,,,,,,,,,,
ES,AMAIUR,Amaiur,Amaiur,1671.0,Amaiur,334498.0,2011,0.013928493145391518,Regionalist,ess_build,0.0,,,,,0.0,,,,,0.0,,,,,0.0,,,,
ES,BNG,Galician Nationalist Block,Bloque Nacionalista Galego,1011.0,Bloque Nacionalista Galego,1379104.0,2019,0.013424298485201332,Regionalist,ep_panel,0.0,2100.0,2100.0,2100.0,2100.0,0.0,2100.0,2100.0,2100.0,2100.0,1.0,1900.0,2100.0,1900.0,2100.0,1.0,1900.0,2100.0,1900.0,2100.0
ES,BNG-NOS,,,,BNG-NOS,45252.0,2016,0.0018953976083610608,,,,,,,,,,,,,,,,,,,,,,
ES,C'S,,,,C'S,6656098.0,2016,0.14045088831831573,Liberal,manual,0.0,,,,,0.0,,,,,0.0,,,,,0.0,,,,
ES,CC,Canary Coalition,Coalicion Canaria,81.0,Coalicion Canaria,1229487.0,2011,0.01088174333013755,Regionalist,ess_build,0.0,,,,,0.0,,,,,0.0,,,,,0.0,,,,
ES,CCA-PNC,,,,CCA-PNC,160170.0,2016,0.003277657320053878,,,,,,,,,,,,,,,,,,,,,,
ES,CCA-PNC-NC,,,,CCA-PNC-NC,124289.0,2019,0.00516987624600157,,,,,,,,,,,,,,,,,,,,,,
ES,CDC,Democratic Convergence of Catalonia,Convergencia Democratica de Catalunya,4795.0,Convergencia Democratica de Catalunya,483488.0,2016,0.020251082800125355,Regionalist,ess_build,0.0,,,,,0.0,,,,,0.0,,,,,0.0,,,,
ES,CHA,,,,CHA,2000.0,2019,8.31912115473062e-05,,,,,,,,,,,,,,,,,,,,,,
ES,CIU,Convergence and Unity,Convergencia i Unio,139.0,Convergencia i Unio,5918424.0,2011,0.049813006221161776,Regionalist,ep_panel,0.0,,,,,0.0,,,,,0.0,,,,,0.0,,,,
ES,CPM,,,,CPM,8955.0,2019,0.0003724886497030635,,,,,,,,,,,,,,,,,,,,,,
ES,CS,Citizens -- Party of the Citizenry,Ciudadanos - Partido de la Ciudadania,3217.0,Ciudadanos - Partido de la Ciudadania,1650318.0,2019,0.06864597692916365,Liberal,ep_panel,0.0,,,,,0.0,,,,,0.0,,,,,0.0,,,,
ES,CUP-PR,,,,CUP-PR,246971.0,2019,0.01027290835352488,Radical left,manual,0.0,,,,,0.0,,,,,1.0,1900.0,2100.0,1900.0,2100.0,0.0,,,,
ES,DL,,,,DL,567253.0,2015,0.022669100303434643,Regionalist,manual,0.0,,,,,0.0,,,,,0.0,,,,,0.0,,,,
ES,EAJ-PNV,,,1637.0,EAJ-PNV,968332.0,2019,0.015764817779426073,Regionalist,ep_panel,0.0,,,,,0.0,,,,,0.0,,,,,0.0,,,,
ES,EAJ_PNV,Basque Nationalist Party,Partido Nacionalista Vasco - Euzko Alderdi Jeltzalea,1637.0,Partido Nacionalista Vasco - Euzko Alderdi Jeltzalea,2015777.0,2011,0.016519706238200208,Regionalist,ep_panel,0.0,,,,,0.0,,,,,0.0,,,,,0.0,,,,
ES,ECP,In Common We Can,En Comu Podem,8031.0,En Comu Podem,1782982.0,2016,0.03716074307259337,Radical left,manual,1.0,1900.0,2019.0,1900.0,2019.0,0.0,2100.0,2100.0,2100.0,2100.0,1.0,1900.0,2100.0,1900.0,2100.0,1.0,1900.0,2100.0,1900.0,2100.0
ES,ECP-GUANYEM EL CANVI,,,3203.0,ECP-GUANYEM EL CANVI,549173.0,2019,0.022843183609534395,Radical left,manual,1.0,1900.0,2019.0,1900.0,2019.0,0.0,2100.0,2100.0,2100.0,2100.0,1.0,1900.0,2100.0,1900.0,2100.0,1.0,1900.0,2100.0,1900.0,2100.0
ES,EH BILDU,Basque Country Unite,Euskal Herria Bildu / Reunir Euskal Herria,5668.0,Euskal Herria Bildu / Reunir Euskal Herria,681459.0,2019,0.011547813670487348,Regionalist,ess_build,0.0,2100.0,2100.0,2100.0,2100.0,0.0,2100.0,2100.0,2100.0,2100.0,1.0,1900.0,2100.0,1900.0,2100.0,1.0,1900.0,2100.0,1900.0,2100.0
ES,EL PI,,,,EL PI,12910.0,2015,0.0005159216168400013,,,,,,,,,,,,,,,,,,,,,,
ES,ERC,Republican Left of Catalonia,Esquerra Republicana de Catalunya,848.0,Esquerra Republicana de Catalunya,1734810.0,2011,0.02559286980314795,Regionalist,ep_panel,0.0,,,,,0.0,,,,,0.0,,,,,0.0,,,,
ES,ERC-CATSI,,,,ERC-CATSI,1234016.0,2016,0.026481366824108257,Regionalist,manual,0.0,,,,,0.0,,,,,0.0,,,,,0.0,,,,
ES,ERC-SOBIRANISTES,,,,ERC-SOBIRANISTES,874859.0,2019,0.036390290071532376,Regionalist,manual,0.0,,,,,0.0,,,,,0.0,,,,,0.0,,,,
ES,GBAI,,,,GBAI,57694.0,2019,0.0012245445533083904,,,,,,,,,,,,,,,,,,,,,,
ES,IU,United Left,Izquierda Unida,247.0,Izquierda Unida,10096482.0,2011,0.10642992152822583,Radical left,ep_panel,0.0,2100.0,2100.0,2100.0,2100.0,0.0,2100.0,2100.0,2100.0,2100.0,1.0,1900.0,2100.0,1900.0,2100.0,1.0,1900.0,2100.0,1900.0,2100.0
ES,IU-UPEC,,,,IU-UPEC,926783.0,2015,0.03703697783267443,Radical left,manual,0.0,,,,,0.0,,,,,1.0,1900.0,2100.0,1900.0,2100.0,0.0,,,,
ES,JXCAT-JUNTS,Together for Catalonia,Junts per Catalunya,7421.0,Junts per Catalunya,530225.0,2019,0.022055030071335215,Regionalist,ep_panel,0.0,,,,,0.0,,,,,0.0,,,,,0.0,,,,
ES,M PAIS-CHA-EQUO,,,,M PAIS-CHA-EQUO,23196.0,2019,0.0009648516715256573,,,,,,,,,,,,,,,,,,,,,,
ES,MAS PAIS,,,8395.0,MAS PAIS,52478.0,2019,0.0021828541997897673,Green,ess_build,0.0,,,,,0.0,,,,,0.0,,,,,0.0,,,,
ES,MAS PAIS-EQUO,,,8395.0,MAS PAIS-EQUO,330345.0,2019,0.013740900389297433,Green,ess_build,0.0,,,,,0.0,,,,,0.0,,,,,0.0,,,,
ES,MDYC,,,,MDYC,819.0,2019,3.406680112862189e-05,,,,,,,,,,,,,,,,,,,,,,
ES,MES,,,,MES,33877.0,2015,0.001353824679604084,,,,,,,,,,,,,,,,,,,,,,
ES,MES COMPROMIS,,,5623.0,MES COMPROMIS,176287.0,2019,0.007332764555019984,Radical left,ep_panel,0.0,,,,,0.0,,,,,0.0,,,,,0.0,,,,
ES,MES-ESQUERRA,,,,MES-ESQUERRA,18295.0,2019,0.0007609916076289835,,,,,,,,,,,,,,,,,,,,,,
ES,NA+,,,,NA+,99078.0,2019,0.004121209428842002,,,,,,,,,,,,,,,,,,,,,,
ES,NOS,,,,NOS,70863.0,2015,0.0028318941544642146,,,,,,,,,,,,,,,,,,,,,,
ES,OTHER,,,1839.0,OTHER,8528028.0,2019,0.0777612107070042,No family,generic,0.0,,,,,0.0,,,,,0.0,,,,,0.0,,,,
ES,PACMA,,,3219.0,PACMA,483165.0,2019,0.012008624704153028,Green,ep_panel,0.0,,,,,0.0,,,,,0.0,,,,,0.0,,,,
ES,PODEMOS,We Can,Podemos,3203.0,Podemos,3198584.0,2015,0.12782483569934613,Radical left,ep_panel,1.0,1900.0,2019.0,1900.0,2019.0,0.0,2100.0,2100.0,2100.0,2100.0,1.0,1900.0,2100.0,1900.0,2100.0,1.0,1900.0,2100.0,1900.0,2100.0
ES,PODEMOS-COM,,,3203.0,PODEMOS-COM,673549.0,2015,0.026917001479548106,Radical left,manual,1.0,1900.0,2019.0,1900.0,2019.0,0.0,2100.0,2100.0,2100.0,2100.0,1.0,1900.0,2100.0,1900.0,2100.0,1.0,1900.0,2100.0,1900.0,2100.0
ES,PODEMOS-COMPROMIS-EUPV,,,5623.0,PODEMOS-COMPROMIS-EUPV,659771.0,2016,0.02763476477207605,Radical left,ep_panel,1.0,1900.0,2019.0,1900.0,2019.0,0.0,2100.0,2100.0,2100.0,2100.0,1.0,1900.0,2100.0,1900.0,2100.0,1.0,1900.0,2100.0,1900.0,2100.0
ES,PODEMOS-EN,,,3203.0,PODEMOS-EN,410698.0,2015,0.0164127014866735,Radical left,manual,1.0,1900.0,2019.0,1900.0,2019.0,0.0,2100.0,2100.0,2100.0,2100.0,1.0,1900.0,2100.0,1900.0,2100.0,1.0,1900.0,2100.0,1900.0,2100.0
ES,PODEMOS-EN MAREA-ANOVA-EU,,,5873.0,PODEMOS-EN MAREA-ANOVA-EU,347542.0,2016,0.014556931751193755,Radical left,manual,1.0,1900.0,2019.0,1900.0,2019.0,0.0,2100.0,2100.0,2100.0,2100.0,1.0,1900.0,2100.0,1900.0,2100.0,1.0,1900.0,2100.0,1900.0,2100.0
ES,PODEMOS-EU,,,8271.0,PODEMOS-EU,188231.0,2019,0.007829582470380497,Radical left,ess_build,1.0,1900.0,2019.0,1900.0,2019.0,0.0,2100.0,2100.0,2100.0,2100.0,1.0,1900.0,2100.0,1900.0,2100.0,1.0,1900.0,2100.0,1900.0,2100.0
ES,PODEMOS-IU,,,3203.0,PODEMOS-IU,2381960.0,2019,0.09907906912861074,Radical left,manual,1.0,1900.0,2019.0,1900.0,2019.0,0.0,2100.0,2100.0,2100.0,2100.0,1.0,1900.0,2100.0,1900.0,2100.0,1.0,1900.0,2100.0,1900.0,2100.0
ES,PODEMOS-IU-EQUO,,,3203.0,PODEMOS-IU-EQUO,3227123.0,2016,0.1351693011598818,Radical left,manual,1.0,1900.0,2019.0,1900.0,2019.0,0.0,2100.0,2100.0,2100.0,2100.0,1.0,1900.0,2100.0,1900.0,2100.0,1.0,1900.0,2100.0,1900.0,2100.0
ES,PP,People's Alliance-Party / People's Party,Alianza-Partido Popular / Partido Popular,441.0,Alianza-Partido Popular / Partido Popular,79111832.0,2019,0.4523965095631712,Conservative,ep_panel,0.0,,,,,0.0,,,,,0.0,,,,,0.0,,,,
ES,PPSO,,,,PPSO,1466.0,2019,6.097915806417545e-05,,,,,,,,,,,,,,,,,,,,,,
ES,PRC,,,,PRC,68830.0,2019,0.002863025545400543,,,,,,,,,,,,,,,,,,,,,,
ES,PSOE,Spanish Socialist Workers Party,Partido Socialista Obrero Espanol,1338.0,Partido Socialista Obrero Espanol,73594245.0,2019,0.44358676192294605,Social democratic,ep_panel,0.0,,,,,0.0,,,,,0.0,,,,,0.0,,,,
ES,SI,,,,SI,7417.999999999999,2016,0.00031070581319770057,,,,,,,,,,,,,,,,,,,,,,
ES,UNIO.CAT,,,,UNIO.CAT,65388.0,2015,0.0026130970319081337,,,,,,,,,,,,,,,,,,,,,,
ES,UPL,,,,UPL,9588.0,2019,0.00039881866815778594,,,,,,,,,,,,,,,,,,,,,,
ES,UPYD,"Union, Progress and Democracy",Union Progreso y Democracia,55.0,Union Progreso y Democracia,1190363.0,2015,0.04760387678294106,Liberal,ep_panel,0.0,,,,,0.0,,,,,0.0,,,,,0.0,,,,
ES,VOX,Voice,Vox,3218.0,Vox,3656979.0,2019,0.15211425680652815,Radical right,ep_panel,1.0,1900.0,2100.0,1900.0,2100.0,1.0,1900.0,2100.0,1900.0,2100.0,0.0,2100.0,2100.0,2100.0,2100.0,1.0,1900.0,2100.0,1900.0,2100.0
ES,XAV,,,,XAV,5416.0,2019,0.0002252818008701052,,,,,,,,,,,,,,,,,,,,,,
ES,¡TERUEL EXISTE!,,,,¡TERUEL EXISTE!,19761.0,2019,0.0008219707656931589,,,,,,,,,,,,,,,,,,,,,,
ES,,,ADELANTE ANDALUCÍA,,ADELANTE ANDALUCÍA,9064.0,2023,0.00037033648853429817,,,,,,,,,,,,,,,,,,,,,,
ES,,,AHORA CANARIAS-PARTIDO COMUNISTA DEL PUEBLO CANARIO,,AHORA CANARIAS-PARTIDO COMUNISTA DEL PUEBLO CANARIO,1640.0,2023,6.700704337999216e-05,,,,,,,,,,,,,,,,,,,,,,
ES,,,ALMERIENSES - REGIONALISTAS PRO ALMERÍA,,ALMERIENSES - REGIONALISTAS PRO ALMERÍA,792.0,2023,3.2359498998142556e-05,,,,,,,,,,,,,,,,,,,,,,
ES,,,ARAGÓN EXISTE - COALICIÓN EXISTE,,ARAGÓN EXISTE - COALICIÓN EXISTE,9006.0,2023,0.00036796672724403014,,,,,,,,,,,,,,,,,,,,,,
ES,,,ASTURIAS EXISTE-ESPAÑA VACIADA,,ASTURIAS EXISTE-ESPAÑA VACIADA,2248.0,2023,9.184867897452585e-05,,,,,,,,,,,,,,,,,,,,,,
ES,,,BIDEZKO MUNDURANTZ,,BIDEZKO MUNDURANTZ,245.0,2023,1.0010198553718342e-05,,,,,,,,,,,,,,,,,,,,,,
ES,,,BLOQUE EXTREMEÑO,,BLOQUE EXTREMEÑO,5754.0,2023,0.00023509666317589933,,,,,,,,,,,,,,,,,,,,,,
ES,,,BLOQUE NACIONALISTA GALEGO,1011.0,BLOQUE NACIONALISTA GALEGO,152327.0,2023,0.006223769449356138,Regionalist,ep_panel,0.0,2100.0,2100.0,2100.0,2100.0,0.0,2100.0,2100.0,2100.0,2100.0,1.0,1900.0,2100.0,1900.0,2100.0,1.0,1900.0,2100.0,1900.0,2100.0
ES,,,CAMINANDO JUNTOS,,CAMINANDO JUNTOS,5482.0,2023,0.00022398329988360794,,,,,,,,,,,,,,,,,,,,,,
ES,,,CANDIDATURA D'UNITAT POPULAR-PER LA RUPTURA,8357.0,CANDIDATURA D'UNITAT POPULAR-PER LA RUPTURA,98794.0,2023,0.00403652063639204,Radical left,populist_implied,0.0,2100.0,2100.0,2100.0,2100.0,0.0,2100.0,2100.0,2100.0,2100.0,1.0,1900.0,2100.0,1900.0,2100.0,1.0,1900.0,2100.0,1900.0,2100.0
ES,,,COALICIÓN CANARIA,81.0,COALICIÓN CANARIA,114718.0,2023,0.004687142684430452,Regionalist,ess_build,0.0,,,,,0.0,,,,,0.0,,,,,0.0,,,,
ES,,,COALICIÓN DE CENTRO DEMOCRÁTICO,,COALICIÓN DE CENTRO DEMOCRÁTICO,100.0,2023,4.085795328048303e-06,,,,,,,,,,,,,,,,,,,,,,
ES,,,COALICIÓN POR MELILLA,,COALICIÓN POR MELILLA,1279.0,2023,5.225732224573779e-05,,,,,,,,,,,,,,,,,,,,,,
ES,,,COMPROMÍS - SUMAR: SUMEM PER GUANYAR,5623.0,COMPROMÍS - SUMAR: SUMEM PER GUANYAR,399405.0,2023,0.01631887082999132,Radical left,ep_panel,0.0,,,,,0.0,,,,,0.0,,,,,0.0,,,,
ES,,,ENTRE VEÏNS CATALUNYA,,ENTRE VEÏNS CATALUNYA,261.0,2023,1.0663925806206069e-05,,,,,,,,,,,,,,,,,,,,,,
ES,,,ESCAÑOS EN BLANCO PARA DEJAR ESCAÑOS VACÍOS,,ESCAÑOS EN BLANCO PARA DEJAR ESCAÑOS VACÍOS,7836.0,2023,0.000320162921905865,,,,,,,,,,,,,,,,,,,,,,
ES,,,ESCONS EN BLANC,,ESCONS EN BLANC,451.0,2023,1.8426936929497845e-05,,,,,,,,,,,,,,,,,,,,,,
ES,,,ESPAÑA VACIADA,,ESPAÑA VACIADA,3069.0,2023,0.0001253930586178024,,,,,,,,,,,,,,,,,,,,,,
ES,,,ESPAÑA VACIADA-PARTIDO CASTELLANO-TIERRA COMUNERA,,ESPAÑA VACIADA-PARTIDO CASTELLANO-TIERRA COMUNERA,1156.0,2023,4.723179399223838e-05,,,,,,,,,,,,,,,,,,,,,,
ES,,,ESQUERRA REPUBLICANA DE CATALUNYA,848.0,ESQUERRA REPUBLICANA DE CATALUNYA,462883.0,2023,0.018912451988329824,Regionalist,ep_panel,0.0,,,,,0.0,,,,,0.0,,,,,0.0,,,,
ES,,,ESTAT VALENCIÀ DEL BENESTAR,,ESTAT VALENCIÀ DEL BENESTAR,1400.0,2023,5.7201134592676234e-05,,,,,,,,,,,,,,,,,,,,,,
ES,,,EUSKAL HERRIA BILDU,5668.0,EUSKAL HERRIA BILDU,333362.0,2023,0.013620489021488382,Regionalist,ess_build,0.0,2100.0,2100.0,2100.0,2100.0,0.0,2100.0,2100.0,2100.0,2100.0,1.0,1900.0,2100.0,1900.0,2100.0,1.0,1900.0,2100.0,1900.0,2100.0
ES,,,EUZKO ALDERDI JELTZALEA-PARTIDO NACIONALISTA VASCO,,EUZKO ALDERDI JELTZALEA-PARTIDO NACIONALISTA VASCO,275782.0,2023,0.01126788807159817,Regionalist,manual,0.0,,,,,0.0,,,,,0.0,,,,,0.0,,,,
ES,,,FALANGE ESPAÑOLA DE LAS J.O.N.S.,,FALANGE ESPAÑOLA DE LAS J.O.N.S.,5104.0,2023,0.00020853899354358538,,,,,,,,,,,,,,,,,,,,,,
ES,,,FEDERACIÓN DE LOS INDEPENDIENTES DE ARAGÓN,,FEDERACIÓN DE LOS INDEPENDIENTES DE ARAGÓN,492.0,2023,2.0102113013997647e-05,,,,,,,,,,,,,,,,,,,,,,
ES,,,FRENTE OBRERO,,FRENTE OBRERO,46605.0,2023,0.0019041849126369115,,,,,,,,,,,,,,,,,,,,,,
ES,,,FUERZA CÍVICA,,FUERZA CÍVICA,113.0,2023,4.616948720694582e-06,,,,,,,,,,,,,,,,,,,,,,
ES,,,GEROA BAI,8358.0,GEROA BAI,9839.0,2023,0.0004020014023266725,,,0.0,,,,,0.0,,,,,0.0,,,,,0.0,,,,
ES,,,GRUPO INDEPENDIENTE PALENCIA TIERRA VIVA,,GRUPO INDEPENDIENTE PALENCIA TIERRA VIVA,361.0,2023,1.4749721134254373e-05,,,,,,,,,,,,,,,,,,,,,,
ES,,,JAÉN MERECE MÁS,,JAÉN MERECE MÁS,8234.0,2023,0.00033642438731149726,,,,,,,,,,,,,,,,,,,,,,
ES,,,JUNTOS POR GRANADA,,JUNTOS POR GRANADA,1099.0,2023,4.490289065525084e-05,,,,,,,,,,,,,,,,,,,,,,
ES,,,JUNTS PER CATALUNYA - JUNTS,7421.0,JUNTS PER CATALUNYA - JUNTS,392634.0,2023,0.016042221628329172,Regionalist,ep_panel,0.0,,,,,0.0,,,,,0.0,,,,,0.0,,,,
ES,,,LIBRES,,LIBRES,246.0,2023,1.0051056506998824e-05,,,,,,,,,,,,,,,,,,,,,,
ES,,,NUEVA CANARIAS - BLOQUE CANARISTA,,NUEVA CANARIAS - BLOQUE CANARISTA,45557.0,2023,0.0018613657775989653,,,,,,,,,,,,,,,,,,,,,,
ES,,,PARTIDO ANIMALISTA CON EL MEDIO AMBIENTE,,PARTIDO ANIMALISTA CON EL MEDIO AMBIENTE,129332.0,2023,0.0052842408136714305,,,,,,,,,,,,,,,,,,,,,,
ES,,,PARTIDO ARAGONÉS,946.0,PARTIDO ARAGONÉS,4088.0,2023,0.00016702731301061462,Regionalist,ches_link,0.0,,,,,0.0,,,,,0.0,,,,,0.0,,,,
ES,,,PARTIDO AUTÓNOMOS,,PARTIDO AUTÓNOMOS,1428.0,2023,5.834515728452976e-05,,,,,,,,,,,,,,,,,,,,,,
ES,,,PARTIDO COMUNISTA DE LOS TRABAJADORES DE ESPAÑA,,PARTIDO COMUNISTA DE LOS TRABAJADORES DE ESPAÑA,13287.0,2023,0.000542879625237778,,,,,,,,,,,,,,,,,,,,,,
ES,,,PARTIDO COMUNISTA DE LOS TRABAJADORES DE EUSKADI/EUSKADIKO LANGILEEN ALDERDI KOMUNISTA,,PARTIDO COMUNISTA DE LOS TRABAJADORES DE EUSKADI/EUSKADIKO LANGILEEN ALDERDI KOMUNISTA,251.0,2023,1.025534627340124e-05,,,,,,,,,,,,,,,,,,,,,,
ES,,,PARTIDO COMUNISTA DOS TRABALLADORES DE GALIZA,,PARTIDO COMUNISTA DOS TRABALLADORES DE GALIZA,614.0,2023,2.5086783314216577e-05,,,,,,,,,,,,,,,,,,,,,,
ES,,,PARTIDO DOS SOCIALISTAS DE GALICIA-PSOE,,PARTIDO DOS SOCIALISTAS DE GALICIA-PSOE,479355.0,2023,0.01958546419476594,Social democratic,manual,0.0,,,,,0.0,,,,,0.0,,,,,0.0,,,,
ES,,,PARTIDO HUMANISTA,,PARTIDO HUMANISTA,2811.0,2023,0.00011485170667143779,,,,,,,,,,,,,,,,,,,,,,
ES,,,PARTIDO POPULAR,441.0,PARTIDO POPULAR,7622723.0,2023,0.3114488602040634,Conservative,ep_panel,0.0,,,,,0.0,,,,,0.0,,,,,0.0,,,,
ES,,,PARTIDO POPULAR / PARTIT POPULAR,441.0,PARTIDO POPULAR / PARTIT POPULAR,387285.0,2023,0.015823672436231867,Conservative,ep_panel,0.0,,,,,0.0,,,,,0.0,,,,,0.0,,,,
ES,,,PARTIDO REGIONALISTA DEL PAÍS LEONÉS,,PARTIDO REGIONALISTA DEL PAÍS LEONÉS,886.0,2023,3.620014660650796e-05,,,,,,,,,,,,,,,,,,,,,,
ES,,,PARTIDO SOCIALISTA DE EUSKADI-EUSKADIKO EZKERRA (PSOE),,PARTIDO SOCIALISTA DE EUSKADI-EUSKADIKO EZKERRA (PSOE),289826.0,2023,0.011841697167469273,Social democratic,manual,0.0,,,,,0.0,,,,,0.0,,,,,0.0,,,,
ES,,,PARTIDO SOCIALISTA DE ISLAS BALEARES-PSOE,,PARTIDO SOCIALISTA DE ISLAS BALEARES-PSOE,151134.0,2023,0.0061750259110925215,,,,,,,,,,,,,,,,,,,,,,
ES,,,PARTIDO SOCIALISTA DE NAVARRA-PSOE,,PARTIDO SOCIALISTA DE NAVARRA-PSOE,92798.0,2023,0.003791536348522264,,,,,,,,,,,,,,,,,,,,,,
ES,,,PARTIDO SOCIALISTA OBRERO ESPAÑOL,1338.0,PARTIDO SOCIALISTA OBRERO ESPAÑOL,5534851.0,2023,0.22614268357243475,Social democratic,ep_panel,0.0,,,,,0.0,,,,,0.0,,,,,0.0,,,,
ES,,,PARTIDO UNIONISTA ESTADO DE ESPAÑA,,PARTIDO UNIONISTA ESTADO DE ESPAÑA,257.0,2023,1.0500493993084138e-05,,,,,,,,,,,,,,,,,,,,,,
ES,,,PARTIT ANIMALISTA AMB EL MEDI AMBIENTE,,PARTIT ANIMALISTA AMB EL MEDI AMBIENTE,36436.0,2023,0.0014887003857276795,,,,,,,,,,,,,,,,,,,,,,
ES,,,PARTIT COMUNISTA DELS TREBALLADORS DE CATALUNYA,,PARTIT COMUNISTA DELS TREBALLADORS DE CATALUNYA,3766.0,2023,0.00015387105205429908,,,,,,,,,,,,,,,,,,,,,,
ES,,,PARTIT DELS SOCIALISTES DE CATALUNYA (PSC-PSOE),586.0,PARTIT DELS SOCIALISTES DE CATALUNYA (PSC-PSOE),1213006.0,2023,0.04956094247694559,Social democratic,manual,0.0,,,,,0.0,,,,,0.0,,,,,0.0,,,,
ES,,,PARTIT DEMÒCRATA EUROPEU CATALÀ-ESPAI CIU,6027.0,PARTIT DEMÒCRATA EUROPEU CATALÀ-ESPAI CIU,31687.0,2023,0.0012946659655986657,,,0.0,,,,,0.0,,,,,0.0,,,,,0.0,,,,
ES,,,PARTIT POPULAR / PARTIDO POPULAR,441.0,PARTIT POPULAR / PARTIDO POPULAR,81832.0,2023,0.003343488032848487,Conservative,ep_panel,0.0,,,,,0.0,,,,,0.0,,,,,0.0,,,,
ES,,,POR HUELVA,,POR HUELVA,1914.0,2023,7.820212257884452e-05,,,,,,,,,,,,,,,,,,,,,,
ES,,,POR MI REGIÓN,,POR MI REGIÓN,1655.0,2023,6.76199126791994e-05,,,,,,,,,,,,,,,,,,,,,,
ES,,,POR UN MUNDO MAIS XUSTO,,POR UN MUNDO MAIS XUSTO,216.0,2023,8.825317908584334e-06,,,,,,,,,,,,,,,,,,,,,,
ES,,,POR UN MUNDO MÁS JUSTO,,POR UN MUNDO MÁS JUSTO,21952.0,2023,0.0008969137904131634,,,,,,,,,,,,,,,,,,,,,,
ES,,,POR ÁVILA,,POR ÁVILA,7321.0,2023,0.0002991210759664162,,,,,,,,,,,,,,,,,,,,,,
ES,,,RECORTES CERO,,RECORTES CERO,23232.0,2023,0.0009492119706121817,,,,,,,,,,,,,,,,,,,,,,
ES,,,REFERÉNDUM SISTEMA DINERO,,REFERÉNDUM SISTEMA DINERO,297.0,2023,1.213481212430346e-05,,,,,,,,,,,,,,,,,,,,,,
ES,,,SOMOS CÁCERES,,SOMOS CÁCERES,934.0,2023,3.816132836397115e-05,,,,,,,,,,,,,,,,,,,,,,
ES,,,SORIA ¡YA!,,SORIA ¡YA!,9626.0,2023,0.0003932986582779296,,,,,,,,,,,,,,,,,,,,,,
ES,,,SUMAR,3203.0,SUMAR,1151113.0,2023,0.04703212117455666,Radical left,manual,1.0,1900.0,2019.0,1900.0,2019.0,0.0,2100.0,2100.0,2100.0,2100.0,1.0,1900.0,2100.0,1900.0,2100.0,1.0,1900.0,2100.0,1900.0,2100.0
ES,,,SUMAR - EN COMÚ PODEM,8031.0,SUMAR - EN COMÚ PODEM,493548.0,2023,0.020165361125675837,Radical left,manual,1.0,1900.0,2019.0,1900.0,2019.0,0.0,2100.0,2100.0,2100.0,2100.0,1.0,1900.0,2100.0,1900.0,2100.0,1.0,1900.0,2100.0,1900.0,2100.0
ES,,,SUMAR ANDALUCÍA,3203.0,SUMAR ANDALUCÍA,520826.0,2023,0.021279884375260853,Radical left,manual,1.0,1900.0,2019.0,1900.0,2019.0,0.0,2100.0,2100.0,2100.0,2100.0,1.0,1900.0,2100.0,1900.0,2100.0,1.0,1900.0,2100.0,1900.0,2100.0
ES,,,SUMAR ARAGÓN,3203.0,SUMAR ARAGÓN,82863.0,2023,0.003385612582680665,Radical left,manual,1.0,1900.0,2019.0,1900.0,2019.0,0.0,2100.0,2100.0,2100.0,2100.0,1.0,1900.0,2100.0,1900.0,2100.0,1.0,1900.0,2100.0,1900.0,2100.0
ES,,,SUMAR CANARIAS,3203.0,SUMAR CANARIAS,107322.0,2023,0.0043849572619679995,Radical left,manual,1.0,1900.0,2019.0,1900.0,2019.0,0.0,2100.0,2100.0,2100.0,2100.0,1.0,1900.0,2100.0,1900.0,2100.0,1.0,1900.0,2100.0,1900.0,2100.0
ES,,,SUMAR GALICIA,3203.0,SUMAR GALICIA,175813.0,2023,0.007183359340101563,Radical left,manual,1.0,1900.0,2019.0,1900.0,2019.0,0.0,2100.0,2100.0,2100.0,2100.0,1.0,1900.0,2100.0,1900.0,2100.0,1.0,1900.0,2100.0,1900.0,2100.0
ES,,,SUMAR MÉS,3203.0,SUMAR MÉS,83116.0,2023,0.0033959496448606272,Radical left,manual,1.0,1900.0,2019.0,1900.0,2019.0,0.0,2100.0,2100.0,2100.0,2100.0,1.0,1900.0,2100.0,1900.0,2100.0,1.0,1900.0,2100.0,1900.0,2100.0
ES,,,TERCERA EDAD EN ACCIÓN,,TERCERA EDAD EN ACCIÓN,466.0,2023,1.903980622870509e-05,,,,,,,,,,,,,,,,,,,,,,
ES,,,TERUEL EXISTE - COALICIÓN EXISTE,,TERUEL EXISTE - COALICIÓN EXISTE,11292.0,2023,0.0004613680084432143,,,,,,,,,,,,,,,,,,,,,,
ES,,,UNIDAD CASTELLANA,,UNIDAD CASTELLANA,452.0,2023,1.8467794882778327e-05,,,,,,,,,,,,,,,,,,,,,,
ES,,,UNIDOS POR LA SOLIDARIDAD INTERNACIONAL,,UNIDOS POR LA SOLIDARIDAD INTERNACIONAL,241.0,2023,9.846766740596409e-06,,,,,,,,,,,,,,,,,,,,,,
ES,,,UNION DEL PUEBLO NAVARRO,722.0,UNION DEL PUEBLO NAVARRO,51764.0,2023,0.0021149710936109235,Regionalist,ess_build,0.0,,,,,0.0,,,,,0.0,,,,,0.0,,,,
ES,,,UNIÓN DEL PUEBLO LEONÉS,,UNIÓN DEL PUEBLO LEONÉS,23010.0,2023,0.0009401415049839144,,,,,,,,,,,,,,,,,,,,,,
ES,,,VAMOS PALENCIA,,VAMOS PALENCIA,1898.0,2023,7.754839532635678e-05,,,,,,,,,,,,,,,,,,,,,,
ES,,,VOX,3218.0,VOX,3033744.0,2023,0.1239525706169457,Radical right,ep_panel,1.0,1900.0,2100.0,1900.0,2100.0,1.0,1900.0,2100.0,1900.0,2100.0,0.0,2100.0,2100.0,2100.0,2100.0,1.0,1900.0,2100.0,1900.0,2100.0
ES,,,Votos en blanco,,Votos en blanco,191897.0,2023,0.00784051866066485,,,,,,,,,,,,,,,,,,,,,,
ES,,,VÍA BURGALESA,,VÍA BURGALESA,1739.0,2023,7.105198075475998e-05,,,,,,,,,,,,,,,,,,,,,,
ES,,,ZAMORA SÍ,,ZAMORA SÍ,1797.0,2023,7.3421742045028e-05,,,,,,,,,,,,,,,,,,,,,,
FI,GREENS,Green League,Vihrea Liitto,479.0,Vihrea Liitto,1954255.0,2019,0.11492655867324093,Green,ep_panel,0.0,,,,,0.0,,,,,0.0,,,,,0.0,,,,
FI,IP,,,,IP,33995.0,2015,0.010096179546712167,No family,manual,0.0,,,,,0.0,,,,,0.0,,,,,0.0,,,,
FI,KD,Christian Democrats / League,Kristillisdemokraatit,703.0,Kristillisdemokraatit,1067991.0,2019,0.053366750759467965,Confessional/agrarian/other,ep_panel,0.0,,,,,0.0,,,,,0.0,,,,,0.0,,,,
FI,KESK,Agrarian Union / Centre Party,Maalaisliitto / Keskusta,901.0,Maalaisliitto / Keskusta,5699489.0,2019,0.24880425628371294,Agrarian/center,ep_panel,0.0,,,,,0.0,,,,,0.0,,,,,0.0,,,,
FI,KIPU (2003),,,1223.0,KIPU (2003),20202.0,2003,0.0027930575234094324,Green,ep_panel,0.0,,,,,0.0,,,,,0.0,,,,,0.0,,,,
FI,KOK,National Coalition Party,Kansallinen Kokoomus,495.0,Kansallinen Kokoomus,5700206.0,2019,0.23157468285877594,Conservative,ep_panel,0.0,,,,,0.0,,,,,0.0,,,,,0.0,,,,
FI,KP,,,,KP,1944.0,2019,0.0006307764390723173,,,,,,,,,,,,,,,,,,,,,,
FI,LEFT,Left Alliance,Vasemmistoliitto,1044.0,Vasemmistoliitto,2763142.0,2019,0.1340636145034043,Radical left,ep_panel,0.0,,,,,0.0,,,,,0.0,,,,,0.0,,,,
FI,LIB (2007),,,249.0,LIB (2007),38020.0,1995,0.006889276763774192,,,0.0,,,,,0.0,,,,,0.0,,,,,0.0,,,,
FI,OTHER,,,1859.0,OTHER,821442.0,2019,0.05568474379204385,No family,generic,0.0,,,,,0.0,,,,,0.0,,,,,0.0,,,,
FI,PIRATE PTY,,,2687.0,PIRATE PTY,23972.0,2019,0.004732758646826519,No family,ess_build,0.0,,,,,0.0,,,,,0.0,,,,,0.0,,,,
FI,POP (1991),,,414.0,POP (1991),16845.0,1991,0.003334729276991246,,,0.0,,,,,0.0,,,,,0.0,,,,,0.0,,,,
FI,PS,Finns Party,Perussuomalaiset,1689.0,Perussuomalaiset,2434822.0,2019,0.19052950243419872,Radical right,ep_panel,1.0,1900.0,2100.0,1900.0,2100.0,1.0,1900.0,2100.0,2017.0,2100.0,0.0,2100.0,2100.0,2100.0,2100.0,1.0,1900.0,2100.0,1900.0,2100.0
FI,REM (1999),,,250.0,REM (1999),28549.0,1999,0.010647482872989169,No family,ches_link,0.0,,,,,0.0,,,,,0.0,,,,,0.0,,,,
FI,RKP,Swedish People's Party of Finland,Ruotsalainen Kansanpuolue / Svenska Folkepartiet i Finland,1229.0,Ruotsalainen Kansanpuolue / Svenska Folkepartiet i Finland,1379043.0,2019,0.05445853827540898,Regionalist,ep_panel,0.0,,,,,0.0,,,,,0.0,,,,,0.0,,,,
FI,SDP,Social Democratic Party of Finland,Suomen Sosialidemokraattinen Puolue,1303.0,Suomen Sosialidemokraattinen Puolue,6352552.0,2019,0.2826178983244792,Social democratic,ep_panel,0.0,,,,,0.0,,,,,0.0,,,,,0.0,,,,
FI,SEP (1999),Finnish Pensioners Party,Suomen Elakelaisten Puolue,1573.0,Suomen Elakelaisten Puolue,34930.0,1987,0.012188747270355696,No family,manual,0.0,,,,,0.0,,,,,0.0,,,,,0.0,,,,
FI,SIN,,,5859.0,SIN,23514.0,2019,0.007629669335569172,,,0.0,,,,,0.0,,,,,0.0,,,,,0.0,,,,
FI,SKP,,,7030.0,SKP,20974.0,2007,0.0028676484574035417,,,0.0,,,,,0.0,,,,,0.0,,,,,0.0,,,,
FI,SKS (2007),,,2687.0,SKS (2007),112827.0,2007,0.02807945756873941,No family,ess_build,0.0,,,,,0.0,,,,,0.0,,,,,0.0,,,,
FI,SSP (2011),,,2687.0,SSP (2011),13971.0,2007,0.0036471090877861,No family,ess_build,0.0,,,,,0.0,,,,,0.0,,,,,0.0,,,,
FI,,,AP,,AP,985.0,2023,0.00031819315390469843,,,,,,,,,,,,,,,,,,,,,,
FI,,,EOP,,EOP,3107.0,2023,0.0010036813494232466,,,,,,,,,,,,,,,,,,,,,,
FI,,,FP,,FP,1114.0,2023,0.0003598651507104914,,,,,,,,,,,,,,,,,,,,,,
FI,,,KD,703.0,KD,130694.0,2023,0.04221922442276208,Confessional/agrarian/other,ep_panel,0.0,,,,,0.0,,,,,0.0,,,,,0.0,,,,
FI,,,KESK,901.0,KESK,349640.0,2023,0.11294726328044544,Agrarian/center,ep_panel,0.0,,,,,0.0,,,,,0.0,,,,,0.0,,,,
FI,,,KL,,KL,1362.0,2023,0.0004399787569727911,,,,,,,,,,,,,,,,,,,,,,
FI,,,KOK,495.0,KOK,644555.0,2023,0.2082162317919217,Conservative,ep_panel,0.0,,,,,0.0,,,,,0.0,,,,,0.0,,,,
FI,,,KRIP,,KRIP,4894.0,2023,0.0015809515687407046,,,,,,,,,,,,,,,,,,,,,,
FI,,,KaL,,KaL,169.0,2023,5.45935462029381e-05,,,,,,,,,,,,,,,,,,,,,,
FI,,,LIBE,,LIBE,14982.0,2023,0.004839766326700702,,,,,,,,,,,,,,,,,,,,,,
FI,,,LIIKE,,LIIKE,74995.0,2023,0.024226289925972443,Liberal,manual,0.0,,,,,0.0,,,,,0.0,,,,,0.0,,,,
FI,,,Others,,Others,15170.0,2023,0.004900497608867284,No family,generic,0.0,,,,,0.0,,,,,0.0,,,,,0.0,,,,
FI,,,PS,1689.0,PS,620981.0,2023,0.20060091665471425,Radical right,ep_panel,1.0,1900.0,2100.0,1900.0,2100.0,1.0,1900.0,2100.0,2017.0,2100.0,0.0,2100.0,2100.0,2100.0,2100.0,1.0,1900.0,2100.0,1900.0,2100.0
FI,,,Pirate Pty,2687.0,Pirate Pty,3058.0,2023,0.000987852451411744,No family,ess_build,0.0,,,,,0.0,,,,,0.0,,,,,0.0,,,,
FI,,,RKP,1229.0,RKP,133518.0,2023,0.04313148581020053,Regionalist,ep_panel,0.0,,,,,0.0,,,,,0.0,,,,,0.0,,,,
FI,,,SDP,1303.0,SDP,617552.0,2023,0.19949321683264398,Social democratic,ep_panel,0.0,,,,,0.0,,,,,0.0,,,,,0.0,,,,
FI,,,SKE,,SKE,1225.0,2023,0.0003957224502875691,,,,,,,,,,,,,,,,,,,,,,
FI,,,SKP,7030.0,SKP,3044.0,2023,0.000983329909122743,,,0.0,,,,,0.0,,,,,0.0,,,,,0.0,,,,
FI,,,SML,,SML,2307.0,2023,0.0007452503614803444,,,,,,,,,,,,,,,,,,,,,,
FI,,,VAS,1096.0,VAS,218430.0,2023,0.07056135087046017,Radical left,populist_implied,0.0,2100.0,2100.0,2100.0,2100.0,0.0,2100.0,2100.0,2100.0,2100.0,1.0,1900.0,2100.0,2100.0,2100.0,1.0,1900.0,2100.0,2100.0,2100.0
FI,,,VIHR,479.0,VIHR,217795.0,2023,0.0703562212737805,Green,ep_panel,0.0,,,,,0.0,,,,,0.0,,,,,0.0,,,,
FI,,,VKK,,VKK,8469.0,2023,0.002735815046110549,,,,,,,,,,,,,,,,,,,,,,
FI,,,VL,488.0,VL,27558.0,2023,0.008902301457163125,,,0.0,,,,,0.0,,,,,0.0,,,,,0.0,,,,
FR,ALLI,,,1177.0,ALLI,135537.0,2012,0.005303717736421464,Liberal,ches_link,0.0,,,,,0.0,,,,,0.0,,,,,0.0,,,,
FR,AUT,other,other,1898.0,other,55686.0,2012,0.002179056832233011,No family,generic,0.0,,,,,0.0,,,,,0.0,,,,,0.0,,,,
FR,CEN,,,,CEN,446056.0,2012,0.017454681147120066,Liberal,manual,0.0,,,,,0.0,,,,,0.0,,,,,0.0,,,,
FR,CHASSE PECHE NATURE TRADITIONS,,,1313.0,CHASSE PECHE NATURE TRADITIONS,174214.0,2007,0.0067398632304586075,Agrarian/center,ep_panel,0.0,,,,,0.0,,,,,0.0,,,,,0.0,,,,
FR,DIV,other,other,1898.0,other,1879322.0,2017,0.03812485541268566,No family,generic,0.0,,,,,0.0,,,,,0.0,,,,,0.0,,,,
FR,DIVECO,other,other,1898.0,other,297304.0,2002,0.0115740536177852,No family,generic,0.0,,,,,0.0,,,,,0.0,,,,,0.0,,,,
FR,DIVED,,,452.0,DIVED,76342.0,2002,0.0017996974491601451,,,0.0,,,,,0.0,,,,,0.0,,,,,0.0,,,,
FR,DIVERS,other,other,1898.0,other,262050.0,2007,0.010137997862064346,No family,generic,0.0,,,,,0.0,,,,,0.0,,,,,0.0,,,,
FR,DL,,,4364.0,DL,95733.0,2002,0.0037268885551201146,Conservative,ess_build,0.0,,,,,0.0,,,,,0.0,,,,,0.0,,,,
FR,DLF,,,3207.0,DLF,265359.0,2017,0.011926410676640737,Radical right,ep_panel,1.0,1900.0,2100.0,1900.0,2100.0,1.0,1900.0,2100.0,2100.0,2100.0,0.0,2100.0,2100.0,2100.0,2100.0,1.0,1900.0,2100.0,1900.0,2100.0
FR,ECO,Ecology Today,Aujour'hui l'Ecologie,5953.0,Aujour'hui l'Ecologie,1124613.0,2017,0.04306800610075778,Green,manual,0.0,,,,,0.0,,,,,0.0,,,,,0.0,,,,
FR,ECOLOGISTE,Ecology Today,Aujour'hui l'Ecologie,5953.0,Aujour'hui l'Ecologie,98292.0,2007,0.0038026486771914857,Green,variant_harmonized,0.0,,,,,0.0,,,,,0.0,,,,,0.0,,,,
FR,EXD,,,452.0,EXD,40082.0,2017,0.000859742122307744,,,0.0,,,,,0.0,,,,,0.0,,,,,0.0,,,,
FR,EXTREME DROITE,,,452.0,EXTREME DROITE,5979.0,2007,0.00023131115900508579,,,0.0,,,,,0.0,,,,,0.0,,,,,0.0,,,,
FR,FG,Left Front,Front de Gauche,4363.0,Front de Gauche,1783285.0,2012,0.06978198044515041,Radical left,ep_panel,0.0,,,,,0.0,,,,,0.0,,,,,0.0,,,,
FR,FI,Unbowed France,La France Insoumise,5858.0,La France Insoumise,2477888.0,2017,0.1113672794166392,Radical left,ep_panel,1.0,1900.0,2100.0,1900.0,2100.0,0.0,2100.0,2100.0,2100.0,2100.0,1.0,1900.0,2100.0,1900.0,2100.0,1.0,1900.0,2100.0,1900.0,2100.0
FR,FN,National Front / National Rally,Front National / Rassemblement national,433.0,Front National / Rassemblement national,17415123.0,2017,0.1524991688309912,Radical right,ep_panel,1.0,1900.0,2100.0,1900.0,2100.0,1.0,1900.0,2100.0,1900.0,2100.0,0.0,2100.0,2100.0,2100.0,2100.0,1.0,1900.0,2100.0,1900.0,2100.0
FR,GE++,Ecology Generation,Generation ecologie,1273.0,Generation ecologie,1342929.0,2002,0.03700795987088398,No family,manual,0.0,,,,,0.0,,,,,0.0,,,,,0.0,,,,
FR,LCR,Revolutionary Communist League,Ligue communiste revolutionnaire,1506.0,Ligue communiste revolutionnaire,320610.0,2002,0.01248135689529274,Radical left,ep_panel,0.0,,,,,0.0,,,,,0.0,,,,,0.0,,,,
FR,LO,,,617.0,LO,304077.0,2002,0.011837726710489164,Radical left,ep_panel,0.0,2100.0,2100.0,2100.0,2100.0,0.0,2100.0,2100.0,2100.0,2100.0,1.0,1900.0,2100.0,1900.0,2100.0,1.0,1900.0,2100.0,1900.0,2100.0
FR,LR,Union for a Popular Movement,Union pour un mouvement populaire,8168.0,Union pour un mouvement populaire,3537499.0,2017,0.15899089852692364,Conservative,ep_panel,0.0,,,,,0.0,,,,,0.0,,,,,0.0,,,,
FR,MAJ,Party of Presidential Majority,Parti de la Majorite presidentielle,3157.0,Parti de la Majorite presidentielle,434050.0,1993,0.017450990277862545,Conservative,manual,0.0,,,,,0.0,,,,,0.0,,,,,0.0,,,,
FR,MAJORITE PRESIDENTIELLE,,,,MAJORITE PRESIDENTIELLE,616440.0,2007,0.023848377798477184,Conservative,manual,0.0,,,,,0.0,,,,,0.0,,,,,0.0,,,,
FR,MDM,,,,MDM,917868.0,2017,0.04125305987340501,Liberal,manual,0.0,,,,,0.0,,,,,0.0,,,,,0.0,,,,
FR,MNR,,,1634.0,MNR,278255.0,2002,0.010832475477682173,Radical right,ess_build,0.0,,,,,0.0,,,,,0.0,,,,,0.0,,,,
FR,MODEM,Democratic Movement,Mouvement Democrate,496.0,Mouvement Democrate,1974157.0,2007,0.07637473552901876,Liberal,ep_panel,0.0,,,,,0.0,,,,,0.0,,,,,0.0,,,,
FR,MOUVEMENT POUR LA FRANCE,,,364.0,MOUVEMENT POUR LA FRANCE,312581.0,2007,0.012092904063048792,Radical right,ep_panel,0.0,2100.0,2100.0,2100.0,2100.0,1.0,1900.0,2100.0,2100.0,2100.0,0.0,2100.0,2100.0,2100.0,2100.0,1.0,1900.0,2100.0,1900.0,2100.0
FR,MPF,,,364.0,MPF,116779.0,2002,0.004546209964989834,Radical right,ep_panel,0.0,2100.0,2100.0,2100.0,2100.0,1.0,1900.0,2100.0,2100.0,2100.0,0.0,2100.0,2100.0,2100.0,2100.0,1.0,1900.0,2100.0,1900.0,2100.0
FR,NCE,New Centre,Nouveau centre,1255.0,Nouveau centre,567486.0,2012,0.022206375848446334,Liberal,ess_build,0.0,,,,,0.0,,,,,0.0,,,,,0.0,,,,
FR,OTHER,,,1898.0,OTHER,1174624.0,2017,0.013147527567424768,No family,generic,0.0,,,,,0.0,,,,,0.0,,,,,0.0,,,,
FR,OTHER FAR-LEFT,other far-left,extreme gauche,1594.0,extreme gauche,2160402.0,2017,0.034192540097125926,Radical left,manual,0.0,,,,,0.0,,,,,1.0,1900.0,2100.0,1900.0,2100.0,0.0,,,,
FR,OTHER LEFT,other left,divers gauche,126.0,divers gauche,2712288.0,2017,0.0342381066662524,No family,manual,0.0,,,,,0.0,,,,,0.0,,,,,0.0,,,,
FR,OTHER RIGHT,other right,divers droite,1776.0,divers droite,5699944.0,2017,0.06329603917043601,No family,ess_build,0.0,,,,,0.0,,,,,0.0,,,,,0.0,,,,
FR,PCF,French Communist Party,Parti communiste francaise,1251.0,Parti communiste francaise,7726808.0,2017,0.09875474490402386,Radical left,ep_panel,0.0,2100.0,2100.0,2100.0,2100.0,0.0,2100.0,2100.0,2100.0,2100.0,1.0,1900.0,2100.0,1900.0,2100.0,1.0,1900.0,2100.0,1900.0,2100.0
FR,PRG,Radical Party of the Left,Parti radical de gauche,1783.0,Parti radical de gauche,1819430.0,2017,0.016599117835337168,Liberal,ep_panel,0.0,,,,,0.0,,,,,0.0,,,,,0.0,,,,
FR,PRV,Radical [Socialist] Party,Parti radical [socialiste],14.0,Parti radical [socialiste],313750.0,2012,0.012277396133913501,Liberal,ess_build,0.0,,,,,0.0,,,,,0.0,,,,,0.0,,,,
FR,PS,Socialist Party,Parti socialiste,1478.0,Parti socialiste,32070921.0,2017,0.29526775738988703,Social democratic,ep_panel,0.0,,,,,0.0,,,,,0.0,,,,,0.0,,,,
FR,REEP,,,3156.0,REEP,308664.0,2002,0.012016298757769996,No family,manual,0.0,,,,,0.0,,,,,0.0,,,,,0.0,,,,
FR,REG,,,2536.0,REG,396610.0,2017,0.007695206608450138,Green,ess_build,0.0,,,,,0.0,,,,,0.0,,,,,0.0,,,,
FR,REGIONALISTE,,,2536.0,REGIONALISTE,65430.0,2007,0.0025313077661319222,Green,ess_build,0.0,,,,,0.0,,,,,0.0,,,,,0.0,,,,
FR,REM,The Republic Onwards!,La Republique En Marche!,5857.0,La Republique En Marche!,6278157.0,2017,0.28216822747457887,Liberal,ep_panel,0.0,,,,,0.0,,,,,0.0,,,,,0.0,,,,
FR,RPF,,,364.0,RPF,44338.0,2002,0.0017260796669582655,Radical right,ep_panel,0.0,2100.0,2100.0,2100.0,2100.0,1.0,1900.0,2100.0,2100.0,2100.0,0.0,2100.0,2100.0,2100.0,2100.0,1.0,1900.0,2100.0,1900.0,2100.0
FR,RPR,,,509.0,RPR,8870391.0,1997,0.20252532574712792,Conservative,manual,0.0,,,,,0.0,,,,,0.0,,,,,0.0,,,,
FR,UDF,Union for French Democracy,Union pour la democratie francaise,213.0,Union pour la democratie francaise,9538916.0,2002,0.1898298660119359,Liberal,ep_panel,0.0,,,,,0.0,,,,,0.0,,,,,0.0,,,,
FR,UDI,Union of Democrats and Independents,Union des democrates et independants,3229.0,Union des democrates et independants,656607.0,2017,0.029510831496791304,Liberal,ep_panel,0.0,,,,,0.0,,,,,0.0,,,,,0.0,,,,
FR,UMP,,,1595.0,UMP,25731354.0,2012,0.3962103657188428,Conservative,ep_panel,0.0,,,,,0.0,,,,,0.0,,,,,0.0,,,,
FR,VEC,Europe Ecology - The Greens,Europe Ecologie - Les Verts,5650.0,Europe Ecologie - Les Verts,1400953.0,2012,0.05482089225814987,Green,ep_panel,0.0,,,,,0.0,,,,,0.0,,,,,0.0,,,,
FR,VERTS,Greens,Les Verts,1108.0,Les Verts,4747094.0,2007,0.06973629667293052,Green,ep_panel,0.0,,,,,0.0,,,,,0.0,,,,,0.0,,,,
FR,,,Blancs,,Blancs,951934.0,2024,0.018054491199376545,No family,generic,0.0,,,,,0.0,,,,,0.0,,,,,0.0,,,,
FR,,,Divers,1898.0,Divers,337178.0,2024,0.0083358501492628,,,0.0,,,,,0.0,,,,,0.0,,,,,0.0,,,,
FR,,,Divers Centre,9133.0,Divers Centre,391423.0,2024,0.011983130066815036,Liberal,manual,0.0,,,,,0.0,,,,,0.0,,,,,0.0,,,,
FR,,,Divers Droite,1776.0,Divers Droite,1169513.0,2024,0.0358037887242984,No family,ess_build,0.0,,,,,0.0,,,,,0.0,,,,,0.0,,,,
FR,,,Divers Gauche,126.0,Divers Gauche,493521.0,2024,0.015108785977585944,No family,manual,0.0,,,,,0.0,,,,,0.0,,,,,0.0,,,,
FR,,,Divers centre,9133.0,Divers centre,283612.0,2022,0.012273377837303354,Liberal,manual,0.0,,,,,0.0,,,,,0.0,,,,,0.0,,,,
FR,,,Divers droite,1776.0,Divers droite,530782.0,2022,0.02296971931808086,No family,ess_build,0.0,,,,,0.0,,,,,0.0,,,,,0.0,,,,
FR,,,Divers extrême droite,452.0,Divers extrême droite,6457.0,2022,0.0002794282353901378,,,0.0,,,,,0.0,,,,,0.0,,,,,0.0,,,,
FR,,,Divers extrême gauche,1594.0,Divers extrême gauche,266412.0,2022,0.011529043680773949,Radical left,manual,0.0,,,,,0.0,,,,,1.0,1900.0,2100.0,1900.0,2100.0,0.0,,,,
FR,,,Divers gauche,126.0,Divers gauche,713574.0,2022,0.030880087291355454,No family,manual,0.0,,,,,0.0,,,,,0.0,,,,,0.0,,,,
FR,,,Divers Écologistes,8657.0,Divers Écologistes,182478.0,2024,0.005586431069028325,,,0.0,,,,,0.0,,,,,0.0,,,,,0.0,,,,
FR,,,Droite Souverainiste,,Droite Souverainiste,90110.0,2024,0.002758652021778748,Radical right,manual,0.0,,,,,1.0,1900.0,2100.0,1900.0,2100.0,0.0,,,,,0.0,,,,
FR,,,Droite souverainiste,,Droite souverainiste,249603.0,2022,0.01080163014373309,Radical right,manual,0.0,,,,,1.0,1900.0,2100.0,1900.0,2100.0,0.0,,,,,0.0,,,,
FR,,,Ecologistes,,Ecologistes,608314.0,2022,0.02632493535436213,Green,manual,0.0,,,,,0.0,,,,,0.0,,,,,0.0,,,,
FR,,,Ensemble,,Ensemble,6392078.0,2024,0.1956888125409772,Liberal,manual,0.0,,,,,0.0,,,,,0.0,,,,,0.0,,,,
FR,,,Ensemble ! (Majorité présidentielle),,Ensemble ! (Majorité présidentielle),5857364.0,2022,0.2534788425828897,Liberal,manual,0.0,,,,,0.0,,,,,0.0,,,,,0.0,,,,
FR,,,Extrême Droite,452.0,Extrême Droite,59679.0,2024,0.0018270291200503152,,,0.0,,,,,0.0,,,,,0.0,,,,,0.0,,,,
FR,,,Extrême Gauche,1594.0,Extrême Gauche,364290.0,2024,0.01115247303311264,Radical left,manual,0.0,,,,,0.0,,,,,1.0,1900.0,2100.0,1900.0,2100.0,0.0,,,,
FR,,,Horizons,9134.0,Horizons,231667.0,2024,0.007092316479074655,,,0.0,,,,,0.0,,,,,0.0,,,,,0.0,,,,
FR,,,La France Insoumise,5858.0,La France Insoumise,12224.0,2024,0.0003742288571104585,Radical left,ep_panel,1.0,1900.0,2100.0,1900.0,2100.0,0.0,2100.0,2100.0,2100.0,2100.0,1.0,1900.0,2100.0,1900.0,2100.0,1.0,1900.0,2100.0,1900.0,2100.0
FR,,,Les Républicains,8168.0,Les Républicains,4480694.0,2024,0.10258136383741648,Conservative,ep_panel,0.0,,,,,0.0,,,,,0.0,,,,,0.0,,,,
FR,,,"Les Verts, Confédération Écologiste -- Parti Écologiste",,"Les Verts, Confédération Écologiste -- Parti Écologiste",2668.0,2024,8.167887686278659e-05,,,,,,,,,,,,,,,,,,,,,,
FR,,,Nouvelle union populaire écologique et sociale,,Nouvelle union populaire écologique et sociale,5837079.0,2022,0.25260100430584326,Radical left,manual,0.0,,,,,0.0,,,,,1.0,1900.0,2100.0,1900.0,2100.0,0.0,,,,
FR,,,Parti Communiste Français,1251.0,Parti Communiste Français,3125.0,2024,9.5669599024066e-05,Radical left,ep_panel,0.0,2100.0,2100.0,2100.0,2100.0,0.0,2100.0,2100.0,2100.0,2100.0,1.0,1900.0,2100.0,1900.0,2100.0,1.0,1900.0,2100.0,1900.0,2100.0
FR,,,Parti Socialiste,1478.0,Parti Socialiste,29242.0,2024,0.0008952225326917561,Social democratic,ep_panel,0.0,,,,,0.0,,,,,0.0,,,,,0.0,,,,
FR,,,Parti radical de gauche,1783.0,Parti radical de gauche,126689.0,2022,0.005482497090497316,Liberal,ep_panel,0.0,,,,,0.0,,,,,0.0,,,,,0.0,,,,
FR,,,Radical de Gauche,1783.0,Radical de Gauche,12434.0,2024,0.0003806578541648757,Liberal,ep_panel,0.0,,,,,0.0,,,,,0.0,,,,,0.0,,,,
FR,,,Rassemblement National,433.0,Rassemblement National,13642010.0,2024,0.2875743345130849,Radical right,ep_panel,1.0,1900.0,2100.0,1900.0,2100.0,1.0,1900.0,2100.0,1900.0,2100.0,0.0,2100.0,2100.0,2100.0,2100.0,1.0,1900.0,2100.0,1900.0,2100.0
FR,,,Reconquête,9064.0,Reconquête,236768.0,2024,0.007248479878953619,Radical right,ep_panel,1.0,1900.0,2100.0,1900.0,2100.0,1.0,1900.0,2100.0,1900.0,2100.0,0.0,2100.0,2100.0,2100.0,2100.0,1.0,1900.0,2100.0,1900.0,2100.0
FR,,,Reconquête !,9064.0,Reconquête !,964775.0,2022,0.04175087127125913,Radical right,ep_panel,1.0,1900.0,2100.0,1900.0,2100.0,1.0,1900.0,2100.0,1900.0,2100.0,0.0,2100.0,2100.0,2100.0,2100.0,1.0,1900.0,2100.0,1900.0,2100.0
FR,,,Régionaliste,2536.0,Régionaliste,291384.0,2022,0.012609713015474663,Green,ess_build,0.0,,,,,0.0,,,,,0.0,,,,,0.0,,,,
FR,,,Régionalistes,2536.0,Régionalistes,310727.0,2024,0.009512680798704307,Green,ess_build,0.0,,,,,0.0,,,,,0.0,,,,,0.0,,,,
FR,,,Union de l'Extrême Droit,,Union de l'Extrême Droit,1272163.0,2024,0.03894634371304092,Radical right,manual,0.0,,,,,1.0,1900.0,2100.0,1900.0,2100.0,0.0,,,,,0.0,,,,
FR,,,Union de la Gauche,,Union de la Gauche,9010604.0,2024,0.27585307892628647,Radical left,manual,0.0,,,,,0.0,,,,,1.0,1900.0,2100.0,1900.0,2100.0,0.0,,,,
FR,,,Union des Démocrates et Indépendants,3229.0,Union des Démocrates et Indépendants,161768.0,2024,0.0049524095023760345,Liberal,ep_panel,0.0,,,,,0.0,,,,,0.0,,,,,0.0,,,,
FR,,,Union des Démocrates et des Indépendants,,Union des Démocrates et des Indépendants,198062.0,2022,0.008571180913402737,,,,,,,,,,,,,,,,,,,,,,
GB,ALLIANCE,,,1477.0,ALLIANCE,434653.0,2019,0.004189246554097552,No family,generic,0.0,,,,,0.0,,,,,0.0,,,,,0.0,,,,
GB,APNI,Alliance,Alliance,1477.0,Alliance,117191.0,2024,0.004067812730177089,No family,generic,0.0,,,,,0.0,,,,,0.0,,,,,0.0,,,,
GB,All other candidates,other parties,other parties,,other parties,1089096.0,2024,0.03780357342445193,No family,generic,0.0,,,,,0.0,,,,,0.0,,,,,0.0,,,,
GB,BREXIT,Brexit Party,Brexit Party,7364.0,Brexit Party,644257.0,2019,0.020124157754190262,Radical right,ess_build,1.0,1900.0,2100.0,1900.0,2100.0,1.0,1900.0,2100.0,1900.0,2100.0,0.0,2100.0,2100.0,2100.0,2100.0,1.0,1900.0,2100.0,1900.0,2100.0
GB,CONSERVATIVES,Conservatives,Conservatives,1567.0,Conservatives,90435159.0,2019,0.43625932440414555,Conservative,ess_build,0.0,,,,,0.0,,,,,0.0,,,,,0.0,,,,
GB,Con,Conservative,Conservative,1567.0,Conservative,6828925.0,2024,0.23703857846101298,Conservative,ess_build,0.0,,,,,0.0,,,,,0.0,,,,,0.0,,,,
GB,DUP,DUP,DUP,335.0,DUP,172058.0,2024,0.0059722992612812375,,,1.0,1900.0,2100.0,2100.0,2100.0,0.0,2100.0,2100.0,2100.0,2100.0,0.0,2100.0,2100.0,2100.0,2100.0,1.0,1900.0,2100.0,1900.0,2100.0
GB,DUP,,,335.0,DUP,1523162.0,2019,0.009076957205312205,,,1.0,1900.0,2100.0,2100.0,2100.0,0.0,2100.0,2100.0,2100.0,2100.0,0.0,2100.0,2100.0,2100.0,2100.0,1.0,1900.0,2100.0,1900.0,2100.0
GB,GREENS,Green Party of England and Wales,Green Party of England and Wales,1794.0,Green Party of England and Wales,2716749.0,2019,0.037710857797167686,Green,ess_build,0.0,,,,,0.0,,,,,0.0,,,,,0.0,,,,
GB,Green,Green,Green,,Green,1944501.0,2024,0.06749550666554666,Green,manual,0.0,,,,,0.0,,,,,0.0,,,,,0.0,,,,
GB,LABOUR,Labour,Labour Party,1516.0,Labour Party,79880681.0,2019,0.4320796614899999,Social democratic,ess_build,0.0,,,,,0.0,,,,,0.0,,,,,0.0,,,,
GB,LD,Liberal Democrats,Liberal Democrats,1388.0,Liberal Democrats,3519143.0,2024,0.12215285042975646,Liberal,ess_build,0.0,,,,,0.0,,,,,0.0,,,,,0.0,,,,
GB,LIB DEMS,Liberal Democrats,Liberal Democrats,1388.0,Liberal Democrats,43963086.0,2019,0.32076640581293686,Liberal,ess_build,0.0,,,,,0.0,,,,,0.0,,,,,0.0,,,,
GB,Lab,Labour,Labour,1516.0,Labour,9708716.0,2024,0.33699890382771697,Social democratic,ess_build,0.0,,,,,0.0,,,,,0.0,,,,,0.0,,,,
GB,OTHER,,,1841.0,OTHER,6676168.000000001,2019,0.0577834843229292,No family,generic,0.0,,,,,0.0,,,,,0.0,,,,,0.0,,,,
GB,PC,Plaid Cymru,Plaid Cymru,1002.0,Plaid Cymru,194811.0,2024,0.006762077853918209,Regionalist,ess_build,0.0,,,,,0.0,,,,,0.0,,,,,0.0,,,,
GB,PLAID,,,1002.0,PLAID,1035560.0,2019,0.007429368322218402,Regionalist,ess_build,0.0,,,,,0.0,,,,,0.0,,,,,0.0,,,,
GB,RUK,Reform UK,Reform UK,7364.0,Reform UK,4117610.0,2024,0.14292621767801691,Radical right,manual,1.0,1900.0,2100.0,1900.0,2100.0,1.0,1900.0,2100.0,1900.0,2100.0,0.0,2100.0,2100.0,2100.0,2100.0,1.0,1900.0,2100.0,1900.0,2100.0
GB,SDLP,SDLP,SDLP,762.0,SDLP,86861.0,2024,0.0030150291537397247,,,0.0,,,,,0.0,,,,,0.0,,,,,0.0,,,,
GB,SDLP,,,762.0,SDLP,1095685.0,2019,0.006442239641302286,,,0.0,,,,,0.0,,,,,0.0,,,,,0.0,,,,
GB,SF,Sinn Féin,Sinn Féin,963.0,Sinn Féin,210891.0,2024,0.007320230175352854,,,0.0,,,,,0.0,,,,,0.0,,,,,0.0,,,,
GB,SF,,,963.0,SF,1324617.0,2019,0.0074187565193392264,,,0.0,,,,,0.0,,,,,0.0,,,,,0.0,,,,
GB,SNP,SNP,SNP,986.0,SNP,724758.0,2024,0.02515704976233402,Regionalist,ess_build,0.0,,,,,0.0,,,,,0.0,,,,,0.0,,,,
GB,SNP,Scottish National Party,Scottish National Party,986.0,Scottish National Party,6611279.0,2019,0.04737958516199596,Regionalist,ess_build,0.0,,,,,0.0,,,,,0.0,,,,,0.0,,,,
GB,UKIP,United Kingdom Independence Party,United Kingdom Independence Party,601.0,United Kingdom Independence Party,5394638.0,2017,0.12643035554169268,Radical right,ess_build,1.0,1900.0,2100.0,1900.0,2100.0,1.0,2002.0,2100.0,2002.0,2100.0,0.0,2100.0,2100.0,2100.0,2100.0,1.0,1900.0,2100.0,1900.0,2100.0
GB,UKUP,,,8263.0,UKUP,12817.0,1997,0.00040966833900759833,,,0.0,,,,,0.0,,,,,0.0,,,,,0.0,,,,
GB,UUP,UUP,UUP,1366.0,UUP,94779.0,2024,0.003289870576694919,,,0.0,,,,,0.0,,,,,0.0,,,,,0.0,,,,
GB,UUP,,,1366.0,UUP,1267050.0,2019,0.008257580222694393,,,0.0,,,,,0.0,,,,,0.0,,,,,0.0,,,,
GR,AE,Independent Greeks,Anexartitoi Ellines,1651.0,Anexartitoi Ellines,662938.0,2015,0.07512122562978193,Radical right,ep_panel,1.0,1900.0,2100.0,1900.0,2100.0,1.0,1900.0,2100.0,1900.0,2100.0,0.0,2100.0,2100.0,2100.0,2100.0,1.0,1900.0,2100.0,1900.0,2100.0
GR,ANOIX,Political Spring,Politiki Anixi,312.0,Politiki Anixi,535923.0,1996,0.04876012110178802,Radical right,ep_panel,1.0,1900.0,2100.0,2100.0,2100.0,1.0,1900.0,2100.0,2100.0,2100.0,0.0,2100.0,2100.0,2100.0,2100.0,0.0,2100.0,2100.0,2100.0,2100.0
GR,ANTARSYA,,,95.0,ANTARSYA,20416.0,2012,0.0033167280322003345,,,0.0,,,,,0.0,,,,,0.0,,,,,0.0,,,,
GR,CHRYSI AVGI,Peoples Association / Golden Dawn,Laikos Syndesmos / Chrysi Avgi,1660.0,Laikos Syndesmos / Chrysi Avgi,8858.0,2019,0.0015679188717922757,Radical right,ep_panel,1.0,1900.0,2100.0,2100.0,2100.0,1.0,1900.0,2100.0,1900.0,2100.0,0.0,2100.0,2100.0,2100.0,2100.0,1.0,1900.0,2100.0,1900.0,2100.0
GR,CHRYSI.AYGI,Peoples Association / Golden Dawn,Laikos Syndesmos / Chrysi Avgi,1660.0,Laikos Syndesmos / Chrysi Avgi,962509.0,2019,0.06988693585719082,Radical right,ep_panel,1.0,1900.0,2100.0,2100.0,2100.0,1.0,1900.0,2100.0,1900.0,2100.0,0.0,2100.0,2100.0,2100.0,2100.0,1.0,1900.0,2100.0,1900.0,2100.0
GR,DH.ANA,,,648.0,DH.ANA,44077.0,1990,0.006692488961500385,,,0.0,,,,,0.0,,,,,0.0,,,,,0.0,,,,
GR,DIKKI,Democratic Social Movement,Dimokratiko Koinoniko Kinima,1682.0,Dimokratiko Koinoniko Kinima,618019.0,2004,0.04434643466441024,Radical left,ep_panel,1.0,1900.0,2100.0,1900.0,2100.0,0.0,2100.0,2100.0,2100.0,2100.0,1.0,1900.0,2100.0,1900.0,2100.0,1.0,1900.0,2100.0,1900.0,2100.0
GR,DIMAR,Democratic Left,Dimokratiki Aristera,1160.0,Dimokratiki Aristera,384986.0,2012,0.0625437822396492,Social democratic,ep_panel,0.0,,,,,0.0,,,,,0.0,,,,,0.0,,,,
GR,ELLINIKI LYSI,Greek Solution,Elliniki Lisi,7347.0,Elliniki Lisi,209290.0,2019,0.03704557921397667,Radical right,manual_override,1.0,1900.0,2100.0,1900.0,2100.0,1.0,1900.0,2100.0,1900.0,2100.0,0.0,2100.0,2100.0,2100.0,2100.0,1.0,1900.0,2100.0,1900.0,2100.0
GR,EN. KENTROON,Union of Centrists,Enosi Kentroon,2510.0,Enosi Kentroon,5375.0,2019,0.0009514070823982255,Liberal,manual,0.0,,,,,0.0,,,,,0.0,,,,,0.0,,,,
GR,EN.KENT,Union of Centrists,Enosi Kentroon,2510.0,Enosi Kentroon,317269.0,2019,0.03435138668849717,Liberal,manual,0.0,,,,,0.0,,,,,0.0,,,,,0.0,,,,
GR,KIN.AL.,Movement for Change,Kinima Allagis,7909.0,Kinima Allagis,457623.0,2019,0.08100200246852524,Social democratic,manual,0.0,,,,,0.0,,,,,0.0,,,,,0.0,,,,
GR,KKE,Communist Party of Greece,Kommounistiko Komma Elladas,48.0,Kommounistiko Komma Elladas,3488631.0,2019,0.08154064963767316,Radical left,ep_panel,0.0,2100.0,2100.0,2100.0,2100.0,0.0,2100.0,2100.0,2100.0,2100.0,1.0,1900.0,2100.0,1900.0,2100.0,1.0,1900.0,2100.0,1900.0,2100.0
GR,LA.O.S,Popular Orthodox Rally,Laikos Orthodoxos Synagermos,965.0,Laikos Orthodoxos Synagermos,917163.0,2012,0.056303987173576354,Radical right,ep_panel,1.0,1900.0,2100.0,1900.0,2100.0,1.0,1900.0,2100.0,1900.0,2100.0,0.0,2100.0,2100.0,2100.0,2100.0,1.0,1900.0,2100.0,1900.0,2100.0
GR,LAE,Popular Unity,Laiki Enotita,4512.0,Laiki Enotita,170932.0,2019,0.028586278586278588,Radical left,populist_implied,1.0,1900.0,2100.0,1900.0,2100.0,0.0,2100.0,2100.0,2100.0,2100.0,1.0,1900.0,2100.0,1900.0,2100.0,0.0,2100.0,2100.0,2100.0,2100.0
GR,MERA25,European Realistic Disobedience Front [MeRa25],European Realistic Disobedience Front [MeRa25],7348.0,European Realistic Disobedience Front [MeRa25],194576.0,2019,0.03444111338878458,Radical left,ep_panel,1.0,1900.0,2100.0,1900.0,2100.0,0.0,2100.0,2100.0,2100.0,2100.0,1.0,1900.0,2100.0,1900.0,2100.0,1.0,1900.0,2100.0,1900.0,2100.0
GR,ND,New Democracy,Nea Dimokratia,794.0,Nea Dimokratia,25573354.0,2019,0.4688913216439621,Conservative,ep_panel,0.0,,,,,0.0,,,,,0.0,,,,,0.0,,,,
GR,OIK.ENAL,,,,OIK.ENAL,50868.0,1990,0.007723609331252164,,,,,,,,,,,,,,,,,,,,,,
GR,OIK.PRAS,Ecologist Greens,Oikologoi Prasinoi,378.0,Oikologoi Prasinoi,303359.0,2012,0.02529022320555026,Green,ep_panel,0.0,,,,,0.0,,,,,0.0,,,,,0.0,,,,
GR,OTHER,,,1842.0,OTHER,1161901.0,2019,0.03015233990800563,No family,generic,0.0,,,,,0.0,,,,,0.0,,,,,0.0,,,,
GR,PASOK,Panhellenic Socialist Movement,Panellinio Sosialistiko Kinima,1468.0,Panellinio Sosialistiko Kinima,21136475.0,2012,0.46882191251959515,Social democratic,ep_panel,0.0,,,,,0.0,,,,,0.0,,,,,0.0,,,,
GR,PASOK.DIMAR,,,,PASOK.DIMAR,341732.0,2015,0.06289496622357812,Social democratic,manual,0.0,,,,,0.0,,,,,0.0,,,,,0.0,,,,
GR,PLEFSI ELEFTHERIAS,,,9088.0,PLEFSI ELEFTHERIAS,82786.0,2019,0.014653616134589674,Radical left,ess_build,0.0,,,,,0.0,,,,,0.0,,,,,0.0,,,,
GR,POTAMI,The River,To Potami,3118.0,To Potami,222349.0,2015,0.040922807477340055,Social democratic,ep_panel,0.0,,,,,0.0,,,,,0.0,,,,,0.0,,,,
GR,SYN,Coalition of the Left,Synaspismos tis Aristeras,516.0,Synaspismos tis Aristeras,1715909.0,2007,0.10697657469435351,Radical left,ess_build,1.0,1900.0,2100.0,1900.0,2100.0,0.0,2100.0,2100.0,2100.0,2100.0,1.0,1900.0,2100.0,1900.0,2100.0,1.0,1900.0,2015.0,1900.0,2015.0
GR,SYRIZA,Coalition of the Radical Left,Synaspismos Rizospastikis Aristeras,301.0,Synaspismos Rizospastikis Aristeras,6039333.0,2019,0.35457255304989016,Radical left,ep_panel,1.0,1900.0,2100.0,1900.0,2100.0,0.0,2100.0,2100.0,2100.0,2100.0,1.0,1900.0,2015.0,1900.0,2015.0,1.0,1900.0,2100.0,1900.0,2100.0
GR,XANA,Recreate Greece,Dimiourgia Xana,471.0,Dimiourgia Xana,168409.0,2019,0.01594355843848652,No family,manual,0.0,,,,,0.0,,,,,0.0,,,,,0.0,,,,
GR,,,ANT.AR.SY.A - ANTIKAPITALISTIKI ARISTERI SYNERGASIA GIA TIN ANATROPI,95.0,ANT.AR.SY.A - ANTIKAPITALISTIKI ARISTERI SYNERGASIA GIA TIN ANATROPI,47646.0,2023,0.005348684226038201,,,0.0,,,,,0.0,,,,,0.0,,,,,0.0,,,,
GR,,,Blanks,,Blanks,61232.0,2023,0.005887611444254211,,,,,,,,,,,,,,,,,,,,,,
GR,,,"DIMOKRATIKO PATRIOTIKO KINIMA ""NIKI""",9126.0,"DIMOKRATIKO PATRIOTIKO KINIMA ""NIKI""",193124.0,2023,0.036845318497828856,Radical right,manual_override,1.0,1900.0,2100.0,1900.0,2100.0,1.0,1900.0,2100.0,1900.0,2100.0,0.0,2100.0,2100.0,2100.0,2100.0,1.0,1900.0,2100.0,1900.0,2100.0
GR,,,DIMOSTHENIS VERGIS ELLINES OIKOLOGOI,,DIMOSTHENIS VERGIS ELLINES OIKOLOGOI,0.0,2023,0.0,,,,,,,,,,,,,,,,,,,,,,
GR,,,EAN...,,EAN...,15174.0,2023,0.00255552550287804,,,,,,,,,,,,,,,,,,,,,,
GR,,,ELEFTHEROI XANA,,ELEFTHEROI XANA,20443.0,2023,0.003442902850621838,,,,,,,,,,,,,,,,,,,,,,
GR,,,ELLINIKI LYSI - KYRIAKOS VELOPOULOS,7347.0,ELLINIKI LYSI - KYRIAKOS VELOPOULOS,262498.0,2023,0.04420853653977064,Radical right,manual_override,1.0,1900.0,2100.0,1900.0,2100.0,1.0,1900.0,2100.0,1900.0,2100.0,0.0,2100.0,2100.0,2100.0,2100.0,1.0,1900.0,2100.0,1900.0,2100.0
GR,,,ELLINIKI LYSI-KYRIAKOS VELOPOULOS,7347.0,ELLINIKI LYSI-KYRIAKOS VELOPOULOS,231491.0,2023,0.04416519761594054,Radical right,manual_override,1.0,1900.0,2100.0,1900.0,2100.0,1.0,1900.0,2100.0,1900.0,2100.0,0.0,2100.0,2100.0,2100.0,2100.0,1.0,1900.0,2100.0,1900.0,2100.0
GR,,,ELLINIKO ORAMA,,ELLINIKO ORAMA,12.0,2023,2.0209770683100353e-06,,,,,,,,,,,,,,,,,,,,,,
GR,,,ELLINON SYNELEFSIS,,ELLINON SYNELEFSIS,19151.0,2023,0.002146109231789565,,,,,,,,,,,,,,,,,,,,,,
GR,,,ENONO SYMMACHIA ELEFTHERIAS,,ENONO SYMMACHIA ELEFTHERIAS,37305.0,2023,0.006282712461108822,,,,,,,,,,,,,,,,,,,,,,
GR,,,ENOSI KENTROON,2510.0,ENOSI KENTROON,36757.0,2023,0.0037844479751662336,Liberal,manual,0.0,,,,,0.0,,,,,0.0,,,,,0.0,,,,
GR,,,ENOTITA - ALITHEIA EN.A,,ENOTITA - ALITHEIA EN.A,11401.0,2023,0.001920096629650226,,,,,,,,,,,,,,,,,,,,,,
GR,,,ETHNIKI DIMIOURGIA THANOS TZIMEROS-FAILOS KRANIDIOTIS,,ETHNIKI DIMIOURGIA THANOS TZIMEROS-FAILOS KRANIDIOTIS,48036.0,2023,0.008089971204445072,Radical right,manual_override,1.0,1900.0,2100.0,1900.0,2100.0,1.0,1900.0,2100.0,1900.0,2100.0,0.0,2100.0,2100.0,2100.0,2100.0,1.0,1900.0,2100.0,1900.0,2100.0
GR,,,ETHNIKO METOPO,,ETHNIKO METOPO,2965.0,2023,0.0005656799224646473,,,,,,,,,,,,,,,,,,,,,,
GR,,,EV-KINISI,,EV-KINISI,17181.0,2023,0.0032778909773575403,,,,,,,,,,,,,,,,,,,,,,
GR,,,FONI LOGIKIS AFRODITI LATINOPOULOU,9814.0,FONI LOGIKIS AFRODITI LATINOPOULOU,22347.0,2023,0.004263490464525287,,,0.0,,,,,0.0,,,,,0.0,,,,,0.0,,,,
GR,,,Independent candidates,2708.0,Independent candidates,155.0,2023,2.6104287132337956e-05,No family,generic,0.0,,,,,0.0,,,,,0.0,,,,,0.0,,,,
GR,,,KAPNISTIKES OMADES GIA TIN TECHNI KAI TIN EIKASTIKI SYGKROTISI,,KAPNISTIKES OMADES GIA TIN TECHNI KAI TIN EIKASTIKI SYGKROTISI,11521.0,2023,0.0019403064003333265,,,,,,,,,,,,,,,,,,,,,,
GR,,,KINIMA 21,,KINIMA 21,34914.0,2023,0.005880032780248048,,,,,,,,,,,,,,,,,,,,,,
GR,,,KINIMA FTOCHON ELLADOS,,KINIMA FTOCHON ELLADOS,32131.0,2023,0.003112136270441762,,,,,,,,,,,,,,,,,,,,,,
GR,,,KOINONIA AXION - FILELEFTHERI SYMMACHIA,,KOINONIA AXION - FILELEFTHERI SYMMACHIA,5866.0,2023,0.0009879209568922223,,,,,,,,,,,,,,,,,,,,,,
GR,,,KOMMOUNISTIKO KOMMA ELLADAS,48.0,KOMMOUNISTIKO KOMMA ELLADAS,827857.0,2023,0.0765478452650778,Radical left,ep_panel,0.0,2100.0,2100.0,2100.0,2100.0,0.0,2100.0,2100.0,2100.0,2100.0,1.0,1900.0,2100.0,1900.0,2100.0,1.0,1900.0,2100.0,1900.0,2100.0
GR,,,KOMMOUNISTIKO KOMMA ELLADAS (MARXISTIKO-LENINISTIKO),48.0,KOMMOUNISTIKO KOMMA ELLADAS (MARXISTIKO-LENINISTIKO),22162.0,2023,0.0021459408170338727,Radical left,ep_panel,0.0,2100.0,2100.0,2100.0,2100.0,0.0,2100.0,2100.0,2100.0,2100.0,1.0,1900.0,2100.0,1900.0,2100.0,1.0,1900.0,2100.0,1900.0,2100.0
GR,,,LAIKO EVROPAIKO KOMMA,,LAIKO EVROPAIKO KOMMA,17.0,2023,3.2433587460030373e-06,,,,,,,,,,,,,,,,,,,,,,
GR,,,MARXISTIKO-LENINISTIKO KOMMOUNISTIKO KOMMA ELLADAS,48.0,MARXISTIKO-LENINISTIKO KOMMOUNISTIKO KOMMA ELLADAS,8172.0,2023,0.0008108396865007593,Radical left,ep_panel,0.0,2100.0,2100.0,2100.0,2100.0,0.0,2100.0,2100.0,2100.0,2100.0,1.0,1900.0,2100.0,1900.0,2100.0,1.0,1900.0,2100.0,1900.0,2100.0
GR,,,MERA 25 - SYMMACHIA GIA TI RIXI,7348.0,MERA 25 - SYMMACHIA GIA TI RIXI,130378.0,2023,0.024874272152140234,Radical left,manual,1.0,1900.0,2100.0,1900.0,2100.0,0.0,2100.0,2100.0,2100.0,2100.0,1.0,1900.0,2100.0,1900.0,2100.0,1.0,1900.0,2100.0,1900.0,2100.0
GR,,,MERA25-SYMMACHIA GIA TI RIXI,7348.0,MERA25-SYMMACHIA GIA TI RIXI,155107.0,2023,0.026122307511197054,Radical left,manual,1.0,1900.0,2100.0,1900.0,2100.0,0.0,2100.0,2100.0,2100.0,2100.0,1.0,1900.0,2100.0,1900.0,2100.0,1.0,1900.0,2100.0,1900.0,2100.0
GR,,,NEA DIMOKRATIA,794.0,NEA DIMOKRATIA,4523072.0,2023,0.40550062801862397,Conservative,ep_panel,0.0,,,,,0.0,,,,,0.0,,,,,0.0,,,,
GR,,,NEA DOMI,,NEA DOMI,70.0,2023,1.1789032898475207e-05,,,,,,,,,,,,,,,,,,,,,,
GR,,,NIKI,9126.0,NIKI,172260.0,2023,0.02901112581559056,Radical right,manual_override,1.0,1900.0,2100.0,1900.0,2100.0,1.0,1900.0,2100.0,1900.0,2100.0,0.0,2100.0,2100.0,2100.0,2100.0,1.0,1900.0,2100.0,1900.0,2100.0
GR,,,OAKKE - ORGANOSI GIA TIN ANASYGKROTISI TOU KKE,,OAKKE - ORGANOSI GIA TIN ANASYGKROTISI TOU KKE,1104.0,2023,0.00021062753268160902,,,,,,,,,,,,,,,,,,,,,,
GR,,,OAKKE-ORGANOSI GIA TIN ANASYGKROTISI TOU KKE,,OAKKE-ORGANOSI GIA TIN ANASYGKROTISI TOU KKE,1010.0,2023,0.00017009890324942798,,,,,,,,,,,,,,,,,,,,,,
GR,,,OIKOLOGOI PRASINOI - PRASINI ENOTITA,378.0,OIKOLOGOI PRASINOI - PRASINI ENOTITA,35201.0,2023,0.005928367815131797,Green,ep_panel,0.0,,,,,0.0,,,,,0.0,,,,,0.0,,,,
GR,,,OIKOLOGOI PRASINOI-PRASINI ENOTITA,378.0,OIKOLOGOI PRASINOI-PRASINI ENOTITA,21188.0,2023,0.004042369712371315,Green,ep_panel,0.0,,,,,0.0,,,,,0.0,,,,,0.0,,,,
GR,,,ORAMA ANAGENNISIS ELLADOS,,ORAMA ANAGENNISIS ELLADOS,132.0,2023,2.5183726733670644e-05,,,,,,,,,,,,,,,,,,,,,,
GR,,,ORGANOSI KOMMOUNISTON DIETHNISTON ELLADAS,,ORGANOSI KOMMOUNISTON DIETHNISTON ELLADAS,3304.0,2023,0.0003250404784865307,,,,,,,,,,,,,,,,,,,,,,
GR,,,PANATHINAIKO KINIMA,,PANATHINAIKO KINIMA,122.0,2023,2.3275868647786503e-05,,,,,,,,,,,,,,,,,,,,,,
GR,,,PASOK-KINIMA ALLAGIS,7909.0,PASOK-KINIMA ALLAGIS,1293652.0,2023,0.11780775658783398,Social democratic,manual,0.0,,,,,0.0,,,,,0.0,,,,,0.0,,,,
GR,,,PATRIOTIKOS SYNASPISMOS,,PATRIOTIKOS SYNASPISMOS,25858.0,2023,0.004933339438479208,,,,,,,,,,,,,,,,,,,,,,
GR,,,PLEFSI ELEFTHERIAS - ZOI KONSTANTOPOULOU,9088.0,PLEFSI ELEFTHERIAS - ZOI KONSTANTOPOULOU,170424.0,2023,0.028701916324139123,Radical left,ess_build,0.0,,,,,0.0,,,,,0.0,,,,,0.0,,,,
GR,,,PLEFSI ELEFTHERIAS-ZOI KONSTANTOPOULOU,9088.0,PLEFSI ELEFTHERIAS-ZOI KONSTANTOPOULOU,165523.0,2023,0.03157943939498004,Radical left,ess_build,0.0,,,,,0.0,,,,,0.0,,,,,0.0,,,,
GR,,,PNOI DIMOKRATIAS,,PNOI DIMOKRATIAS,14781.0,2023,0.0028200050367453468,,,,,,,,,,,,,,,,,,,,,,
GR,,,PNOI DIMOKRATIAS-DIMITRIOS KOUVELAS,,PNOI DIMOKRATIAS-DIMITRIOS KOUVELAS,27619.0,2023,0.004651447137471239,,,,,,,,,,,,,,,,,,,,,,
GR,,,POLITIKI PROTOVOULIA,,POLITIKI PROTOVOULIA,6079.0,2023,0.0010237932998547255,,,,,,,,,,,,,,,,,,,,,,
GR,,,PRASINO KAI MOV,,PRASINO KAI MOV,15725.0,2023,0.0030001068400528096,,,,,,,,,,,,,,,,,,,,,,
GR,,,PRASINO KINIMA,,PRASINO KINIMA,14627.0,2023,0.0024634026315142406,,,,,,,,,,,,,,,,,,,,,,
GR,,,PSIFIAKOS ELLINISMOS EN TO OLON,,PSIFIAKOS ELLINISMOS EN TO OLON,23.0,2023,4.388073597533521e-06,,,,,,,,,,,,,,,,,,,,,,
GR,,,REPOUMPLIKANIKO KOMMA ELLADAS-T.R.A.M.P.,,REPOUMPLIKANIKO KOMMA ELLADAS-T.R.A.M.P.,3.0,2023,5.723574257652419e-07,,,,,,,,,,,,,,,,,,,,,,
GR,,,SOCIAL SYNCHRONO DIMOKRATIKO KOMMA,,SOCIAL SYNCHRONO DIMOKRATIKO KOMMA,1014.0,2023,0.00017077256227219798,,,,,,,,,,,,,,,,,,,,,,
GR,,,SPARTIATES,9129.0,SPARTIATES,243922.0,2023,0.04653685600250311,Radical right,manual,1.0,1900.0,2100.0,2100.0,2100.0,1.0,1900.0,2100.0,1900.0,2100.0,0.0,2100.0,2100.0,2100.0,2100.0,1.0,1900.0,2100.0,1900.0,2100.0
GR,,,SYMMACHIA ANATROPIS,,SYMMACHIA ANATROPIS,53346.0,2023,0.008984253557172263,,,,,,,,,,,,,,,,,,,,,,
GR,,,SYNASPISMOS RIZOSPASTIKIS ARISTERAS-PROODEFTIKI SYMMACHIA,301.0,SYNASPISMOS RIZOSPASTIKIS ARISTERAS-PROODEFTIKI SYMMACHIA,2114634.0,2023,0.19950765630320855,Radical left,ep_panel,1.0,1900.0,2100.0,1900.0,2100.0,0.0,2100.0,2100.0,2100.0,2100.0,1.0,1900.0,2015.0,1900.0,2015.0,1.0,1900.0,2100.0,1900.0,2100.0
GR,,,TORA OLOI MAZI (T.OL.MA),,TORA OLOI MAZI (T.OL.MA),14036.0,2023,0.0023638695108999714,,,,,,,,,,,,,,,,,,,,,,
GR,,,VOREIA LEGKA - KRAMA,,VOREIA LEGKA - KRAMA,5430.0,2023,0.000914492123410291,,,,,,,,,,,,,,,,,,,,,,
HR,A HSS-SZP,,,,A HSS-SZP,1976.0,2011,0.0008469505494034485,,,,,,,,,,,,,,,,,,,,,,
HR,A-HSP,,,,A-HSP,1959.0,2015,0.0008975336380396655,,,,,,,,,,,,,,,,,,,,,,
HR,ABH-JH,,,,ABH-JH,2368.0,2011,0.0010149690794470476,,,,,,,,,,,,,,,,,,,,,,
HR,AM,,,3136.0,AM,907.0,2011,0.0003887571600753683,,,0.0,,,,,0.0,,,,,0.0,,,,,0.0,,,,
HR,AM-LISTA RI-SUH,,,,AM-LISTA RI-SUH,4159.0,2011,0.0017826251695186954,,,,,,,,,,,,,,,,,,,,,,
HR,ASH-SUH-SSU,,,,ASH-SUH-SSU,721.0,2011,0.0003090340820444769,,,,,,,,,,,,,,,,,,,,,,
HR,BUZ-PGS-HRS,,,,BUZ-PGS-HRS,66626.0,2011,0.028557149445624576,Regionalist,manual,0.0,,,,,0.0,,,,,0.0,,,,,0.0,,,,
HR,DEMOKRATI-LABURISTI-LISTA RI,,,3143.0,DEMOKRATI-LABURISTI-LISTA RI,2534.0,2020,0.0015536423532470144,Social democratic,ep_panel,1.0,1900.0,2100.0,1900.0,2100.0,0.0,2100.0,2100.0,2100.0,2100.0,0.0,2100.0,2100.0,2100.0,2100.0,0.0,2100.0,2100.0,2100.0,2100.0
HR,DPMS-LED COALITION,,,8981.0,DPMS-LED COALITION,175449.0,2020,0.10757103284721209,Radical right,manual,1.0,1900.0,2100.0,1900.0,2100.0,1.0,1900.0,2100.0,1900.0,2100.0,0.0,2100.0,2100.0,2100.0,2100.0,1.0,1900.0,2100.0,1900.0,2100.0
HR,EVEN STRONGER ISTRIA,,,,EVEN STRONGER ISTRIA,42784.0,2016,0.02287068101002196,Regionalist,manual,0.0,,,,,0.0,,,,,0.0,,,,,0.0,,,,
HR,FOR PRIME MINISTER,,,9092.0,FOR PRIME MINISTER,75938.0,2016,0.04059353437123802,No family,manual,0.0,,,,,0.0,,,,,0.0,,,,,0.0,,,,
HR,GREEN-LEFT,,,,GREEN-LEFT,112051.0,2020,0.06870054432663031,Green,manual,0.0,,,,,0.0,,,,,0.0,,,,,0.0,,,,
HR,HDSSB,Croatian Democratic Alliance of Slavonia and Baranja,Hrvatski demokratski savez Slavonije i Baranje,2347.0,Hrvatski demokratski savez Slavonije i Baranje,98862.0,2015,0.02942767402347802,Regionalist,ess_build,1.0,1900.0,2100.0,1900.0,2100.0,1.0,1900.0,2100.0,2100.0,2100.0,0.0,2100.0,2100.0,2100.0,2100.0,0.0,2100.0,2100.0,2100.0,2100.0
HR,HDSSB-HKS,,,2347.0,HDSSB-HKS,23380.0,2016,0.012498048850371948,Regionalist,ess_build,1.0,1900.0,2100.0,1900.0,2100.0,1.0,1900.0,2100.0,2100.0,2100.0,0.0,2100.0,2100.0,2100.0,2100.0,0.0,2100.0,2100.0,2100.0,2100.0
HR,HDZ,Croatian Democratic Union,Hrvatska demokratska zajednica,1431.0,Hrvatska demokratska zajednica,1233805.0,2020,0.26255022973551295,Christian democratic,ep_panel,1.0,1900.0,2000.0,1900.0,2000.0,1.0,1900.0,2000.0,1900.0,2000.0,0.0,2100.0,2100.0,2100.0,2100.0,1.0,1900.0,2000.0,1900.0,2000.0
HR,HDZ-DC,Croatian Democratic Union,Hrvatska demokratska zajednica,1431.0,Hrvatska demokratska zajednica,45472.0,2011,0.019490149485057496,Christian democratic,ep_panel,1.0,1900.0,2000.0,1900.0,2000.0,1.0,1900.0,2000.0,1900.0,2000.0,0.0,2100.0,2100.0,2100.0,2100.0,1.0,1900.0,2000.0,1900.0,2000.0
HR,HDZ-HDS,Croatian Democratic Union - Croatian Demochristian Party,Hrvatska demokratska zajednica - Hrvatska demokrscanska stranka,1431.0,Hrvatska demokratska zajednica - Hrvatska demokrscanska stranka,76954.0,2020,0.047181923303776935,Christian democratic,ep_panel,1.0,1900.0,2000.0,1900.0,2000.0,1.0,1900.0,2000.0,1900.0,2000.0,0.0,2100.0,2100.0,2100.0,2100.0,1.0,1900.0,2000.0,1900.0,2000.0
HR,HDZ-HDS,Croatian Democratic Union - Croatian Demochristian Party,Hrvatska demokratska zajednica - Hrvatska demokrscanska stranka,1431.0,Hrvatska demokratska zajednica - Hrvatska demokrscanska stranka,93570.0,2016,0.050018923478584394,Christian democratic,ep_panel,1.0,1900.0,2000.0,1900.0,2000.0,1.0,1900.0,2000.0,1900.0,2000.0,0.0,2100.0,2100.0,2100.0,2100.0,1.0,1900.0,2000.0,1900.0,2000.0
HR,HDZ-HGS,Croatian Democratic Union,Hrvatska demokratska zajednica,1431.0,Hrvatska demokratska zajednica,163287.0,2011,0.06998786151844175,Christian democratic,ep_panel,1.0,1900.0,2000.0,1900.0,2000.0,1.0,1900.0,2000.0,1900.0,2000.0,0.0,2100.0,2100.0,2100.0,2100.0,1.0,1900.0,2000.0,1900.0,2000.0
HR,HDZ-HSLS,Croatian Democratic Union,Hrvatska demokratska zajednica,1431.0,Hrvatska demokratska zajednica,230838.0,2020,0.0680491497264114,Christian democratic,ep_panel,1.0,1900.0,2000.0,1900.0,2000.0,1.0,1900.0,2000.0,1900.0,2000.0,0.0,2100.0,2100.0,2100.0,2100.0,1.0,1900.0,2000.0,1900.0,2000.0
HR,HGS,,,6620.0,HGS,7277.0,2020,0.004461663537718439,,,0.0,,,,,0.0,,,,,0.0,,,,,0.0,,,,
HR,HNS,,,799.0,HNS,15163.0,2020,0.009296716259780773,Liberal,ep_panel,0.0,,,,,0.0,,,,,0.0,,,,,0.0,,,,
HR,HNS-HSS BRACE RADIC,,,,HNS-HSS BRACE RADIC,6391.0,2020,0.0039184405207583544,,,,,,,,,,,,,,,,,,,,,,
HR,HNS-HSU,,,,HNS-HSU,362.0,2016,0.0001935112781794117,,,,,,,,,,,,,,,,,,,,,,
HR,HOMELAND,,,8981.0,HOMELAND,4111.0,2016,0.0021975824988827663,Radical right,ep_panel,1.0,1900.0,2100.0,1900.0,2100.0,1.0,1900.0,2100.0,1900.0,2100.0,0.0,2100.0,2100.0,2100.0,2100.0,1.0,1900.0,2100.0,1900.0,2100.0
HR,HRAST,,,3138.0,HRAST,29488.0,2011,0.012639108198789923,Radical right,ep_panel,1.0,1900.0,2100.0,1900.0,2100.0,1.0,1900.0,2100.0,1900.0,2100.0,0.0,2100.0,2100.0,2100.0,2100.0,1.0,1900.0,2100.0,1900.0,2100.0
HR,HSLS,Croatian Social Liberal Party,Hrvatska socijalno liberalna stranka,214.0,Hrvatska socijalno liberalna stranka,72532.0,2011,0.031088571482454922,Liberal,ep_panel,0.0,,,,,0.0,,,,,0.0,,,,,0.0,,,,
HR,HSP,Croatian Party of Rights,Hrvatska stranka prava,253.0,Hrvatska stranka prava,62003.0,2011,0.02657564519972774,Radical right,ep_panel,0.0,2100.0,2100.0,2100.0,2100.0,1.0,1900.0,2100.0,1900.0,2100.0,0.0,2100.0,2100.0,2100.0,2100.0,1.0,1900.0,2100.0,1900.0,2100.0
HR,HSP AS-HCSP,,,,HSP AS-HCSP,65455.0,2011,0.02805523694898923,Radical right,manual,0.0,,,,,1.0,1900.0,2100.0,1900.0,2100.0,0.0,,,,,0.0,,,,
HR,HSP-HS NS,,,,HSP-HS NS,9621.0,2011,0.0041237405039527214,,,,,,,,,,,,,,,,,,,,,,
HR,HSS,Croatian Peasant Party,Hrvatska seljacka stranka,72.0,Hrvatska seljacka stranka,47448.0,2011,0.020337100034460945,Agrarian/center,ep_panel,0.0,,,,,0.0,,,,,0.0,,,,,0.0,,,,
HR,HSS-ZELENA STRANKA-STRANKA PENZIONERA,,,,HSS-ZELENA STRANKA-STRANKA PENZIONERA,23701.0,2011,0.010158691787151383,Agrarian/center,manual,0.0,,,,,0.0,,,,,0.0,,,,,0.0,,,,
HR,ID-DI,,,,ID-DI,1377.0,2016,0.0007360912432404693,,,,,,,,,,,,,,,,,,,,,,
HR,INDEPENDENT,independent,independent,2650.0,independent,132486.0,2020,0.04783256096243757,No family,generic,0.0,,,,,0.0,,,,,0.0,,,,,0.0,,,,
HR,ISDNS,,,,ISDNS,1392.0,2011,0.0005966372291344131,,,,,,,,,,,,,,,,,,,,,,
HR,KUKURIKU,Kukuriku Coalition,Kukuriku koalicija,2522.0,Kukuriku koalicija,1734253.0,2020,0.3357843316925129,Social democratic,manual,0.0,,,,,0.0,,,,,0.0,,,,,0.0,,,,
HR,KUKURIKU,,,2522.0,KUKURIKU,952715.0,2011,0.4083514639043049,Social democratic,manual,0.0,,,,,0.0,,,,,0.0,,,,,0.0,,,,
HR,LABOUR AND SOLIDARITY,Milan Bandic 365 -- The Party of Labour and Solidarity,Milan Bandic 365 - Stranka rada i solidarnosti,5452.0,Milan Bandic 365 - Stranka rada i solidarnosti,82473.0,2020,0.034079246859777666,Social democratic,ep_panel,1.0,1900.0,2100.0,1900.0,2100.0,0.0,2100.0,2100.0,2100.0,2100.0,0.0,2100.0,2100.0,2100.0,2100.0,0.0,2100.0,2100.0,2100.0,2100.0
HR,LABURISTI,Croatian Labourists  Labour Party,Hrvatski laburisti - Stranka rada,3143.0,Hrvatski laburisti - Stranka rada,121755.0,2016,0.051920297495666665,Social democratic,ep_panel,1.0,1900.0,2100.0,1900.0,2100.0,0.0,2100.0,2100.0,2100.0,2100.0,0.0,2100.0,2100.0,2100.0,2100.0,0.0,2100.0,2100.0,2100.0,2100.0
HR,LADONJA,,,,LADONJA,11978.0,2011,0.00513399477770977,,,,,,,,,,,,,,,,,,,,,,
HR,MDS,,,2524.0,MDS,2332.0,2016,0.0005006266405380707,,,0.0,,,,,0.0,,,,,0.0,,,,,0.0,,,,
HR,MOST,Bridge of Independent Lists,Most nezavisnih lista,4865.0,Most nezavisnih lista,603171.0,2020,0.1366349498407439,Radical right,ep_panel,1.0,1900.0,2100.0,1900.0,2100.0,1.0,1900.0,2100.0,2020.0,2100.0,0.0,2100.0,2100.0,2100.0,2100.0,0.0,2100.0,2100.0,2100.0,2100.0
HR,NHR-HSP-GO,,,,NHR-HSP-GO,927.0,2020,0.000568360876661398,,,,,,,,,,,,,,,,,,,,,,
HR,NO SELLING,,,,NO SELLING,1017.0,2016,0.0005436490881449218,,,,,,,,,,,,,,,,,,,,,,
HR,NO SELLING-SHZ-SU,,,,NO SELLING-SHZ-SU,6615.0,2016,0.003536124599880686,,,,,,,,,,,,,,,,,,,,,,
HR,ORAH,Sustainable Development of Croatia,Odrzivi razvoj Hrvatske,3201.0,Odrzivi razvoj Hrvatske,38218.0,2015,0.017509923725676335,Green,ep_panel,0.0,,,,,0.0,,,,,0.0,,,,,0.0,,,,
HR,OTHER,,,2027.0,OTHER,257579.0,2020,0.047832989581136666,No family,generic,0.0,,,,,0.0,,,,,0.0,,,,,0.0,,,,
HR,PAMETNO,,,7336.0,PAMETNO,3010.0,2015,0.0013790588312911655,Liberal,ep_panel,0.0,,,,,0.0,,,,,0.0,,,,,0.0,,,,
HR,PAMETNO-IP-FOKUS,,,,PAMETNO-IP-FOKUS,64510.0,2020,0.039552276325163734,Liberal,manual,0.0,,,,,0.0,,,,,0.0,,,,,0.0,,,,
HR,PAMETNO-ZA GRAD,,,,PAMETNO-ZA GRAD,37619.0,2016,0.020109670645942785,Liberal,manual,0.0,,,,,0.0,,,,,0.0,,,,,0.0,,,,
HR,PATRIOTIC,,,8608.0,PATRIOTIC,749890.0,2015,0.3435689126235655,Conservative,manual,0.0,,,,,0.0,,,,,0.0,,,,,0.0,,,,
HR,READY,,,,READY,4445.0,2015,0.002036517111325326,,,,,,,,,,,,,,,,,,,,,,
HR,REFORMISTI-HSS BRACE RADIC-UMIROVLJENICI,,,4866.0,REFORMISTI-HSS BRACE RADIC-UMIROVLJENICI,8269.0,2020,0.005069877118784358,Liberal,ep_panel,0.0,,,,,0.0,,,,,0.0,,,,,0.0,,,,
HR,RESTART-REFORMISTI,,,4866.0,RESTART-REFORMISTI,34907.0,2020,0.02140212850228632,Liberal,ep_panel,0.0,,,,,0.0,,,,,0.0,,,,,0.0,,,,
HR,SDSS,,,2348.0,SDSS,7606.0,2011,0.0032600738252847312,Social democratic,ep_panel,0.0,,,,,0.0,,,,,0.0,,,,,0.0,,,,
HR,SHIFT,,,,SHIFT,3735.0,2016,0.0019965873591163055,,,,,,,,,,,,,,,,,,,,,,
HR,SHZ,,,,SHZ,522.0,2011,0.0002237389609254049,,,,,,,,,,,,,,,,,,,,,,
HR,SLAVONSKA RAVNICA,,,,SLAVONSKA RAVNICA,2013.0,2011,0.0008628094412698086,,,,,,,,,,,,,,,,,,,,,,
HR,SNAGA SIB,,,,SNAGA SIB,1284.0,2020,0.0007872441916216127,,,,,,,,,,,,,,,,,,,,,,
HR,SUCCESSFUL CROATIA,,,,SUCCESSFUL CROATIA,34392.0,2015,0.015757007084972015,No family,manual,0.0,,,,,0.0,,,,,0.0,,,,,0.0,,,,
HR,THE ONLY OPTION,,,8628.0,THE ONLY OPTION,74028.0,2016,0.039572521826147754,No family,manual,0.0,,,,,0.0,,,,,0.0,,,,,0.0,,,,
HR,THE RIGHT TO OUR OWN,,,,THE RIGHT TO OUR OWN,41710.0,2015,0.01910981523360615,No family,manual,0.0,,,,,0.0,,,,,0.0,,,,,0.0,,,,
HR,UIO,,,,UIO,22980.0,2015,0.010528495662149829,No family,manual,0.0,,,,,0.0,,,,,0.0,,,,,0.0,,,,
HR,UNIJA,,,,UNIJA,2025.0,2020,0.0012415650218331508,,,,,,,,,,,,,,,,,,,,,,
HR,ZAGORSKA STRANKA,,,,ZAGORSKA STRANKA,1050.0,2011,0.00045004963404535474,,,,,,,,,,,,,,,,,,,,,,
HR,ZELJKO LACKOVIC INDEPENDENT LIST-REFORMISTI-HSS BRACE RADIC-NSH-HDS,,,,ZELJKO LACKOVIC INDEPENDENT LIST-REFORMISTI-HSS BRACE RADIC-NSH-HDS,5452.0,2020,0.0033427222217453523,,,,,,,,,,,,,,,,,,,,,,
HR,ZIVI ZID,Human Shield,Zivi zid,4867.0,Zivi zid,86664.0,2015,0.03970589852326165,No family,ep_panel,1.0,1900.0,2100.0,1900.0,2100.0,0.0,2100.0,2100.0,2100.0,2100.0,0.0,2100.0,2100.0,2100.0,2100.0,1.0,1900.0,2100.0,1900.0,2100.0
HR,ZIVI ZID-AM,,,4867.0,ZIVI ZID-AM,7073.0,2015,0.0032405591739941577,No family,ep_panel,1.0,1900.0,2100.0,1900.0,2100.0,0.0,2100.0,2100.0,2100.0,2100.0,0.0,2100.0,2100.0,2100.0,2100.0,1.0,1900.0,2100.0,1900.0,2100.0
HR,ZIVI ZID-PH-AM,,,4867.0,ZIVI ZID-PH-AM,41913.0,2016,0.02240507790699912,No family,ep_panel,1.0,1900.0,2100.0,1900.0,2100.0,0.0,2100.0,2100.0,2100.0,2100.0,0.0,2100.0,2100.0,2100.0,2100.0,1.0,1900.0,2100.0,1900.0,2100.0
HR,ZIVI ZID-PH-SIP-HSSCKS-ZSZ-NLSP-HSS SR,,,4867.0,ZIVI ZID-PH-SIP-HSSCKS-ZSZ-NLSP-HSS SR,30016.0,2020,0.018403365775478447,No family,ep_panel,1.0,1900.0,2100.0,1900.0,2100.0,0.0,2100.0,2100.0,2100.0,2100.0,0.0,2100.0,2100.0,2100.0,2100.0,1.0,1900.0,2100.0,1900.0,2100.0
HR,ZIVI ZID-PH-SIP-NLSP-AM,,,4867.0,ZIVI ZID-PH-SIP-NLSP-AM,6829.0,2020,0.004186986436591895,No family,ep_panel,1.0,1900.0,2100.0,1900.0,2100.0,0.0,2100.0,2100.0,2100.0,2100.0,0.0,2100.0,2100.0,2100.0,2100.0,1.0,1900.0,2100.0,1900.0,2100.0
HU,ASZ,Agrarian Alliance,Agrarszovetseg,1132.0,Agrarszovetseg,267388.0,1994,0.03135745120225214,Agrarian/center,manual,0.0,,,,,0.0,,,,,0.0,,,,,0.0,,,,
HU,DK,Democratic Coalition,Demokratikus Koalicio,469.0,Demokratikus Koalicio,307492.0,2018,0.0558339558451774,Social democratic,ep_panel,0.0,,,,,0.0,,,,,0.0,,,,,0.0,,,,
HU,EGYUTT,,,2458.0,EGYUTT,16315.0,2018,0.002962454273978085,No family,ess_build,0.0,,,,,0.0,,,,,0.0,,,,,0.0,,,,
HU,FIDESZ,Fidesz  Hungarian Civic Alliance,Fidesz - Magyar Polgari Szovetseg,1691.0,Fidesz - Magyar Polgari Szovetseg,9368549.0,2010,0.5272821537755934,Conservative,ep_panel,1.0,2002.0,2100.0,2002.0,2100.0,1.0,2010.0,2100.0,2010.0,2100.0,0.0,2100.0,2100.0,2100.0,2100.0,1.0,2010.0,2100.0,2010.0,2100.0
HU,FIDESZ-KDNP,Alliance of Hungarian Solidarity,Fidesz - Hungarian Civic Alliance -- Christian Democratic People's Party,6366.0,Fidesz - Hungarian Civic Alliance -- Christian Democratic People's Party,4750132.0,2018,0.47355507949691117,Radical right,ep_panel,1.0,2002.0,2100.0,2002.0,2100.0,1.0,2010.0,2100.0,2010.0,2100.0,0.0,2100.0,2100.0,2100.0,2100.0,1.0,2010.0,2100.0,2010.0,2100.0
HU,FKGP,Independent Smallholders Party (1988),Fuggetlen Kisgazdapart,1294.0,Fuggetlen Kisgazdapart,1670327.0,1998,0.13776618686905856,Radical right,populist_implied,1.0,1900.0,2100.0,1900.0,2100.0,1.0,2019.0,2100.0,2019.0,2100.0,0.0,2100.0,2100.0,2100.0,2100.0,0.0,2100.0,2100.0,2100.0,2100.0
HU,HVK,Patriotic Elections Coalition,Hazafias Valasztasi Koalicio,1323.0,Hazafias Valasztasi Koalicio,91922.0,1990,0.018716654303871465,No family,manual,0.0,,,,,0.0,,,,,0.0,,,,,0.0,,,,
HU,JOBBIK,Movement for a Better Hungary,Jobbik Magyarorszagert Mozgalom,42.0,Jobbik Magyarorszagert Mozgalom,2963737.0,2018,0.20686392620840208,Radical right,ep_panel,1.0,1900.0,2100.0,1900.0,2100.0,1.0,1900.0,2018.0,1900.0,2018.0,0.0,2100.0,2100.0,2100.0,2100.0,1.0,1900.0,2018.0,1900.0,2018.0
HU,KDNP,Christian Democratic People's Party,Keresztenydemokrata Neppart,1412.0,Keresztenydemokrata Neppart,812866.0,1998,0.07027951218048833,Christian democratic,ess_build,0.0,,,,,0.0,,,,,0.0,,,,,0.0,,,,
HU,KP-CONS,Republican Party,Koztarsasag Part,3795.0,Koztarsasag Part,137561.0,1994,0.02547334410578583,No family,manual,0.0,,,,,0.0,,,,,0.0,,,,,0.0,,,,
HU,LMP,Politics Can Be Different,Lehet Mas a Politika,1650.0,Lehet Mas a Politika,1055063.0,2018,0.07479272896744316,Green,ep_panel,0.0,,,,,0.0,,,,,0.0,,,,,0.0,,,,
HU,MDF,Hungarian Democratic Forum,Magyar Demokrata Forum,1697.0,Magyar Demokrata Forum,2397789.0,2010,0.24726113012983889,Conservative,ep_panel,0.0,,,,,0.0,,,,,0.0,,,,,0.0,,,,
HU,MDNP-NEPPART,,,,MDNP-NEPPART,62568.0,1998,0.013953693754691708,Christian democratic,manual,0.0,,,,,0.0,,,,,0.0,,,,,0.0,,,,
HU,MIEP,Hungarian Justice and Life Party,Magyar Igazsag es Elet Partja,1597.0,Magyar Igazsag es Elet Partja,579888.0,2002,0.0554920702037969,Radical right,ep_panel,1.0,1900.0,2100.0,1900.0,2100.0,1.0,1900.0,2100.0,1900.0,2100.0,0.0,2100.0,2100.0,2100.0,2100.0,1.0,1900.0,2100.0,1900.0,2100.0
HU,MIEP-JOBBIK,MIÉPJobbik Third Way Alliance of Parties,MIEP-Jobbik a Harmadik Ut partszovetseg,8264.0,MIEP-Jobbik a Harmadik Ut partszovetseg,119007.0,2006,0.02200552879503703,Radical right,manual,0.0,,,,,1.0,1900.0,2100.0,1900.0,2100.0,0.0,,,,,0.0,,,,
HU,MKKP,Hungarian Two-tailed Dog Party,Magyar Ketfarku Kutya Part,6129.0,Magyar Ketfarku Kutya Part,98758.0,2018,0.017932335837543837,No family,ep_panel,0.0,,,,,0.0,,,,,0.0,,,,,0.0,,,,
HU,MOMENTUM,Momentum Movement,Momentum Mozgalom,8249.0,Momentum Mozgalom,174225.0,2018,0.031635525337654416,Liberal,ep_panel,0.0,,,,,0.0,,,,,0.0,,,,,0.0,,,,
HU,MSZDP,Social Democratic Party of Hungary (1989),Magyarorszagi Szocialdemokrata Part,1726.0,Magyarorszagi Szocialdemokrata Part,174434.0,1990,0.03551729593396048,Social democratic,manual,0.0,,,,,0.0,,,,,0.0,,,,,0.0,,,,
HU,MSZMP,Hungarian Socialist Workers' Party,Magyar Szocialista Munkáspárt,299.0,Magyar Szocialista Munkáspárt,180964.0,1990,0.03684689877772237,Radical left,manual,0.0,,,,,0.0,,,,,1.0,1900.0,2100.0,1900.0,2100.0,0.0,,,,
HU,MSZP,Hungarian Socialist Party,Magyar Szocialista Part,1408.0,Magyar Szocialista Part,9451607.0,2010,0.43207903033440886,Social democratic,ep_panel,0.0,,,,,0.0,,,,,0.0,,,,,0.0,,,,
HU,MSZP-PARBESZED,,,,MSZP-PARBESZED,681454.0,2018,0.12373743884887906,Social democratic,manual,0.0,,,,,0.0,,,,,0.0,,,,,0.0,,,,
HU,MUNKASPART,Hungarian Communist Workers' Party,Magyar Kommunista Munkaspart,859.0,Magyar Kommunista Munkaspart,476676.0,2002,0.040826284898172915,Radical left,populist_implied,0.0,2100.0,2100.0,2100.0,2100.0,0.0,2100.0,2100.0,2100.0,2100.0,1.0,1900.0,2100.0,1900.0,2100.0,1.0,1900.0,2100.0,1900.0,2100.0
HU,OMC,alliance,alliance,3948.0,alliance,219029.0,2002,0.03899568255663863,No family,generic,0.0,,,,,0.0,,,,,0.0,,,,,0.0,,,,
HU,OTHER,,,1843.0,OTHER,804611.0,2018,0.04088101202414995,No family,generic,0.0,,,,,0.0,,,,,0.0,,,,,0.0,,,,
HU,SZDSZ,Alliance of Free Democrats,Szabad Demokratak Szovetsege,910.0,Szabad Demokratak Szovetsege,3134570.0,2006,0.21395793853325462,Liberal,ep_panel,0.0,,,,,0.0,,,,,0.0,,,,,0.0,,,,
HU,UNITY,Unity,Osszefogas,8265.0,Osszefogas,1289311.0,2014,0.26211187220645776,Social democratic,manual,0.0,,,,,0.0,,,,,0.0,,,,,0.0,,,,
HU,VP,Entrepreneurs' Party,Vallalkozok Partja Egyesulet,184.0,Vallalkozok Partja Egyesulet,92689.0,1990,0.018872826644019302,Liberal,manual,0.0,,,,,0.0,,,,,0.0,,,,,0.0,,,,
HU,,,A MI PÁRTUNK,,A MI PÁRTUNK,326.0,2022,5.683737988744804e-05,,,,,,,,,,,,,,,,,,,,,,
HU,,,BOLGÁR ORSZÁGOS ÖNKORMÁNYZAT,,BOLGÁR ORSZÁGOS ÖNKORMÁNYZAT,157.0,2022,2.7372603197329272e-05,,,,,,,,,,,,,,,,,,,,,,
HU,,,FIDESZ+KDNP,6366.0,FIDESZ+KDNP,3060706.0,2022,0.5336273302018145,Radical right,ep_panel,1.0,2002.0,2100.0,2002.0,2100.0,1.0,2010.0,2100.0,2010.0,2100.0,0.0,2100.0,2100.0,2100.0,2100.0,1.0,2010.0,2100.0,2010.0,2100.0
HU,,,MAGYAR KÉTFARKÚ KUTYA PÁRT,6129.0,MAGYAR KÉTFARKÚ KUTYA PÁRT,185052.0,2022,0.03226340743230686,No family,ep_panel,0.0,,,,,0.0,,,,,0.0,,,,,0.0,,,,
HU,,,MAGYAR LIBERÁLIS PÁRT - LIBERÁLISOK,,MAGYAR LIBERÁLIS PÁRT - LIBERÁLISOK,152.0,2022,2.6500864242000312e-05,,,,,,,,,,,,,,,,,,,,,,
HU,,,MAGYAR MUNKÁSPÁRT + IGEN SZOLIDARITÁS MAGYARORSZÁGÉRT MOZGALOM,859.0,MAGYAR MUNKÁSPÁRT + IGEN SZOLIDARITÁS MAGYARORSZÁGÉRT MOZGALOM,8678.0,2022,0.001512990130868939,Radical left,populist_implied,0.0,2100.0,2100.0,2100.0,2100.0,0.0,2100.0,2100.0,2100.0,2100.0,1.0,1900.0,2100.0,1900.0,2100.0,1.0,1900.0,2100.0,1900.0,2100.0
HU,,,MAGYAR SZEGÉNYEK ÉS DOLGOZÓK DEMOKRATIKUS SZERVEZETE,,MAGYAR SZEGÉNYEK ÉS DOLGOZÓK DEMOKRATIKUS SZERVEZETE,177.0,2022,3.08595590186451e-05,,,,,,,,,,,,,,,,,,,,,,
HU,,,MAGYARORSZÁGI GÖRÖGÖK ORSZÁGOS,,MAGYARORSZÁGI GÖRÖGÖK ORSZÁGOS,232.0,2022,4.044868752726363e-05,,,,,,,,,,,,,,,,,,,,,,
HU,,,MI HAZÁNK MOZGALOM,7349.0,MI HAZÁNK MOZGALOM,332487.0,2022,0.05796837400809183,Radical right,ep_panel,0.0,2100.0,2100.0,2100.0,2100.0,1.0,1900.0,2100.0,1900.0,2100.0,0.0,2100.0,2100.0,2100.0,2100.0,1.0,1900.0,2100.0,1900.0,2100.0
HU,,,Magyarországi Németek Országos Önkormányzat,,Magyarországi Németek Országos Önkormányzat,24630.0,2022,0.004294186093950446,,,,,,,,,,,,,,,,,,,,,,
HU,,,Magyarországi Románok Országos Önkormányzatát,,Magyarországi Románok Országos Önkormányzatát,526.0,2022,9.170693810060634e-05,,,,,,,,,,,,,,,,,,,,,,
HU,,,Megoldás Mozgalom,9128.0,Megoldás Mozgalom,64341.0,2022,0.011217711224964092,No family,manual,0.0,,,,,0.0,,,,,0.0,,,,,0.0,,,,
HU,,,NORMÁLIS ÉLET PÁRTJA,,NORMÁLIS ÉLET PÁRTJA,39720.0,2022,0.00692509426113324,,,,,,,,,,,,,,,,,,,,,,
HU,,,ORSZÁGOS HORVÁT ÖNKORMÁNYZAT,,ORSZÁGOS HORVÁT ÖNKORMÁNYZAT,1760.0,2022,0.0003068521122757931,,,,,,,,,,,,,,,,,,,,,,
HU,,,ORSZÁGOS LENGYEL ÖNKORMÁNYZAT,,ORSZÁGOS LENGYEL ÖNKORMÁNYZAT,281.0,2022,4.899172928948742e-05,,,,,,,,,,,,,,,,,,,,,,
HU,,,ORSZÁGOS SZLOVÉN ÖNKORMÁNYZAT,,ORSZÁGOS SZLOVÉN ÖNKORMÁNYZAT,1427.0,2022,0.0002487942978508845,,,,,,,,,,,,,,,,,,,,,,
HU,,,ORSZÁGOS ÖRMÉNY ÖNKORMÁNYZAT,,ORSZÁGOS ÖRMÉNY ÖNKORMÁNYZAT,163.0,2022,2.841868994372402e-05,,,,,,,,,,,,,,,,,,,,,,
HU,,,POLGÁRI VÁLASZ,,POLGÁRI VÁLASZ,521.0,2022,9.083519914527738e-05,,,,,,,,,,,,,,,,,,,,,,
HU,,,Szerb Országos Önkormányzat,,Szerb Országos Önkormányzat,418.0,2022,7.287737666550086e-05,,,,,,,,,,,,,,,,,,,,,,
HU,,,UKRÁN ORSZÁGOS ÖNKORMÁNYZAT,,UKRÁN ORSZÁGOS ÖNKORMÁNYZAT,396.0,2022,6.904172526205345e-05,,,,,,,,,,,,,,,,,,,,,,
HU,,,Ukrán Országos Önkormányzat,,Ukrán Országos Önkormányzat,645.0,2022,0.00011245432523743554,,,,,,,,,,,,,,,,,,,,,,
HU,,,"United for Hungary (Jobbik, MSZP, Dialogue, DK, LMP, Momentum)",8249.0,"United for Hungary (Jobbik, MSZP, Dialogue, DK, LMP, Momentum)",1983708.0,2022,0.3458551079195392,Liberal,ep_panel,0.0,,,,,0.0,,,,,0.0,,,,,0.0,,,,
HU,,,VALÓDI DEMOKRATA PÁRT,,VALÓDI DEMOKRATA PÁRT,989.0,2022,0.00017242996536406783,,,,,,,,,,,,,,,,,,,,,,
HU,,,ZÖLDEK PÁRTJA,,ZÖLDEK PÁRTJA,208.0,2022,3.626434054168464e-05,,,,,,,,,,,,,,,,,,,,,,
HU,,,független,,független,27962.0,2022,0.004875112933781663,,,,,,,,,,,,,,,,,,,,,,
IE,AONTU,,,8642.0,AONTU,40878.0,2020,0.018721413297708392,Conservative,manual,0.0,,,,,0.0,,,,,0.0,,,,,0.0,,,,
IE,CATHOLIC DEMOCRATS,National Party,National Party,2053.0,National Party,19077.0,1997,0.01066358857117304,Christian democratic,manual,0.0,,,,,0.0,,,,,0.0,,,,,0.0,,,,
IE,DEMOCRATIC LEFT,Democratic Left,Democratic Left,1172.0,Democratic Left,92846.0,1997,0.02779657164987393,Radical left,manual,0.0,,,,,0.0,,,,,1.0,1900.0,2100.0,1900.0,2100.0,0.0,,,,
IE,FF,Fianna Fail  The Republican Party,Fianna Fail,1055.0,Fianna Fail,4398671.0,2020,0.4156069532047962,Conservative,ep_panel,0.0,,,,,0.0,,,,,0.0,,,,,0.0,,,,
IE,FG,Fine Gael (Familiy of the Irish),Fine Gael,1288.0,Fine Gael,3705515.0,2020,0.3610353100557162,Christian democratic,ep_panel,0.0,,,,,0.0,,,,,0.0,,,,,0.0,,,,
IE,GREEN,Green Party,Green Party-Comhaontas Glas,1775.0,Green Party-Comhaontas Glas,472460.0,2020,0.07130560309669524,Green,ep_panel,0.0,,,,,0.0,,,,,0.0,,,,,0.0,,,,
IE,I4C,,,8181.0,I4C,11892.0,2016,0.005575520595247305,Radical left,ep_panel,0.0,,,,,0.0,,,,,0.0,,,,,0.0,,,,
IE,INDEPENDENT,,,2735.0,INDEPENDENT,1305196.0,2020,0.16252651912072558,No family,generic,0.0,,,,,0.0,,,,,0.0,,,,,0.0,,,,
IE,INDEPENDENT FF,,,2533.0,INDEPENDENT FF,6124.0,2002,0.0032961910800462027,,,0.0,,,,,0.0,,,,,0.0,,,,,0.0,,,,
IE,LABOUR,Labour Party,Pairti Lucht Oibre,562.0,Pairti Lucht Oibre,1596633.0,2020,0.19447125442327118,Social democratic,ep_panel,0.0,,,,,0.0,,,,,0.0,,,,,0.0,,,,
IE,OTHER,,,1885.0,OTHER,247872.0,2020,0.09644416074877106,No family,generic,0.0,,,,,0.0,,,,,0.0,,,,,0.0,,,,
IE,PBP,,,242.0,PBP,30884.0,2011,0.009706088069541907,Radical left,ess_build,0.0,,,,,0.0,,,,,0.0,,,,,0.0,,,,
IE,PD,Progressive Democrats,An Pairti Daonlathach,924.0,An Pairti Daonlathach,294576.0,2007,0.04683703480818365,Liberal,ess_build,0.0,,,,,0.0,,,,,0.0,,,,,0.0,,,,
IE,RENUA,Renua Ireland,Renua Ireland,4869.0,Renua Ireland,46552.0,2016,0.02182573450638686,Christian democratic,ep_panel,0.0,,,,,0.0,,,,,0.0,,,,,0.0,,,,
IE,SD,Social Democrats,Daonlathaigh Shoisialta,4870.0,Daonlathaigh Shoisialta,127491.0,2020,0.030050236884609886,Social democratic,ep_panel,0.0,,,,,0.0,,,,,0.0,,,,,0.0,,,,
IE,SF,Sinn Fein (Provisional),Sinn Fein (Provisional),4.0,Sinn Fein (Provisional),1361591.0,2020,0.2452831225621013,Regionalist,ess_build,1.0,1900.0,2100.0,1900.0,2100.0,0.0,2100.0,2100.0,2100.0,2100.0,0.0,2100.0,2100.0,2100.0,2100.0,1.0,1900.0,2100.0,1900.0,2100.0
IE,SOCIALIST PARTY,Socialist Party,Pairti Soisialach,1448.0,Pairti Soisialach,90793.0,2016,0.012056608863701771,Radical left,ess_build,0.0,2100.0,2100.0,2100.0,2100.0,0.0,2100.0,2100.0,2100.0,2100.0,1.0,1900.0,2100.0,1900.0,2100.0,1.0,1900.0,2100.0,1900.0,2100.0
IE,SOLIDARITY-PBP,SolidarityPeople Before Profit,Solidarity-People Before Profit,8241.0,Solidarity-People Before Profit,116424.0,2020,0.027663809048265386,Radical left,manual,0.0,,,,,0.0,,,,,1.0,1900.0,2100.0,1900.0,2100.0,0.0,,,,
IE,UNITED LEFT ALLIANCE,,,1978.0,UNITED LEFT ALLIANCE,8818.0,2011,0.003971429845353837,,,0.0,,,,,0.0,,,,,0.0,,,,,0.0,,,,
IS,B,,Framsóknarflokkur,224.0,Framsóknarflokkur,51080.0,2024,0.17273819656536324,Agrarian/center,manual,1.0,1900.0,2100.0,1900.0,2100.0,0.0,2100.0,2100.0,2100.0,2100.0,0.0,2100.0,2100.0,2100.0,2100.0,0.0,2100.0,2100.0,2100.0,2100.0
IS,C,,Viðreisn,5454.0,Viðreisn,50234.0,2024,0.15816821198286818,Liberal,manual,0.0,,,,,0.0,,,,,0.0,,,,,0.0,,,,
IS,D,,Sjálfstæðisflokkur,,Sjálfstæðisflokkur,89851.0,2024,0.24386922345165973,Conservative,manual,0.0,,,,,0.0,,,,,0.0,,,,,0.0,,,,
IS,F,,Flokkur fólksins,5852.0,Flokkur fólksins,46960.0,2024,0.13784534287193487,No family,manual,1.0,1900.0,2100.0,1900.0,2100.0,0.0,2100.0,2100.0,2100.0,2100.0,0.0,2100.0,2100.0,2100.0,2100.0,1.0,1900.0,2100.0,1900.0,2100.0
IS,J,,Sósíalistaflokkur Íslands,9004.0,Sósíalistaflokkur Íslands,16603.0,2024,0.04096029640014019,Radical left,populist_implied,1.0,1900.0,2100.0,1900.0,2100.0,0.0,2100.0,2100.0,2100.0,2100.0,1.0,1900.0,2100.0,1900.0,2100.0,1.0,1900.0,2100.0,1900.0,2100.0
IS,L,,Lýðræðisflokkur  samtök um sjálfsákvörðunarrétt,,Lýðræðisflokkur  samtök um sjálfsákvörðunarrétt,2215.0,2024,0.010425001176636702,Radical right,manual,0.0,,,,,1.0,1900.0,2100.0,1900.0,2100.0,0.0,,,,,0.0,,,,
IS,M,,Miðflokkurinn,7565.0,Miðflokkurinn,36578.0,2024,0.12095354638301878,Conservative,manual,1.0,1900.0,2100.0,1900.0,2100.0,0.0,2100.0,2100.0,2100.0,2100.0,0.0,2100.0,2100.0,2100.0,2100.0,1.0,1900.0,2100.0,1900.0,2100.0
IS,P,,Píratar,,Píratar,23644.0,2024,0.08628147999799729,No family,manual,0.0,,,,,0.0,,,,,0.0,,,,,0.0,,,,
IS,S,,Samfylkingin,1396.0,Samfylkingin,63916.0,2024,0.20751635525015297,Social democratic,manual,0.0,,,,,0.0,,,,,0.0,,,,,0.0,,,,
IS,V,,Vinstrihreyfingin - grænt framboð,457.0,Vinstrihreyfingin - grænt framboð,30088.0,2024,0.12573974866069193,Radical left,manual,0.0,,,,,0.0,,,,,1.0,1900.0,2100.0,1900.0,2100.0,0.0,,,,
IS,Y,,Ábyrg framtíð,,Ábyrg framtíð,42.0,2024,0.00019767496587753565,,,,,,,,,,,,,,,,,,,,,,
IS,,,Aðrir,,Aðrir,989.0,2021,0.004951684774445501,,,,,,,,,,,,,,,,,,,,,,
IT,+EUROPA,,,6155.0,+EUROPA,803621.0,2018,0.025391744953727945,Liberal,ep_panel,0.0,,,,,0.0,,,,,0.0,,,,,0.0,,,,
IT,ABOLIZIONE SCORPORO,,,,ABOLIZIONE SCORPORO,10942.0,2001,0.00029429498599557155,,,,,,,,,,,,,,,,,,,,,,
IT,ADA,,,,ADA,11946.0,1994,0.00031628635654876777,,,,,,,,,,,,,,,,,,,,,,
IT,ALLEANZA DEMOCRATICA,Democratic Alliance,Alleanza Democratica,614.0,Alleanza Democratica,439414.0,1994,0.011634074424620814,Liberal,ches_link,0.0,,,,,0.0,,,,,0.0,,,,,0.0,,,,
IT,ALLEANZA LOMBARDA AUTONOMIA,,,,ALLEANZA LOMBARDA AUTONOMIA,44580.0,2006,0.001166066156546291,,,,,,,,,,,,,,,,,,,,,,
IT,ALLEANZA MUNICIPALITA,,,,ALLEANZA MUNICIPALITA,416.0,1994,1.1014157401999615e-05,,,,,,,,,,,,,,,,,,,,,,
IT,ALLEANZA NAZIONALE,National Alliance,Alleanza Nazionale,813.0,Alleanza Nazionale,20026523.0,2006,0.15638193663943256,Radical right,ep_panel,0.0,2100.0,2100.0,2100.0,2100.0,1.0,1900.0,2100.0,1900.0,2100.0,0.0,2100.0,2100.0,2100.0,2100.0,1.0,1900.0,2100.0,1900.0,2100.0
IT,ALLEANZA POPOLARE,,,,ALLEANZA POPOLARE,5476.0,1994,0.00014498443733978339,,,,,,,,,,,,,,,,,,,,,,
IT,ALTERNATIVA SOCIALE MUSSOLINI,,,327.0,ALTERNATIVA SOCIALE MUSSOLINI,33460.0,2006,0.0008752035351735957,,,0.0,,,,,0.0,,,,,0.0,,,,,0.0,,,,
IT,AMBIENTALISTI,,,,AMBIENTALISTI,9483.0,1996,0.0002523953202186777,,,,,,,,,,,,,,,,,,,,,,
IT,AN (AOSTA),,,,AN (AOSTA),4464.0,2001,0.00012006331726231323,,,,,,,,,,,,,,,,,,,,,,
IT,AUT.LIB. DEMOCRATIE,,,,AUT.LIB. DEMOCRATIE,63482.0,2008,0.0008937224862466054,,,,,,,,,,,,,,,,,,,,,,
IT,AUTODETERMINATZIONE,,,,AUTODETERMINATZIONE,18237.0,2018,0.0005762284120513732,,,,,,,,,,,,,,,,,,,,,,
IT,AUTONOMIE LIBERTE' DEMOCRATIE,,,2415.0,AUTONOMIE LIBERTE' DEMOCRATIE,14340.0,2013,0.0004208368966782909,Radical left,ess_build,0.0,,,,,0.0,,,,,0.0,,,,,0.0,,,,
IT,AZ.SOCIALE MUSSOLINI,,,327.0,AZ.SOCIALE MUSSOLINI,1066.0,2008,2.9183696421224662e-05,,,0.0,,,,,0.0,,,,,0.0,,,,,0.0,,,,
IT,CASAPOUND ITALIA,,,8244.0,CASAPOUND ITALIA,161708.0,2018,0.0051094337915229176,Radical right,ep_panel,0.0,,,,,0.0,,,,,0.0,,,,,0.0,,,,
IT,CCD-CDU,Christian Democratic Center / United Christian Democrats (White Flower),Centro Cristiano Democratico  / Cristiani Democratici Uniti (Biancofiore),962.0,Centro Cristiano Democratico  / Cristiani Democratici Uniti (Biancofiore),2190058.0,1996,0.0582896119590295,Christian democratic,ess_build,0.0,,,,,0.0,,,,,0.0,,,,,0.0,,,,
IT,CENTRO CRIST.DEM.,,,1767.0,CENTRO CRIST.DEM.,2646.0,1994,7.005639539829563e-05,Christian democratic,ep_panel,0.0,,,,,0.0,,,,,0.0,,,,,0.0,,,,
IT,CENTRO CRISTIANO DEMOCRATICO-CENTRO DEMOCRATICO UNITO,Christian Democratic Center / United Christian Democrats (White Flower),Centro Cristiano Democratico  / Cristiani Democratici Uniti (Biancofiore),962.0,Centro Cristiano Democratico  / Cristiani Democratici Uniti (Biancofiore),1232926.0,2001,0.03316065983399525,Christian democratic,ess_build,0.0,,,,,0.0,,,,,0.0,,,,,0.0,,,,
IT,CENTRO DEMOCRATICO,,,2278.0,CENTRO DEMOCRATICO,70836.0,2013,0.0020788286201606286,Agrarian/center,ches_link,0.0,,,,,0.0,,,,,0.0,,,,,0.0,,,,
IT,CIVICA POPOLARE LORENZIN,,,7670.0,CIVICA POPOLARE LORENZIN,50785.0,2018,0.0016046367223791734,,,0.0,,,,,0.0,,,,,0.0,,,,,0.0,,,,
IT,COMUNISTI ITALIANI,Party of Italian Communists,Partito dei Comunisti Italiani,1635.0,Partito dei Comunisti Italiani,1509088.0,2006,0.023140240223752873,Radical left,ep_panel,0.0,2100.0,2100.0,2100.0,2100.0,0.0,2100.0,2100.0,2100.0,2100.0,1.0,1900.0,2100.0,1900.0,2100.0,1.0,1900.0,2100.0,1900.0,2100.0
IT,CPA,,,,CPA,78000.0,1992,0.001987697781663019,,,,,,,,,,,,,,,,,,,,,,
IT,DC,Christian Democrats,Democrazia Cristiana,934.0,Democrazia Cristiana,11639170.0,1992,0.2966045178128046,Christian democratic,ep_panel,0.0,,,,,0.0,,,,,0.0,,,,,0.0,,,,
IT,DEM.CRIST.-NUOVO PSI,,,888.0,DEM.CRIST.-NUOVO PSI,119599.0,2006,0.003128316425679225,No family,ess_build,0.0,,,,,0.0,,,,,0.0,,,,,0.0,,,,
IT,DEMOCRATICI SINISTRA,Democrats of the Left,Democratici di Sinistra,878.0,Democratici di Sinistra,6085350.0,2001,0.1636709918687764,Social democratic,ep_panel,0.0,,,,,0.0,,,,,0.0,,,,,0.0,,,,
IT,DEMOCRAZIA E SOLIDARIETA,,,,DEMOCRAZIA E SOLIDARIETA,5787.0,1994,0.00015321857905137445,,,,,,,,,,,,,,,,,,,,,,
IT,DEMOCRAZIA EUROPEA,European Democracy,Democrazia Europea,1327.0,Democrazia Europea,1068839.0,2001,0.028747391567951076,Christian democratic,manual,0.0,,,,,0.0,,,,,0.0,,,,,0.0,,,,
IT,DEMOCRAZIA SICILIANA,,,,DEMOCRAZIA SICILIANA,3839.0,1994,0.00010164266890931856,,,,,,,,,,,,,,,,,,,,,,
IT,DIE FREIHEITLICHEN,,,2415.0,DIE FREIHEITLICHEN,93831.0,2013,0.0014179620876433043,Radical left,ess_build,0.0,,,,,0.0,,,,,0.0,,,,,0.0,,,,
IT,FARE PER FERMARE IL DECLINO,Stop the Decline,Fermare il Declino,2279.0,Fermare il Declino,381236.0,2013,0.011188157262346229,Liberal,manual,0.0,,,,,0.0,,,,,0.0,,,,,0.0,,,,
IT,FEDERALISMO-PENS.UV.,,,,FEDERALISMO-PENS.UV.,86838.0,1992,0.002212919230308375,,,,,,,,,,,,,,,,,,,,,,
IT,FEDERAZIONE DEI VERDI,Federation of the Greens,Federazione dei Verdi,851.0,Federazione dei Verdi,3819002.0,2006,0.027875142407078567,Green,ep_panel,0.0,,,,,0.0,,,,,0.0,,,,,0.0,,,,
IT,FI -FRAT. D'IT. -MOV.NUOVA VALLE D'AOSTA,,,,FI -FRAT. D'IT. -MOV.NUOVA VALLE D'AOSTA,5533.0,2018,0.0001748243572890414,,,,,,,,,,,,,,,,,,,,,,
IT,FI-AN,,,,FI-AN,13374.0,2006,0.0003498198469638873,,,,,,,,,,,,,,,,,,,,,,
IT,FIAMMA TRICOLORE,Fiamma Tricolore,Fiamma Tricolore,1101.0,Fiamma Tricolore,83325.0,2006,0.0020595000879765034,Radical right,ep_panel,1.0,1900.0,2100.0,2100.0,2100.0,1.0,1900.0,2100.0,1900.0,2100.0,0.0,2100.0,2100.0,2100.0,2100.0,1.0,1900.0,2100.0,1900.0,2100.0
IT,FORZA ITALIA,Forward Italy (2013),Forza Italia (2013),8058.0,Forza Italia (2013),4498106.0,2018,0.1421251564192989,Conservative,ep_panel,1.0,1900.0,2100.0,2100.0,2100.0,0.0,2100.0,2100.0,2100.0,2100.0,0.0,2100.0,2100.0,2100.0,2100.0,1.0,2011.0,2100.0,2100.0,2100.0
IT,FORZA ITALIA,Go Italy,Forza Italia,1626.0,Forza Italia,35490371.0,2006,0.290042017319779,Conservative,ep_panel,1.0,1900.0,2100.0,1900.0,2013.0,0.0,2100.0,2100.0,2100.0,2100.0,0.0,2100.0,2100.0,2100.0,2100.0,1.0,2011.0,2100.0,2100.0,2100.0
IT,FORZA ITALIA-LEGA NORD,,,,FORZA ITALIA-LEGA NORD,16049.0,2001,0.00043165236979006834,,,,,,,,,,,,,,,,,,,,,,
IT,FRATELLI D'ITALIA,Brothers of Italy,Fratelli d'Italia,2280.0,Fratelli d'Italia,2067198.0,2018,0.04418199831728791,Radical right,ep_panel,1.0,1900.0,2100.0,1900.0,2100.0,1.0,1900.0,2100.0,1900.0,2100.0,0.0,2100.0,2100.0,2100.0,2100.0,1.0,1900.0,2100.0,1900.0,2100.0
IT,FRONTE NAZIONALE,,,,FRONTE NAZIONALE,10079.0,2001,0.00027108382049436714,,,,,,,,,,,,,,,,,,,,,,
IT,FUTURO E LIBERTA',,,1179.0,FUTURO E LIBERTA',22105.0,2013,0.0006487168480525538,,,0.0,,,,,0.0,,,,,0.0,,,,,0.0,,,,
IT,GRANDE SUD - MPA,,,,GRANDE SUD - MPA,125873.0,2013,0.0036940029773770235,,,,,,,,,,,,,,,,,,,,,,
IT,GRUPPO DOLCHI-FOSSON,,,,GRUPPO DOLCHI-FOSSON,30719.0,1992,0.000782821643011619,,,,,,,,,,,,,,,,,,,,,,
IT,I SOCIALISTI,,,,I SOCIALISTI,69564.0,2006,0.0018195654130548718,,,,,,,,,,,,,,,,,,,,,,
IT,IDV,List Di Pietro -- Italy of Values,Lista di Pietro -- Italia del Valori,768.0,Lista di Pietro -- Italia del Valori,3957605.0,2008,0.04362976303386042,Liberal,ep_panel,1.0,1900.0,2100.0,1900.0,2100.0,0.0,2100.0,2100.0,2100.0,2100.0,0.0,2100.0,2100.0,2100.0,2100.0,0.0,2100.0,2100.0,2100.0,2100.0
IT,IL GIRASOLE,Greens and Social Democrats,Il Girasole,1782.0,Il Girasole,802970.0,2001,0.02159660435979383,Green,ess_build,0.0,,,,,0.0,,,,,0.0,,,,,0.0,,,,
IT,IL POPOLO DELLA FAMIGLIA,,,,IL POPOLO DELLA FAMIGLIA,34774.0,2018,0.00109874249057819,,,,,,,,,,,,,,,,,,,,,,
IT,IL POPOLO DELLA LIBERTA',The People of Freedom,Il Popolo della Liberta,365.0,Il Popolo della Liberta,20975574.0,2013,0.37349505481442835,Conservative,ep_panel,0.0,,,,,0.0,,,,,0.0,,,,,0.0,,,,
IT,INDIPENDENZA PER LA SARDEGNA,,,,INDIPENDENZA PER LA SARDEGNA,1748.0,2013,5.1298667740143136e-05,,,,,,,,,,,,,,,,,,,,,,
IT,INDIPENDENZA VENETA,,,,INDIPENDENZA VENETA,33274.0,2013,0.0009764942050260428,,,,,,,,,,,,,,,,,,,,,,
IT,INSIEME PER CAMBIARE,,,,INSIEME PER CAMBIARE,4588.0,1994,0.0001214734475008996,,,,,,,,,,,,,,,,,,,,,,
IT,INSIEME PER SVILUPPO,,,,INSIEME PER SVILUPPO,7053.0,1994,0.00018673762537572904,,,,,,,,,,,,,,,,,,,,,,
IT,INTESA POPOLARE,,,,INTESA POPOLARE,3994.0,2013,0.00011721217331472064,,,,,,,,,,,,,,,,,,,,,,
IT,IRS,,,,IRS,11649.0,2006,0.00030469952125634236,,,,,,,,,,,,,,,,,,,,,,
IT,ITALIA AGLI ITALIANI,,,,ITALIA AGLI ITALIANI,2700.0,2018,8.531100030370716e-05,,,,,,,,,,,,,,,,,,,,,,
IT,ITALIA EUROPA INSIEME,,,7671.0,ITALIA EUROPA INSIEME,33935.0,2018,0.0010722328871504824,,,0.0,,,,,0.0,,,,,0.0,,,,,0.0,,,,
IT,L'ULIVO,The Olive Tree,L'Ulivo,1737.0,L'Ulivo,11929536.0,2006,0.3120374202086275,Social democratic,manual,0.0,,,,,0.0,,,,,0.0,,,,,0.0,,,,
IT,L.VALLE D'AOSTA,,,6242.0,L.VALLE D'AOSTA,85098.0,1994,0.0011570160540081327,Regionalist,ep_panel,0.0,,,,,0.0,,,,,0.0,,,,,0.0,,,,
IT,LA DESTRA,,,8188.0,LA DESTRA,81676.0,2013,0.002396950793102935,Radical right,populist_implied,0.0,2100.0,2100.0,2100.0,2100.0,1.0,1900.0,2100.0,1900.0,2100.0,0.0,2100.0,2100.0,2100.0,2100.0,1.0,1900.0,2100.0,1900.0,2100.0
IT,LA DESTRA - FIAMMA TRICOLORE,Fiamma Tricolore,Fiamma Tricolore,1101.0,Fiamma Tricolore,885229.0,2008,0.02423476022445055,Radical right,ep_panel,1.0,1900.0,2100.0,2100.0,2100.0,1.0,1900.0,2100.0,1900.0,2100.0,0.0,2100.0,2100.0,2100.0,2100.0,1.0,1900.0,2100.0,1900.0,2100.0
IT,LA LEGA CAS-PENS.,,,,LA LEGA CAS-PENS.,64207.0,1992,0.0016362065572722753,,,,,,,,,,,,,,,,,,,,,,
IT,LA MARGHERITA,Democracy is Freedom -- The Daisy,Democrazia e Liberta - La Margherita,279.0,Democrazia e Liberta - La Margherita,5319083.0,2001,0.14306154788834607,Liberal,ess_build,0.0,,,,,0.0,,,,,0.0,,,,,0.0,,,,
IT,LA RETE-MOV.DEM.,The Network / Movement for Democracy,La Rete / Movimento per la Democrazia,131.0,La Rete / Movimento per la Democrazia,759485.0,1994,0.01860518251932947,No family,manual,1.0,1900.0,2100.0,1900.0,2100.0,0.0,2100.0,2100.0,2100.0,2100.0,0.0,2100.0,2100.0,2100.0,2100.0,0.0,2100.0,2100.0,2100.0,2100.0
IT,LA ROSA NEL PUGNO,Rose in the Fist,Rosa nel Pugno,1711.0,Rosa nel Pugno,990443.0,2006,0.02590673087232342,Liberal,manual,0.0,,,,,0.0,,,,,0.0,,,,,0.0,,,,
IT,LA SINISTRA L'ARCOBALENO,Italian Left,Sinistra Italiana,1212.0,Sinistra Italiana,1124418.0,2008,0.030782995837298866,Social democratic,ep_panel,0.0,2100.0,2100.0,2100.0,2100.0,0.0,2100.0,2100.0,2100.0,2100.0,1.0,1900.0,2100.0,1900.0,2100.0,0.0,2100.0,2100.0,2100.0,2100.0
IT,LEGA ALPINA LUMBARDA,,,,LEGA ALPINA LUMBARDA,227314.0,1994,0.003613993921191215,,,,,,,,,,,,,,,,,,,,,,
IT,LEGA ALPINA PIEMONT,,,,LEGA ALPINA PIEMONT,69682.0,1992,0.0017757276515620833,,,,,,,,,,,,,,,,,,,,,,
IT,LEGA AUT.VENETA,,,,LEGA AUT.VENETA,152280.0,1992,0.003880597669123648,,,,,,,,,,,,,,,,,,,,,,
IT,LEGA AUTONOMIA VENETA,,,,LEGA AUTONOMIA VENETA,103981.0,1994,0.0027530363000416395,,,,,,,,,,,,,,,,,,,,,,
IT,LEGA D'AZIONE MERIDIONALE,,,8647.0,LEGA D'AZIONE MERIDIONALE,183981.0,2001,0.0019227876324536465,Radical right,ep_panel,1.0,1900.0,2100.0,1900.0,2100.0,1.0,1900.0,2100.0,1900.0,2100.0,0.0,2100.0,2100.0,2100.0,2100.0,1.0,1900.0,2100.0,1900.0,2100.0
IT,LEGA DELLE LEGHE,,,,LEGA DELLE LEGHE,6954.0,1992,0.00017721090222672607,,,,,,,,,,,,,,,,,,,,,,
IT,LEGA LOMBARDA,Lombard League,Liga Lombarda,744.0,Liga Lombarda,3395449.0,1992,0.08652726211602457,Regionalist,manual,0.0,,,,,0.0,,,,,0.0,,,,,0.0,,,,
IT,LEGA MARCHE,,,,LEGA MARCHE,1223.0,1992,3.1166081884280416e-05,,,,,,,,,,,,,,,,,,,,,,
IT,LEGA NORD,North League,Lega Nord,1221.0,Lega Nord,20321112.0,2018,0.17655768723521204,Radical right,ep_panel,1.0,1900.0,2100.0,1900.0,2100.0,1.0,1900.0,2100.0,1900.0,2100.0,0.0,2100.0,2100.0,2100.0,2100.0,1.0,1900.0,2100.0,1900.0,2100.0
IT,LG.LOMB.EUR.T.LIB.,,,,LG.LOMB.EUR.T.LIB.,33572.0,1992,0.0008555255118716778,,,,,,,,,,,,,,,,,,,,,,
IT,LG.VENETA REPUBBLICA,,,,LG.VENETA REPUBBLICA,36954.0,2013,0.0008583456227904848,,,,,,,,,,,,,,,,,,,,,,
IT,LIBERI E UGUALI,,,8246.0,LIBERI E UGUALI,1032713.0,2018,0.03263028853949716,Radical left,populist_implied,0.0,2100.0,2100.0,2100.0,2100.0,0.0,2100.0,2100.0,2100.0,2100.0,1.0,1900.0,2100.0,2100.0,2100.0,0.0,2100.0,2100.0,2100.0,2100.0
IT,LIGA FRONTE VENETO,,,,LIGA FRONTE VENETO,80330.0,2006,0.001999307053918919,,,,,,,,,,,,,,,,,,,,,,
IT,LISTA ALTERNATIVA,,,,LISTA ALTERNATIVA,6612.0,2001,0.00017783571992348006,,,,,,,,,,,,,,,,,,,,,,
IT,LISTA AMADU,,,,LISTA AMADU,11510.0,2001,0.0003095718596974071,,,,,,,,,,,,,,,,,,,,,,
IT,LISTA CONSUMATORI,,,,LISTA CONSUMATORI,73687.0,2006,0.0019274095306735428,,,,,,,,,,,,,,,,,,,,,,
IT,LISTA DEI GRILLI PARLANTI,,,,LISTA DEI GRILLI PARLANTI,13395.0,2008,0.00036671258307908474,,,,,,,,,,,,,,,,,,,,,,
IT,LISTA FRANCO GRECO,,,,LISTA FRANCO GRECO,8727.0,1994,0.00023105901838281403,,,,,,,,,,,,,,,,,,,,,,
IT,LISTA PANNELLA,Pannella List,Lista PanneIIa,3742.0,Lista PanneIIa,1801791.0,1994,0.03484773496633044,Liberal,manual,0.0,,,,,0.0,,,,,0.0,,,,,0.0,,,,
IT,LISTA REFERENDUM,,,,LISTA REFERENDUM,105854.0,1992,0.0026975097561558617,,,,,,,,,,,,,,,,,,,,,,
IT,MANI PULITE,,,,MANI PULITE,8351.0,1996,0.00022226651050787484,,,,,,,,,,,,,,,,,,,,,,
IT,MEDITERRANEO,,,,MEDITERRANEO,1739.0,1994,4.604235510114743e-05,,,,,,,,,,,,,,,,,,,,,,
IT,MERIS,,,,MERIS,3015.0,2013,8.848139773256954e-05,,,,,,,,,,,,,,,,,,,,,,
IT,MIR - MODERATI IN RIVOLUZIONE,,,,MIR - MODERATI IN RIVOLUZIONE,13512.0,2013,0.00039653752774874946,,,,,,,,,,,,,,,,,,,,,,
IT,MOV.CATTOLICO DEM.,,,,MOV.CATTOLICO DEM.,8344.0,1994,0.00022091858019779998,,,,,,,,,,,,,,,,,,,,,,
IT,MOV.RIN.IT.,,,,MOV.RIN.IT.,6152.0,1996,0.00016373890224457503,,,,,,,,,,,,,,,,,,,,,,
IT,MOV.SOC.TRICOLORE,Fiamma Tricolore,Fiamma Tricolore,1101.0,Fiamma Tricolore,338746.0,1996,0.009015913228176336,Radical right,ep_panel,1.0,1900.0,2100.0,2100.0,2100.0,1.0,1900.0,2100.0,1900.0,2100.0,0.0,2100.0,2100.0,2100.0,2100.0,1.0,1900.0,2100.0,1900.0,2100.0
IT,MOV.VEN.REG.AUT,,,,MOV.VEN.REG.AUT,49031.0,1992,0.0012494719222143525,,,,,,,,,,,,,,,,,,,,,,
IT,MOVIMENO CRISTIANO VERITAS,,,,MOVIMENO CRISTIANO VERITAS,3743.0,1994,9.910094027808788e-05,,,,,,,,,,,,,,,,,,,,,,
IT,MOVIMENTO 5 STELLE,Five Star Movement,Movimento 5 Stelle,2046.0,Movimento 5 Stelle,18956509.0,2018,0.3239771179466919,No family,ep_panel,1.0,1900.0,2100.0,1900.0,2100.0,0.0,2100.0,2100.0,2100.0,2100.0,0.0,2100.0,2100.0,2100.0,2100.0,1.0,1900.0,2100.0,1900.0,2100.0
IT,MOVIMENTO CRISTIANO DEMOCRATICO,,,,MOVIMENTO CRISTIANO DEMOCRATICO,10875.0,1994,0.00028793019650660053,,,,,,,,,,,,,,,,,,,,,,
IT,MOVIMENTO MERIDIONALE,,,,MOVIMENTO MERIDIONALE,5427.0,1994,0.0001436870966842594,,,,,,,,,,,,,,,,,,,,,,
IT,MOVIMENTO PER L'AUTONOMIA ALL.PER IL SUD,Movement for Autonomy,Movimento per l'Autonomia,1045.0,Movimento per l'Autonomia,410487.0,2008,0.011237831137766649,Regionalist,manual,0.0,,,,,0.0,,,,,0.0,,,,,0.0,,,,
IT,MSI-DN,Italian Social Movement / Italian Social Movement-National Right,Movimento Sociale Italiano / Movimento sociale italiano-Destra nazionale,1696.0,Movimento Sociale Italiano / Movimento sociale italiano-Destra nazionale,2106742.0,1992,0.05368674871713221,Radical right,populist_implied,1.0,1900.0,2100.0,2100.0,2100.0,1.0,1900.0,2100.0,1900.0,2100.0,0.0,2100.0,2100.0,2100.0,2100.0,1.0,1900.0,2100.0,1900.0,2100.0
IT,NOI CON L'ITALIA - UDC,,,6158.0,NOI CON L'ITALIA - UDC,417702.0,2018,0.013197990906984848,Christian democratic,ess_build,0.0,,,,,0.0,,,,,0.0,,,,,0.0,,,,
IT,NOI SICILIANI-FNS,,,,NOI SICILIANI-FNS,40845.0,1996,0.001087112396323093,,,,,,,,,,,,,,,,,,,,,,
IT,NORD LIBERO AUT.,,,,NORD LIBERO AUT.,1850.0,1996,4.923877912101167e-05,,,,,,,,,,,,,,,,,,,,,,
IT,NUOVO PSI,,,888.0,NUOVO PSI,353066.0,2001,0.009496029384528648,No family,ess_build,0.0,,,,,0.0,,,,,0.0,,,,,0.0,,,,
IT,OTHER,,,1896.0,OTHER,5570561.0,2018,0.03226027674028733,No family,generic,0.0,,,,,0.0,,,,,0.0,,,,,0.0,,,,
IT,P.LIBERALE ITALIANO,Italian Liberal Party,Partito Liberale Italiano,1461.0,Partito Liberale Italiano,1628.0,2006,4.258312478370035e-05,Liberal,variant_harmonized,0.0,,,,,0.0,,,,,0.0,,,,,0.0,,,,
IT,P.POP.PROGRESSISTA,,,,P.POP.PROGRESSISTA,4554.0,1994,0.0001205732519440054,,,,,,,,,,,,,,,,,,,,,,
IT,P.POPOLARE ITALIANO,Italian People's Party,Partito Popolare Italiano,1701.0,Partito Popolare Italiano,228194.0,1994,0.006041741909115145,Christian democratic,ep_panel,0.0,,,,,0.0,,,,,0.0,,,,,0.0,,,,
IT,PANNELLA-BONINO,Bonino List,Lista Bonino,2134.0,Lista Bonino,828856.0,2001,0.02229283174121234,No family,ep_panel,0.0,,,,,0.0,,,,,0.0,,,,,0.0,,,,
IT,PANNELLA-SGARBI,,,,PANNELLA-SGARBI,701036.0,1996,0.018658463113447318,Liberal,manual,0.0,,,,,0.0,,,,,0.0,,,,,0.0,,,,
IT,PART.LEGGE NATURALE,,,,PART.LEGGE NATURALE,8302.0,1996,0.00022096234825007507,,,,,,,,,,,,,,,,,,,,,,
IT,PARTIDU INDIP.,,,,PARTIDU INDIP.,15055.0,1992,0.0003836511551658558,,,,,,,,,,,,,,,,,,,,,,
IT,PARTIDU INDIPENDENTISTA,,,,PARTIDU INDIPENDENTISTA,20792.0,1994,0.0005504960593807115,,,,,,,,,,,,,,,,,,,,,,
IT,PARTITO COMUNISTA,,,34.0,PARTITO COMUNISTA,17201.0,2018,0.0005434942652681729,Radical left,ep_panel,0.0,,,,,0.0,,,,,0.0,,,,,0.0,,,,
IT,PARTITO COMUNISTA DEI LAVORATORI,,,34.0,PARTITO COMUNISTA DEI LAVORATORI,4238.0,2008,0.00011602298821121024,Radical left,ep_panel,0.0,,,,,0.0,,,,,0.0,,,,,0.0,,,,
IT,PARTITO DEMOCRATICO,Democratic Party,Partito Democratico,802.0,Partito Democratico,26625772.0,2018,0.3310679009891904,Social democratic,ep_panel,0.0,,,,,0.0,,,,,0.0,,,,,0.0,,,,
IT,PARTITO DEMOCRATICO DELLA SINISTRA,Democratic Party of the Left,Partito Democratico della Sinistra,8054.0,Partito Democratico della Sinistra,7231877.0,1994,0.19147363362956915,Social democratic,ep_panel,0.0,,,,,0.0,,,,,0.0,,,,,0.0,,,,
IT,PARTITO PENSIONATI,,,772.0,PARTITO PENSIONATI,385737.0,2006,0.00475863803786796,Conservative,ep_panel,0.0,,,,,0.0,,,,,0.0,,,,,0.0,,,,
IT,PARTITO POPOLARE ITALIANO,Italian People's Party,Partito Popolare Italiano,1701.0,Partito Popolare Italiano,3966634.0,1994,0.10502195007721957,Christian democratic,ep_panel,0.0,,,,,0.0,,,,,0.0,,,,,0.0,,,,
IT,PARTITO SARDO D'AZIONE-SARDIGNA NATZIONE,,,877.0,PARTITO SARDO D'AZIONE-SARDIGNA NATZIONE,34302.0,2001,0.0009225833128879633,Regionalist,ches_link,0.0,,,,,0.0,,,,,0.0,,,,,0.0,,,,
IT,PARTITO SOCIALISTA,Italian Socialist Party,Partito Socialista Italiano,742.0,Partito Socialista Italiano,207653.0,2008,0.005684880030916102,Social democratic,ep_panel,0.0,,,,,0.0,,,,,0.0,,,,,0.0,,,,
IT,PARTITO SOCIALISTA ITALIANO,Italian Socialist Party,Partito Socialista Italiano,742.0,Partito Socialista Italiano,762940.0,1994,0.02019985876990766,Social democratic,ep_panel,0.0,,,,,0.0,,,,,0.0,,,,,0.0,,,,
IT,PARTITO VALORE UMANO,,,,PARTITO VALORE UMANO,2297.0,2018,7.257754359170939e-05,,,,,,,,,,,,,,,,,,,,,,
IT,PATTO PER L'AGRO,,,,PATTO PER L'AGRO,9551.0,1996,0.0002542051780458284,,,,,,,,,,,,,,,,,,,,,,
IT,PATTO PER L'AUTONOMIA,,,,PATTO PER L'AUTONOMIA,2806.0,2018,8.866024698229714e-05,,,,,,,,,,,,,,,,,,,,,,
IT,PATTO SEGNI,Segni Pact,Patto Segni,688.0,Patto Segni,1762981.0,1994,0.04667728420849684,No family,ep_panel,0.0,,,,,0.0,,,,,0.0,,,,,0.0,,,,
IT,PATTO SOLIDARIETA,,,,PATTO SOLIDARIETA,15646.0,1994,0.0004142488142107836,,,,,,,,,,,,,,,,,,,,,,
IT,PD-UV-UVP-EPAV,,,,PD-UV-UVP-EPAV,14429.0,2018,0.0004559083049563669,,,,,,,,,,,,,,,,,,,,,,
IT,PDS,Democratic Party of the Left,Partito Democratico della Sinistra,8054.0,Partito Democratico della Sinistra,14621281.0,1996,0.21018389965381679,Social democratic,ep_panel,0.0,,,,,0.0,,,,,0.0,,,,,0.0,,,,
IT,PER LE MARCHE,,,,PER LE MARCHE,3444.0,1996,9.16639758339266e-05,,,,,,,,,,,,,,,,,,,,,,
IT,PLI,Italian Liberal Party,Partito Liberale Italiano,1461.0,Partito Liberale Italiano,1121134.0,1992,0.028570199548038296,Liberal,manual,0.0,,,,,0.0,,,,,0.0,,,,,0.0,,,,
IT,POLO PER LE LIBERTA',,,8052.0,POLO PER LE LIBERTA',15810.0,1996,0.00042079194481253756,,,0.0,,,,,0.0,,,,,0.0,,,,,0.0,,,,
IT,POP-SVP-PRI-UD-PRODI,,,,POP-SVP-PRI-UD-PRODI,2554796.0,1996,0.06799731672607791,Christian democratic,manual,0.0,,,,,0.0,,,,,0.0,,,,,0.0,,,,
IT,POPOLARI UNITI,,,,POPOLARI UNITI,2657.0,2013,7.797514884757455e-05,,,,,,,,,,,,,,,,,,,,,,
IT,POTERE AL POPOLO!,,,8247.0,POTERE AL POPOLO!,351208.0,2018,0.011097002146171995,Radical left,manual,0.0,,,,,0.0,,,,,1.0,1900.0,2100.0,1900.0,2100.0,0.0,,,,
IT,POUR TOUS PER TUTTI PE TCHEUT,,,,POUR TOUS PER TUTTI PE TCHEUT,12118.0,2018,0.0003828884080297494,,,,,,,,,,,,,,,,,,,,,,
IT,POUR VALLEE D'AOSTE,,,6242.0,POUR VALLEE D'AOSTE,37431.0,1996,0.0009962468871776151,Regionalist,ep_panel,0.0,,,,,0.0,,,,,0.0,,,,,0.0,,,,
IT,PPST,,,1369.0,PPST,198433.0,1992,0.005056728639855614,Regionalist,ep_panel,0.0,,,,,0.0,,,,,0.0,,,,,0.0,,,,
IT,PRI,Italian Republican Party,Partito Repubblicano Italiano,394.0,Partito Repubblicano Italiano,1722296.0,1992,0.043889794084193474,Liberal,ep_panel,0.0,,,,,0.0,,,,,0.0,,,,,0.0,,,,
IT,PROGETTO NORDEST,,,2415.0,PROGETTO NORDEST,92079.0,2006,0.0024084837512029144,Radical left,ess_build,0.0,,,,,0.0,,,,,0.0,,,,,0.0,,,,
IT,PROGRAMMA ITALIA,,,,PROGRAMMA ITALIA,141542.0,1994,0.0037475141033505516,,,,,,,,,,,,,,,,,,,,,,
IT,PROGRESSISTI,,,8053.0,PROGRESSISTI,17942.0,1994,0.0004750384906410507,,,0.0,,,,,0.0,,,,,0.0,,,,,0.0,,,,
IT,PS D'AZ.,,,877.0,PS D'AZ.,71403.0,2013,0.0010103797475631594,Regionalist,ches_link,0.0,,,,,0.0,,,,,0.0,,,,,0.0,,,,
IT,PSDI,Italian Democratic Socialist Party,Partito Socialista Democratico Italiano,1126.0,Partito Socialista Democratico Italiano,1064456.0,1992,0.02712585679330629,Social democratic,ep_panel,0.0,,,,,0.0,,,,,0.0,,,,,0.0,,,,
IT,PSI,Italian Socialist Party,Partito Socialista Italiano,742.0,Partito Socialista Italiano,5400551.0,1994,0.13615976992449144,Social democratic,ep_panel,0.0,,,,,0.0,,,,,0.0,,,,,0.0,,,,
IT,REPUBBLICANI EUROPEI,,,1165.0,REPUBBLICANI EUROPEI,3957.0,2001,0.00010642709372916072,Liberal,ches_link,0.0,,,,,0.0,,,,,0.0,,,,,0.0,,,,
IT,RETE - MOVIMENTO DEMOCRATICO,The Network / Movement for Democracy,La Rete / Movimento per la Democrazia,131.0,La Rete / Movimento per la Democrazia,679148.0,1994,0.017981353296281814,No family,manual,1.0,1900.0,2100.0,1900.0,2100.0,0.0,2100.0,2100.0,2100.0,2100.0,0.0,2100.0,2100.0,2100.0,2100.0,0.0,2100.0,2100.0,2100.0,2100.0
IT,RIFONDAZIONE COMUNISTA,Communist Refoundation Party,Partito della Rifondazione Comunista,1404.0,Partito della Rifondazione Comunista,11785529.0,2006,0.08573496143884975,Radical left,ess_build,0.0,2100.0,2100.0,2100.0,2100.0,0.0,2100.0,2100.0,2100.0,2100.0,1.0,1900.0,2100.0,1900.0,2100.0,1.0,1900.0,2100.0,1900.0,2100.0
IT,RIFORMISTI IRPINI,,,,RIFORMISTI IRPINI,4535.0,1994,0.000120070201485741,,,,,,,,,,,,,,,,,,,,,,
IT,RINASCITA SALENTINA,,,,RINASCITA SALENTINA,9592.0,1994,0.00025396105240379883,,,,,,,,,,,,,,,,,,,,,,
IT,RINNOVAMENTO,Italian Renewal,Rinnovamento Italiano,259.0,Rinnovamento Italiano,3825.0,1996,0.00010180450277722684,No family,ches_link,0.0,,,,,0.0,,,,,0.0,,,,,0.0,,,,
IT,RINNOVAMENTO DEMOCRATICO,Italian Renewal,Rinnovamento Italiano,259.0,Rinnovamento Italiano,2672.0,1994,7.07447802359206e-05,No family,ches_link,0.0,,,,,0.0,,,,,0.0,,,,,0.0,,,,
IT,RINNOVAMENTO IT-DINI,Italian Renewal,Rinnovamento Italiano,259.0,Rinnovamento Italiano,1627272.0,1996,0.04331074950151725,No family,ches_link,0.0,,,,,0.0,,,,,0.0,,,,,0.0,,,,
IT,RISORGIMENTO DEL SUD,,,,RISORGIMENTO DEL SUD,3044.0,1996,8.101775332127542e-05,,,,,,,,,,,,,,,,,,,,,,
IT,RISPOSTA CIVICA,,,,RISPOSTA CIVICA,2623.0,2018,8.287805696171254e-05,,,,,,,,,,,,,,,,,,,,,,
IT,RIVOLUZIONE CIVILE,Civil Revolution,Rivoluzione Civile,2277.0,Rivoluzione Civile,765194.0,2013,0.02245619723269513,Radical left,populist_implied,1.0,1900.0,2100.0,1900.0,2100.0,0.0,2100.0,2100.0,2100.0,2100.0,1.0,1900.0,2100.0,1900.0,2100.0,0.0,2100.0,2100.0,2100.0,2100.0
IT,SA 1/4DTIROLER VOLKSPARTEI,,,1369.0,SA 1/4DTIROLER VOLKSPARTEI,231825.0,1994,0.006137877499323464,Regionalist,ep_panel,0.0,,,,,0.0,,,,,0.0,,,,,0.0,,,,
IT,SARDIGNA NATZIONE,,,,SARDIGNA NATZIONE,37391.0,2008,0.0006207280036001266,,,,,,,,,,,,,,,,,,,,,,
IT,SCELTA CIVICA CON MONTI PER L'ITALIA,Civic Choice,Scelta Civica,2281.0,Scelta Civica,2824064.0,2013,0.08287798673506841,Liberal,ess_build,0.0,,,,,0.0,,,,,0.0,,,,,0.0,,,,
IT,SINISTRA ECOLOGIA LIBERTA',Left Ecology Freedom,Sinistra Ecologia Liberta,7031.0,Sinistra Ecologia Liberta,1089562.0,2013,0.03197544566377908,Green,ep_panel,0.0,,,,,0.0,,,,,0.0,,,,,0.0,,,,
IT,SOCIALDEMOCRAZIA,,,,SOCIALDEMOCRAZIA,116322.0,1994,0.003079780810854325,,,,,,,,,,,,,,,,,,,,,,
IT,SOCIALISTA,Italian Socialist Party,Partito Socialista Italiano,742.0,Partito Socialista Italiano,72458.0,1996,0.0019285099770541966,Social democratic,ep_panel,0.0,,,,,0.0,,,,,0.0,,,,,0.0,,,,
IT,SOLIDARIETA OCCUPAZIONE SVILUPPO,,,,SOLIDARIETA OCCUPAZIONE SVILUPPO,32546.0,1994,0.000861698958667018,,,,,,,,,,,,,,,,,,,,,,
IT,SUDTIROLER VOLKSPARTEI,,,1369.0,SUDTIROLER VOLKSPARTEI,200056.0,2001,0.005380687051574672,Regionalist,ep_panel,0.0,,,,,0.0,,,,,0.0,,,,,0.0,,,,
IT,SVP,,,1369.0,SVP,477173.0,2013,0.004778909488548161,Regionalist,ep_panel,0.0,,,,,0.0,,,,,0.0,,,,,0.0,,,,
IT,SVP - PATT,,,7790.0,SVP - PATT,126769.0,2018,0.0040054778509261675,Regionalist,ess_build,0.0,,,,,0.0,,,,,0.0,,,,,0.0,,,,
IT,TERZO POLO AUTONOMIA,,,,TERZO POLO AUTONOMIA,2200.0,2001,5.9170989690208134e-05,,,,,,,,,,,,,,,,,,,,,,
IT,U.D.EUR POPOLARI,Union of Democrats for Europe,Unione Democratici per l'Europa,115.0,Unione Democratici per l'Europa,534440.0,2006,0.013979192389066841,Liberal,ep_panel,0.0,,,,,0.0,,,,,0.0,,,,,0.0,,,,
IT,UN.CRIST.RIF.,,,,UN.CRIST.RIF.,14503.0,1994,0.0003839863576951933,,,,,,,,,,,,,,,,,,,,,,
IT,UNION FUR SUD TIROL,,,2415.0,UNION FUR SUD TIROL,68338.0,2008,0.0014772166047429135,Radical left,ess_build,0.0,,,,,0.0,,,,,0.0,,,,,0.0,,,,
IT,UNION VALDOTAINE PROGRESSISTE,,,548.0,UNION VALDOTAINE PROGRESSISTE,18191.0,2013,0.0005338524398517985,,,0.0,,,,,0.0,,,,,0.0,,,,,0.0,,,,
IT,UNION VENETO,,,,UNION VENETO,48805.0,1992,0.0012437126953085084,,,,,,,,,,,,,,,,,,,,,,
IT,UNIONE DEMOCRATICA ITALIANA,,,,UNIONE DEMOCRATICA ITALIANA,14549.0,1994,0.00038520426933099137,,,,,,,,,,,,,,,,,,,,,,
IT,UNIONE DI CENTRO,Union of the Centre,Unione di Centro,201.0,Unione di Centro,5242296.0,2013,0.0675475340015658,Christian democratic,ep_panel,0.0,,,,,0.0,,,,,0.0,,,,,0.0,,,,
IT,UNIONE MEDITERRANEA,,,,UNIONE MEDITERRANEA,2504.0,1994,6.629675513126691e-05,,,,,,,,,,,,,,,,,,,,,,
IT,UNIONE NORD EST,,,,UNIONE NORD EST,63951.0,1996,0.0017020914397663878,,,,,,,,,,,,,,,,,,,,,,
IT,UNIONE POPOLARE,,,,UNIONE POPOLARE,40204.0,1994,0.001064454769687482,Radical left,manual,0.0,,,,,0.0,,,,,1.0,1900.0,2100.0,1900.0,2100.0,0.0,,,,
IT,UTOPIA,,,,UTOPIA,4155.0,1994,0.00011000919232045288,,,,,,,,,,,,,,,,,,,,,,
IT,VALLE D'AOSTA-ULIVO,The Olive Tree,L'Ulivo,1737.0,L'Ulivo,11526.0,1996,0.00030677090170204354,Social democratic,manual,0.0,,,,,0.0,,,,,0.0,,,,,0.0,,,,
IT,VALLEE D'AOSTE,,,6242.0,VALLEE D'AOSTE,96429.0,2013,0.0007763246523608515,Regionalist,ep_panel,0.0,,,,,0.0,,,,,0.0,,,,,0.0,,,,
IT,VERDI FEDERALISTI,,,,VERDI FEDERALISTI,1974.0,1992,5.030404385901025e-05,,,,,,,,,,,,,,,,,,,,,,
IT,VERDI-VERDI,,,,VERDI-VERDI,102736.0,2001,0.0008690329048217148,,,,,,,,,,,,,,,,,,,,,,
IT,,, +EUROPA,6155.0, +EUROPA,29971.0,2022,0.0010629101217301798,Liberal,ep_panel,0.0,,,,,0.0,,,,,0.0,,,,,0.0,,,,
IT,,,+EUROPA,6155.0,+EUROPA,759979.0,2022,0.026952366334202407,Liberal,ep_panel,0.0,,,,,0.0,,,,,0.0,,,,,0.0,,,,
IT,,,ALLEANZA VERDI E SINISTRA,,ALLEANZA VERDI E SINISTRA,1026735.0,2022,0.03641276646874099,Green,manual,0.0,,,,,0.0,,,,,0.0,,,,,0.0,,,,
IT,,,ALTERNATIVA PER L'ITALIA - NO GREEN PASS,,ALTERNATIVA PER L'ITALIA - NO GREEN PASS,15814.0,2022,0.0005608374984165047,,,,,,,,,,,,,,,,,,,,,,
IT,,,AZIONE - ITALIA VIVA - CALENDA,8641.0,AZIONE - ITALIA VIVA - CALENDA,2125230.0,2022,0.0753704740584108,Liberal,manual,0.0,,,,,0.0,,,,,0.0,,,,,0.0,,,,
IT,,,FORZA DEL POPOLO,,FORZA DEL POPOLO,763.0,2022,2.7059504950790002e-05,,,,,,,,,,,,,,,,,,,,,,
IT,,,FORZA ITALIA,1626.0,FORZA ITALIA,2218117.0,2022,0.07866467620305566,Conservative,ep_panel,1.0,1900.0,2100.0,1900.0,2013.0,0.0,2100.0,2100.0,2100.0,2100.0,0.0,2100.0,2100.0,2100.0,2100.0,1.0,2011.0,2100.0,2100.0,2100.0
IT,,,FRATELLI D'ITALIA CON GIORGIA MELONI,2280.0,FRATELLI D'ITALIA CON GIORGIA MELONI,7094081.0,2022,0.2515888858988274,Radical right,ep_panel,1.0,1900.0,2100.0,1900.0,2100.0,1.0,1900.0,2100.0,1900.0,2100.0,0.0,2100.0,2100.0,2100.0,2100.0,1.0,1900.0,2100.0,1900.0,2100.0
IT,,,FREE,,FREE,736.0,2022,2.6101960214654577e-05,,,,,,,,,,,,,,,,,,,,,,
IT,,,IMPEGNO CIVICO LUIGI DI MAIO - CENTRO DEMOCRATICO,2278.0,IMPEGNO CIVICO LUIGI DI MAIO - CENTRO DEMOCRATICO,173497.0,2022,0.006153005151306963,Agrarian/center,ches_link,0.0,,,,,0.0,,,,,0.0,,,,,0.0,,,,
IT,,,ITALEXIT PER L'ITALIA,9081.0,ITALEXIT PER L'ITALIA,516300.0,2022,0.01831038323210076,Radical right,manual,0.0,,,,,1.0,1900.0,2100.0,1900.0,2100.0,0.0,,,,,0.0,,,,
IT,,,ITALIA SOVRANA E POPOLARE,9127.0,ITALIA SOVRANA E POPOLARE,338798.0,2022,0.01201534227826704,Radical left,manual,0.0,,,,,0.0,,,,,1.0,1900.0,2100.0,1900.0,2100.0,0.0,,,,
IT,,,L'ITALIA DEL MERIDIONE,,L'ITALIA DEL MERIDIONE,15394.0,2022,0.0005459423580766203,,,,,,,,,,,,,,,,,,,,,,
IT,,,LA RENAISSANCE VALDÔTAINE,,LA RENAISSANCE VALDÔTAINE,6398.0,2022,0.00022690263784423911,,,,,,,,,,,,,,,,,,,,,,
IT,,,LEGA PER SALVINI PREMIER,1221.0,LEGA PER SALVINI PREMIER,2392617.0,2022,0.08485325236807906,Radical right,ep_panel,1.0,1900.0,2100.0,1900.0,2100.0,1.0,1900.0,2100.0,1900.0,2100.0,0.0,2100.0,2100.0,2100.0,2100.0,1.0,1900.0,2100.0,1900.0,2100.0
IT,,,LEGA PER SALVINI PREMIER - FORZA ITALIA - FRATELLI D'ITALIA,1221.0,LEGA PER SALVINI PREMIER - FORZA ITALIA - FRATELLI D'ITALIA,281949.0,2022,0.009999214104023971,Radical right,manual,1.0,1900.0,2100.0,1900.0,2100.0,1.0,1900.0,2100.0,1900.0,2100.0,0.0,2100.0,2100.0,2100.0,2100.0,1.0,1900.0,2100.0,1900.0,2100.0
IT,,,LEGA PER SALVINI PREMIER - FORZA ITALIA - NOI MODERATI - FRATELLI D'ITALIA,1221.0,LEGA PER SALVINI PREMIER - FORZA ITALIA - NOI MODERATI - FRATELLI D'ITALIA,16016.0,2022,0.000568001351627592,Radical right,manual,1.0,1900.0,2100.0,1900.0,2100.0,1.0,1900.0,2100.0,1900.0,2100.0,0.0,2100.0,2100.0,2100.0,2100.0,1.0,1900.0,2100.0,1900.0,2100.0
IT,,,MASTELLA NOI DI CENTRO EUROPEISTI,,MASTELLA NOI DI CENTRO EUROPEISTI,43682.0,2022,0.0015491655245876918,,,,,,,,,,,,,,,,,,,,,,
IT,,,MOVIMENTO 5 STELLE,2046.0,MOVIMENTO 5 STELLE,4268749.0,2022,0.15138956054938385,No family,ep_panel,1.0,1900.0,2100.0,1900.0,2100.0,0.0,2100.0,2100.0,2100.0,2100.0,0.0,2100.0,2100.0,2100.0,2100.0,1.0,1900.0,2100.0,1900.0,2100.0
IT,,,MOVIMENTO ASSOCIATIVO ITALIANI ALL'ESTERO - MAIE,,MOVIMENTO ASSOCIATIVO ITALIANI ALL'ESTERO - MAIE,141356.0,2022,0.005013136804487381,,,,,,,,,,,,,,,,,,,,,,
IT,,,MOVIMENTO DELLE LIBERTA',,MOVIMENTO DELLE LIBERTA',18212.0,2022,0.0006458816568332733,,,,,,,,,,,,,,,,,,,,,,
IT,,,NOI MODERATI/LUPI - TOTI - BRUGNARO - UDC,9513.0,NOI MODERATI/LUPI - TOTI - BRUGNARO - UDC,248337.0,2022,0.008807177301394936,,,0.0,,,,,0.0,,,,,0.0,,,,,0.0,,,,
IT,,,PARTITO ANIMALISTA - UCDL - 10 VOLTE MEGLIO,,PARTITO ANIMALISTA - UCDL - 10 VOLTE MEGLIO,20082.0,2022,0.0007122004959656158,,,,,,,,,,,,,,,,,,,,,,
IT,,,PARTITO COMUNISTA ITALIANO,34.0,PARTITO COMUNISTA ITALIANO,24787.0,2022,0.000879061532392178,Radical left,ep_panel,0.0,,,,,0.0,,,,,0.0,,,,,0.0,,,,
IT,,,PARTITO DELLA FOLLIA CREATIVA,,PARTITO DELLA FOLLIA CREATIVA,1303.0,2022,4.621039967349853e-05,,,,,,,,,,,,,,,,,,,,,,
IT,,,PARTITO DEMOCRATICO - ITALIA DEMOCRATICA E PROGRESSISTA,802.0,PARTITO DEMOCRATICO - ITALIA DEMOCRATICA E PROGRESSISTA,5431426.0,2022,0.19262345837070713,Social democratic,ep_panel,0.0,,,,,0.0,,,,,0.0,,,,,0.0,,,,
IT,,,SUD CHIAMA NORD,,SUD CHIAMA NORD,208612.0,2022,0.00739834527758087,,,,,,,,,,,,,,,,,,,,,,
IT,,,SÜDTIROLER VOLKSPARTEI (SVP) - PATT,1369.0,SÜDTIROLER VOLKSPARTEI (SVP) - PATT,106092.0,2022,0.003762512449854801,Regionalist,ep_panel,0.0,,,,,0.0,,,,,0.0,,,,,0.0,,,,
IT,,,UNIONE POPOLARE CON DE MAGISTRIS,,UNIONE POPOLARE CON DE MAGISTRIS,380222.0,2022,0.013484428691217925,Radical left,manual,0.0,,,,,0.0,,,,,1.0,1900.0,2100.0,1900.0,2100.0,0.0,,,,
IT,,,UNIONE SUDAMERICANA EMIGRATI ITALIANI - USEI,,UNIONE SUDAMERICANA EMIGRATI ITALIANI - USEI,73241.0,2022,0.002597464222936842,,,,,,,,,,,,,,,,,,,,,,
IT,,,VALLE D'AOSTA APERTA,,VALLE D'AOSTA APERTA,5841.0,2022,0.00020714884458396384,,,,,,,,,,,,,,,,,,,,,,
IT,,,VALLÉE D’AOSTE – AUTONOMIE PROGRÈS FÉDÉRALISME,6242.0,VALLÉE D’AOSTE – AUTONOMIE PROGRÈS FÉDÉRALISME,20763.0,2022,0.0007363519020881427,Regionalist,ep_panel,0.0,,,,,0.0,,,,,0.0,,,,,0.0,,,,
IT,,,VITA,,VITA,192016.0,2022,0.006809774446436295,,,,,,,,,,,,,,,,,,,,,,
LT,"""YOUNG LITHUANIAS"", NEW NATIONALISTS AND POLITICAL PRISONERS UNION",,,1679.0,"""YOUNG LITHUANIAS"", NEW NATIONALISTS AND POLITICAL PRISONERS UNION",16941.0,2000,0.011514721865193268,Radical right,manual,0.0,,,,,1.0,1900.0,2100.0,1900.0,2100.0,0.0,,,,,0.0,,,,
LT,A. BRAZAUSKAS SOCIALDEMOCRATIC COALITION,Brazauskas Social Democratic Coalition,Brazausko socialdemokratine koalicija,197.0,Brazausko socialdemokratine koalicija,457294.0,2000,0.3108206847660522,Social democratic,manual,0.0,,,,,0.0,,,,,0.0,,,,,0.0,,,,
LT,ANTI-CORRUPTION COALITION OF KRISTUPAS KRIVICKAS AND NAGLIS PUTEIKIS,,,,ANTI-CORRUPTION COALITION OF KRISTUPAS KRIVICKAS AND NAGLIS PUTEIKIS,77114.0,2016,0.0631623781109605,No family,manual,0.0,,,,,0.0,,,,,0.0,,,,,0.0,,,,
LT,CHRISTIAN CONSERVATIVE SOCIAL UNION,Christian Conservative Social Union,Krikscioniu konservatoriu socialine sajunga,52.0,Krikscioniu konservatoriu socialine sajunga,23426.0,2004,0.01959260823565326,Conservative,ep_panel,0.0,,,,,0.0,,,,,0.0,,,,,0.0,,,,
LT,CHRISTIAN DEMOCRATIC UNION,Christian Democratic Union,Krikscioniu demokratu sajunga,776.0,Krikscioniu demokratu sajunga,61583.0,2000,0.041857689429443186,Christian democratic,manual,0.0,,,,,0.0,,,,,0.0,,,,,0.0,,,,
LT,CHRISTIAN PARTY,Christian Party,Krikscioniu partija,8254.0,Krikscioniu partija,16489.0,2012,0.012568199383823617,Christian democratic,manual,0.0,,,,,0.0,,,,,0.0,,,,,0.0,,,,
LT,EMIGRANTS' PARTY,,,,EMIGRANTS' PARTY,270.0,2012,0.0002057986435582738,,,,,,,,,,,,,,,,,,,,,,
LT,FOR ORDER AND JUSTICE,Order and Justice  Liberal Democratic Party,Tvarka ir teisingumas - Liberalu Demokratu Partija,237.0,Tvarka ir teisingumas - Liberalu Demokratu Partija,135807.0,2004,0.11358376789291225,Conservative,ep_panel,1.0,1900.0,2100.0,1900.0,2100.0,0.0,2100.0,2100.0,2100.0,2100.0,0.0,2100.0,2100.0,2100.0,2100.0,1.0,1900.0,2100.0,1900.0,2100.0
LT,FREEDOM PARTY,,,8982.0,FREEDOM PARTY,107093.0,2020,0.0944748452002142,Liberal,ep_panel,0.0,,,,,0.0,,,,,0.0,,,,,0.0,,,,
LT,HOMELAND UNION,Homeland Union / Homeland Union  Lithuanian Christian Democrats,Tevynes Sajunga / Tevynes sajunga - Lietuvos krikscionys demokratai,193.0,Tevynes Sajunga / Tevynes sajunga - Lietuvos krikscionys demokratai,1322063.0,2020,0.25770470226128106,Conservative,ep_panel,0.0,,,,,0.0,,,,,0.0,,,,,0.0,,,,
LT,KRIKSCIONIU SAJUNGA,,,,KRIKSCIONIU SAJUNGA,671.0,2020,0.0005919399132468389,,,,,,,,,,,,,,,,,,,,,,
LT,LABOUR PARTY,Labour Party,Darbo Partija,102.0,Darbo Partija,781899.0,2020,0.28439223689107646,Liberal,ep_panel,1.0,1900.0,2006.0,1900.0,2006.0,0.0,2100.0,2100.0,2100.0,2100.0,0.0,2100.0,2100.0,2100.0,2100.0,0.0,2100.0,2100.0,2100.0,2100.0
LT,LIBERAL AND CENTRE UNION,Liberal and Centre Union,Liberalu ir centro sajunga,1193.0,Liberalu ir centro sajunga,204210.0,2012,0.0918927282535514,Liberal,manual,0.0,,,,,0.0,,,,,0.0,,,,,0.0,,,,
LT,LIBERALS MOVEMENT OF THE REPUBLIC OF LITHUANIA,Liberals' Movement of the Republic of Lithuania,Lietuvos Respublikos Liberalu sajudis,1744.0,Lietuvos Respublikos Liberalu sajudis,383444.0,2020,0.09448965299762058,Liberal,ep_panel,0.0,,,,,0.0,,,,,0.0,,,,,0.0,,,,
LT,LIHUANIAN PEOPLE'S PARTY,,,,LIHUANIAN PEOPLE'S PARTY,453.0,2016,0.00037104231766300677,,,,,,,,,,,,,,,,,,,,,,
LT,LITHUANIAN CENTRE PARTY,Lithuanian Centre Party,Lietuvos Centro Partija,5455.0,Lietuvos Centro Partija,27731.0,2020,0.023614962053211074,No family,ep_panel,1.0,1900.0,2100.0,1900.0,2100.0,0.0,2100.0,2100.0,2100.0,2100.0,0.0,2100.0,2100.0,2100.0,2100.0,1.0,1900.0,2100.0,1900.0,2100.0
LT,LITHUANIAN CENTRE UNION,Center Union of Lithuania,Lietuvos centro sajunga,1185.0,Lietuvos centro sajunga,42030.0,2000,0.028567602856624345,Liberal,ches_link,0.0,,,,,0.0,,,,,0.0,,,,,0.0,,,,
LT,LITHUANIAN CHRISTIAN DEMOCRATIC PARTY,Lithuanian Christian Democratic Party,Lietuvos krikscioniu demokratu partija,6804.0,Lietuvos krikscioniu demokratu partija,45227.0,2000,0.03074058944555197,Christian democratic,manual,0.0,,,,,0.0,,,,,0.0,,,,,0.0,,,,
LT,LITHUANIAN CHRISTIAN DEMOCRATS,Lithuanian Christian Democrats,Lietuvos Krikscionys Demokratai,1063.0,Lietuvos Krikscionys Demokratai,16362.0,2004,0.013684549472883063,Christian democratic,ep_panel,0.0,,,,,0.0,,,,,0.0,,,,,0.0,,,,
LT,LITHUANIAN FREEDOM UNION,,,1410.0,LITHUANIAN FREEDOM UNION,18622.0,2000,0.012657290040353522,Radical right,ches_link,0.0,,,,,0.0,,,,,0.0,,,,,0.0,,,,
LT,LITHUANIAN FREEDOM UNION (LIBERALS),Lithuanian Freedom Union (Liberals),Lietuvos Laisves Sajunga (Liberalai),5456.0,Lietuvos Laisves Sajunga (Liberalai),50629.0,2020,0.022339532388390388,Radical right,ep_panel,0.0,2100.0,2100.0,2100.0,2100.0,1.0,1900.0,2100.0,1900.0,2100.0,0.0,2100.0,2100.0,2100.0,2100.0,1.0,1900.0,2100.0,1900.0,2100.0
LT,LITHUANIAN GREEN PARTY,Lithuanian Green Party,Lietuvos zalioji partija,1407.0,Lietuvos zalioji partija,44030.0,2020,0.020253340814245405,Green,ep_panel,0.0,,,,,0.0,,,,,0.0,,,,,0.0,,,,
LT,LITHUANIAN LIBERAL UNION,Liberal Union of Lithuania,Lietuvos liberalu sajunga,1357.0,Lietuvos liberalu sajunga,253823.0,2000,0.1725223568850098,Liberal,ches_link,0.0,,,,,0.0,,,,,0.0,,,,,0.0,,,,
LT,LITHUANIAN NATIONAL UNION,,,377.0,LITHUANIAN NATIONAL UNION,3472.0,2004,0.0022858160458441037,Radical right,ep_panel,0.0,2100.0,2100.0,2100.0,2100.0,1.0,1900.0,2100.0,1900.0,2100.0,0.0,2100.0,2100.0,2100.0,2100.0,1.0,1900.0,2100.0,1900.0,2100.0
LT,LITHUANIAN PEASANT AND GREENS UNION,Lithuanian Farmers and Greens Union / Lithuanian Peasant Popular Union,Lietuvos valstieciu ir zaliuju sajunga / Lietuvos valstieciu liaudininku sajunga,1490.0,Lietuvos valstieciu ir zaliuju sajunga / Lietuvos valstieciu liaudininku sajunga,53139.0,2012,0.040503459703863376,Agrarian/center,ep_panel,0.0,,,,,0.0,,,,,0.0,,,,,0.0,,,,
LT,LITHUANIAN PEASANT AND GREENS UNION,Lithuanian Peasant Party,Lietuvos valstieciu partija,21.0,Lietuvos valstieciu partija,478899.0,2020,0.22451582253856833,Agrarian/center,manual,0.0,,,,,0.0,,,,,0.0,,,,,0.0,,,,
LT,LITHUANIAN PEASANTS' PARTY,Lithuanian Peasant Party,Lietuvos valstieciu partija,21.0,Lietuvos valstieciu partija,60040.0,2000,0.0408089192365388,Agrarian/center,manual,0.0,,,,,0.0,,,,,0.0,,,,,0.0,,,,
LT,LITHUANIAN PEOPLE'S PARTY,,,8256.0,LITHUANIAN PEOPLE'S PARTY,12398.0,2016,0.010154928596878493,No family,manual,0.0,,,,,0.0,,,,,0.0,,,,,0.0,,,,
LT,"LITHUANIAN PEOPLE'S UNION ""FOR THE FAIR LITHUANIA""",,,1409.0,"LITHUANIAN PEOPLE'S UNION ""FOR THE FAIR LITHUANIA""",21583.0,2000,0.01466986848571314,No family,manual,0.0,,,,,0.0,,,,,0.0,,,,,0.0,,,,
LT,LITHUANIAN POLES' ELECTORAL ACTION,Election Action of Lithuania's Poles,Lietuvos lenku rinkimu akcija,556.0,Lietuvos lenku rinkimu akcija,339213.0,2020,0.06085313446578483,Regionalist,ep_panel,0.0,,,,,0.0,,,,,0.0,,,,,0.0,,,,
LT,LITHUANIAN SOCIAL DEMOCRATIC LABOUR PARTY,,,102.0,LITHUANIAN SOCIAL DEMOCRATIC LABOUR PARTY,37197.0,2020,0.032814290541047196,Liberal,ep_panel,1.0,1900.0,2006.0,1900.0,2006.0,0.0,2100.0,2100.0,2100.0,2100.0,0.0,2100.0,2100.0,2100.0,2100.0,0.0,2100.0,2100.0,2100.0,2100.0
LT,LITHUANIAN SOCIAL DEMOCRATIC PARTY,Lithuanian Social Democratic Party,Lietuvos socialdemokratu partija,64.0,Lietuvos socialdemokratu partija,688719.0,2020,0.19176088941600442,Social democratic,ep_panel,0.0,,,,,0.0,,,,,0.0,,,,,0.0,,,,
LT,LITHUANIAN SOCIAL DEMOCRATIC UNION,,,8258.0,LITHUANIAN SOCIAL DEMOCRATIC UNION,4075.0,2008,0.0032950168025642104,,,0.0,,,,,0.0,,,,,0.0,,,,,0.0,,,,
LT,MODERATE CONSERVATIVE UNION,Moderate Conservative Union,Nuosaikiuju konservatoriu sajunga,839.0,Nuosaikiuju konservatoriu sajunga,29615.0,2000,0.020129182931214133,Conservative,manual,0.0,,,,,0.0,,,,,0.0,,,,,0.0,,,,
LT,NATIONAL ALLIANCE,,,9096.0,NATIONAL ALLIANCE,25098.0,2020,0.022140846412323643,Radical right,manual,0.0,,,,,1.0,1900.0,2100.0,1900.0,2100.0,0.0,,,,,0.0,,,,
LT,"NATIONAL ASSOCIATION 'FOR LITHUANIA IN LITHUANIA' (LITHUANIAN CENTRE PARTY, LITHUANIAN SOCIAL DEMOCRATIC UNION, COALITION OF NATIONAL UNION AND THE NATIONAL UNITY UNION)",,,,"NATIONAL ASSOCIATION 'FOR LITHUANIA IN LITHUANIA' (LITHUANIAN CENTRE PARTY, LITHUANIAN SOCIAL DEMOCRATIC UNION, COALITION OF NATIONAL UNION AND THE NATIONAL UNITY UNION)",5911.0,2012,0.004505465859529468,,,,,,,,,,,,,,,,,,,,,,
LT,NATIONAL CENTRE PARTY,,,,NATIONAL CENTRE PARTY,170.0,2004,0.0001421814821164968,,,,,,,,,,,,,,,,,,,,,,
LT,NEW UNION (SOCIAL LIBERALS),New Union (Social Liberals),Naujoji sajunga (socialliberalai),1800.0,Naujoji sajunga (socialliberalai),333956.0,2008,0.1963606382884723,Liberal,ep_panel,0.0,,,,,0.0,,,,,0.0,,,,,0.0,,,,
LT,OTHER,,,1846.0,OTHER,111040.0,2020,0.020841304854866224,No family,generic,0.0,,,,,0.0,,,,,0.0,,,,,0.0,,,,
LT,"PARTY ""ORDER AND JUSTICE""",Order and Justice  Liberal Democratic Party,Tvarka ir teisingumas - Liberalu Demokratu Partija,237.0,Tvarka ir teisingumas - Liberalu Demokratu Partija,67817.0,2016,0.055547410280247525,Conservative,ep_panel,1.0,1900.0,2100.0,1900.0,2100.0,0.0,2100.0,2100.0,2100.0,2100.0,0.0,2100.0,2100.0,2100.0,2100.0,1.0,1900.0,2100.0,1900.0,2100.0
LT,"PARTY ""ORDER AND JUSTICE"" (LIBERAL DEMOCRATIC PARTY)",Order and Justice  Liberal Democratic Party,Tvarka ir teisingumas - Liberalu Demokratu Partija,237.0,Tvarka ir teisingumas - Liberalu Demokratu Partija,156777.0,2008,0.12676879736333968,Conservative,ep_panel,1.0,1900.0,2100.0,1900.0,2100.0,0.0,2100.0,2100.0,2100.0,2100.0,0.0,2100.0,2100.0,2100.0,2100.0,1.0,1900.0,2100.0,1900.0,2100.0
LT,"PARTY ""YOUNG LITHUANIANS""",Young Lithuania,Jaunoji Lietuva,1026.0,Jaunoji Lietuva,21589.0,2008,0.01745671601240705,Radical right,ess_build,0.0,2100.0,2100.0,2100.0,2100.0,1.0,1900.0,2100.0,1900.0,2100.0,0.0,2100.0,2100.0,2100.0,2100.0,1.0,1900.0,2100.0,1900.0,2100.0
LT,PARTY 'ORDER AND JUSTICE',Order and Justice  Liberal Democratic Party,Tvarka ir teisingumas - Liberalu Demokratu Partija,237.0,Tvarka ir teisingumas - Liberalu Demokratu Partija,100110.0,2012,0.07630556372821774,Conservative,ep_panel,1.0,1900.0,2100.0,1900.0,2100.0,0.0,2100.0,2100.0,2100.0,2100.0,0.0,2100.0,2100.0,2100.0,2100.0,1.0,1900.0,2100.0,1900.0,2100.0
LT,PARTY 'YOUNG LITHUANIA',Young Lithuania,Jaunoji Lietuva,1026.0,Jaunoji Lietuva,3416.0,2012,0.0026037339496113453,Radical right,ess_build,0.0,2100.0,2100.0,2100.0,2100.0,1.0,1900.0,2100.0,1900.0,2100.0,0.0,2100.0,2100.0,2100.0,2100.0,1.0,1900.0,2100.0,1900.0,2100.0
LT,PARTY LITHUANIA - FOR ALL,,,,PARTY LITHUANIA - FOR ALL,11352.0,2020,0.01001445886017603,No family,manual,0.0,,,,,0.0,,,,,0.0,,,,,0.0,,,,
LT,PARTY OF CIVIC DEMOCRACY,,,105.0,PARTY OF CIVIC DEMOCRACY,13775.0,2008,0.011138369682287607,No family,manual,0.0,,,,,0.0,,,,,0.0,,,,,0.0,,,,
LT,"POLITICAL PARTY ""FRONTAS""",Front Party / Socialist People's Front,Fronto partija / Socialistinis liaudies frontas,1250.0,Fronto partija / Socialistinis liaudies frontas,40016.0,2008,0.032356660704640355,Social democratic,ep_panel,0.0,2100.0,2100.0,2100.0,2100.0,0.0,2100.0,2100.0,2100.0,2100.0,1.0,1900.0,2100.0,1900.0,2100.0,1.0,1900.0,2100.0,1900.0,2100.0
LT,"POLITICAL PARTY ""LIST OF LITHUANIA""",Lithuanian List,"""Politine partija """"Lietuvos sarasas""""""",6738.0,"""Politine partija """"Lietuvos sarasas""""""",21966.0,2016,0.017991866555818116,No family,manual,0.0,,,,,0.0,,,,,0.0,,,,,0.0,,,,
LT,"POLITICAL PARTY ""THE WAY OF COURAGE""",The Way of Courage,Drasos Kelias,74.0,Drasos Kelias,13337.0,2020,0.011765577679542609,No family,ess_build,1.0,1900.0,2100.0,1900.0,2100.0,0.0,2100.0,2100.0,2100.0,2100.0,0.0,2100.0,2100.0,2100.0,2100.0,0.0,2100.0,2100.0,2100.0,2100.0
LT,POLITICAL PARTY 'THE WAY OF COURAGE',The Way of Courage,Drasos Kelias,74.0,Drasos Kelias,109444.0,2012,0.0834200990577471,No family,ess_build,1.0,1900.0,2100.0,1900.0,2100.0,0.0,2100.0,2100.0,2100.0,2100.0,0.0,2100.0,2100.0,2100.0,2100.0,0.0,2100.0,2100.0,2100.0,2100.0
LT,POLITICAL PARTY 'UNION YES',YES  Homeland Revival and Perspective,Tevynes atgimimas ir perspektyva,1806.0,Tevynes atgimimas ir perspektyva,24127.0,2012,0.018390014344927673,No family,manual,0.0,,,,,0.0,,,,,0.0,,,,,0.0,,,,
LT,RISING NATION PARTY,Order and Justice  Liberal Democratic Party,Tvarka ir teisingumas - Liberalu Demokratu Partija,347.0,Tvarka ir teisingumas - Liberalu Demokratu Partija,186629.0,2008,0.15090691799895853,Conservative,ep_panel,1.0,1900.0,2100.0,1900.0,2100.0,0.0,2100.0,2100.0,2100.0,2100.0,0.0,2100.0,2100.0,2100.0,2100.0,1.0,2100.0,2100.0,1900.0,2100.0
LT,SOCIALIST PEOPLE'S FRONT,Front Party / Socialist People's Front,Fronto partija / Socialistinis liaudies frontas,1250.0,Fronto partija / Socialistinis liaudies frontas,16514.0,2012,0.012587254813782716,Social democratic,ep_panel,0.0,2100.0,2100.0,2100.0,2100.0,0.0,2100.0,2100.0,2100.0,2100.0,1.0,1900.0,2100.0,1900.0,2100.0,1.0,1900.0,2100.0,1900.0,2100.0
LT,"THE COALITION ""LABOR PARTY + YOUTH""",Coalition Labour Party and Youth,Koalicija Darbo partija + Jaunimas,8279.0,Koalicija Darbo partija + Jaunimas,111149.0,2008,0.08987431229158513,Liberal,manual,1.0,1900.0,2006.0,1900.0,2006.0,0.0,2100.0,2100.0,2100.0,2100.0,0.0,2100.0,2100.0,2100.0,2100.0,0.0,2100.0,2100.0,2100.0,2100.0
LT,THE UNION OF THE RUSSIANS OF LITHUANIA,,,168.0,THE UNION OF THE RUSSIANS OF LITHUANIA,8356.0,2008,0.006756603779687495,Regionalist,ess_build,0.0,,,,,0.0,,,,,0.0,,,,,0.0,,,,
LT,UNION OF FARMERS' PARTY AND NEW DEMOCRACY PARTY,alliance,alliance,3971.0,alliance,78902.0,2004,0.06599060765856371,No family,generic,0.0,,,,,0.0,,,,,0.0,,,,,0.0,,,,
LT,UNION OF LITHUANIAN PEASANTS AND PEOPLES,,,,UNION OF LITHUANIAN PEASANTS AND PEOPLES,46162.0,2008,0.037326273776679526,Agrarian/center,manual,0.0,,,,,0.0,,,,,0.0,,,,,0.0,,,,
LT,WORKING FOR LITHUANIA,Working for Lithuania,"""Koalicija """"Uz darba Lietuvai""""""",2091.0,"""Koalicija """"Uz darba Lietuvai""""""",246852.0,2004,0.20645754837306748,Social democratic,manual,0.0,,,,,0.0,,,,,0.0,,,,,0.0,,,,
LT,,,Demokratų sąjunga „Vardan Lietuvos“,9073.0,Demokratų sąjunga „Vardan Lietuvos“,114792.0,2024,0.09404786288373465,Agrarian/center,manual,0.0,,,,,0.0,,,,,0.0,,,,,0.0,,,,
LT,,,Laisvės partija,8982.0,Laisvės partija,56379.0,2024,0.04619071417452502,Liberal,ep_panel,0.0,,,,,0.0,,,,,0.0,,,,,0.0,,,,
LT,,,Liberalų sąjūdis,1744.0,Liberalų sąjūdis,95868.0,2024,0.07854363125425007,Liberal,ep_panel,0.0,,,,,0.0,,,,,0.0,,,,,0.0,,,,
LT,,,Lietuvos lenkų rinkimų akcija-Krikščioniškų šeimų sąjunga,556.0,Lietuvos lenkų rinkimų akcija-Krikščioniškų šeimų sąjunga,48288.0,2024,0.03956184405646542,Regionalist,ep_panel,0.0,,,,,0.0,,,,,0.0,,,,,0.0,,,,
LT,,,Lietuvos liaudies partija,8256.0,Lietuvos liaudies partija,32813.0,2024,0.026883341389678593,No family,manual,0.0,,,,,0.0,,,,,0.0,,,,,0.0,,,,
LT,,,Lietuvos regionų partija,7352.0,Lietuvos regionų partija,23547.0,2024,0.01929180628722646,Regionalist,manual,0.0,,,,,0.0,,,,,0.0,,,,,0.0,,,,
LT,,,Lietuvos socialdemokratų partija,64.0,Lietuvos socialdemokratų partija,240503.0,2024,0.19704154616285835,Social democratic,ep_panel,0.0,,,,,0.0,,,,,0.0,,,,,0.0,,,,
LT,,,Lietuvos valstiečių ir žaliųjų sąjunga,1490.0,Lietuvos valstiečių ir žaliųjų sąjunga,87374.0,2024,0.07158458752877754,Agrarian/center,ep_panel,0.0,,,,,0.0,,,,,0.0,,,,,0.0,,,,
LT,,,Lietuvos žaliųjų partija,,Lietuvos žaliųjų partija,21002.0,2024,0.017206714895499645,Green,manual,0.0,,,,,0.0,,,,,0.0,,,,,0.0,,,,
LT,,,Nacionalinis susivienijimas,,Nacionalinis susivienijimas,35726.0,2024,0.029269931261623666,Radical right,manual,0.0,,,,,1.0,1900.0,2100.0,1900.0,2100.0,0.0,,,,,0.0,,,,
LT,,,Partija „Laisvė ir teisingumas“,,Partija „Laisvė ir teisingumas“,9367.0,2024,0.0076742833266424705,,,,,,,,,,,,,,,,,,,,,,
LT,,,Politinė partija „Nemuno Aušra“,,Politinė partija „Nemuno Aušra“,186305.0,2024,0.15263770205723556,Radical right,manual,0.0,,,,,1.0,1900.0,2100.0,1900.0,2100.0,0.0,,,,,0.0,,,,
LT,,,"Taikos koalicija (Darbo partija, Lietuvos krikščioniškosios demokratijos partija, Žemaičių partija)",102.0,"Taikos koalicija (Darbo partija, Lietuvos krikščioniškosios demokratijos partija, Žemaičių partija)",27362.0,2024,0.022417395151445637,Liberal,manual,1.0,1900.0,2006.0,1900.0,2006.0,0.0,2100.0,2100.0,2100.0,2100.0,0.0,2100.0,2100.0,2100.0,2100.0,0.0,2100.0,2100.0,2100.0,2100.0
LT,,,"Tautos ir teisingumo sąjunga (centristai, tautininkai)",,"Tautos ir teisingumo sąjunga (centristai, tautininkai)",17218.0,2024,0.014106524001081462,No family,manual,0.0,,,,,0.0,,,,,0.0,,,,,0.0,,,,
LT,,,Tėvynės sąjunga-Lietuvos krikščionys demokratai ,193.0,Tėvynės sąjunga-Lietuvos krikščionys demokratai ,224026.0,2024,0.1835421155689555,Conservative,ep_panel,0.0,,,,,0.0,,,,,0.0,,,,,0.0,,,,
LU,ADR,Alternative Democratic Reform Party,Alternativ Demokratesch Reformpartei,1114.0,Alternativ Demokratesch Reformpartei,1569914.0,2018,0.1036634458486533,Conservative,ep_panel,1.0,1900.0,2100.0,1900.0,2100.0,1.0,2022.0,2100.0,2100.0,2100.0,0.0,2100.0,2100.0,2100.0,2100.0,1.0,1900.0,2100.0,1900.0,2100.0
LU,ADR,,Alternativ Demokratesch Reformpartei,1114.0,Alternativ Demokratesch Reformpartei,348990.0,2023,0.09272573651319985,Conservative,ep_panel,1.0,1900.0,2100.0,1900.0,2100.0,1.0,2022.0,2100.0,2100.0,2100.0,0.0,2100.0,2100.0,2100.0,2100.0,1.0,1900.0,2100.0,1900.0,2100.0
LU,CSV,Christian Social People's Party,Chreschtlech Sozial Vollekspartei,539.0,Chreschtlech Sozial Vollekspartei,6096651.0,2018,0.3733504707840185,Christian democratic,ep_panel,0.0,,,,,0.0,,,,,0.0,,,,,0.0,,,,
LU,CSV,,Chrëschtlech-Sozial Vollekspartei,539.0,Chrëschtlech-Sozial Vollekspartei,1099427.0,2023,0.29211489818475533,Christian democratic,ep_panel,0.0,,,,,0.0,,,,,0.0,,,,,0.0,,,,
LU,DP,Democratic Party,Demokratesch Partei,300.0,Demokratesch Partei,3269599.0,2018,0.21594088193143962,Liberal,ep_panel,0.0,,,,,0.0,,,,,0.0,,,,,0.0,,,,
LU,DP,,Demokratesch Partei,300.0,Demokratesch Partei,703833.0,2023,0.18700659992347915,Liberal,ep_panel,0.0,,,,,0.0,,,,,0.0,,,,,0.0,,,,
LU,FOKUS.,,Fokus.,,Fokus.,93839.0,2023,0.024932778557156827,Liberal,manual,0.0,,,,,0.0,,,,,0.0,,,,,0.0,,,,
LU,GAL,Green Left Ecological Initiative,Greng Lescht Ekologesch Initiativ,475.0,Greng Lescht Ekologesch Initiativ,69875.0,2004,0.01210106842005004,No family,manual,0.0,,,,,0.0,,,,,0.0,,,,,0.0,,,,
LU,GRENG,The Greens,Dei Greng [Alternativ],1138.0,Dei Greng [Alternativ],2140399.0,2018,0.15124580414162278,Green,ep_panel,0.0,,,,,0.0,,,,,0.0,,,,,0.0,,,,
LU,KPL,Communist Party of Luxembourg,Kommunistesch Partei vu Letzebuerg,1647.0,Kommunistesch Partei vu Letzebuerg,243201.0,2018,0.01929538990605355,Radical left,populist_implied,0.0,2100.0,2100.0,2100.0,2100.0,0.0,2100.0,2100.0,2100.0,2100.0,1.0,1900.0,2100.0,1900.0,2100.0,1.0,1900.0,2100.0,1900.0,2100.0
LU,KPL,,Kommunistesch Partei Lëtzebuerg,1647.0,Kommunistesch Partei Lëtzebuerg,24275.0,2023,0.006449804446711729,Radical left,populist_implied,0.0,2100.0,2100.0,2100.0,2100.0,0.0,2100.0,2100.0,2100.0,2100.0,1.0,1900.0,2100.0,1900.0,2100.0,1.0,1900.0,2100.0,1900.0,2100.0
LU,LENK,The Left,Dei Lenk,271.0,Dei Lenk,638034.0,2018,0.054842974541702776,Radical left,ep_panel,0.0,2100.0,2100.0,2100.0,2100.0,0.0,2100.0,2100.0,2100.0,2100.0,1.0,1900.0,2100.0,1900.0,2100.0,1.0,1900.0,2100.0,1900.0,2100.0
LU,LIBERTÉ-FRÄIHEET !,,LIBERTÉ-FRÄIHEET !,,LIBERTÉ-FRÄIHEET !,42643.0,2023,0.011330134336606726,No family,manual,0.0,,,,,0.0,,,,,0.0,,,,,0.0,,,,
LU,LNB,National Movement,National Bewegong,995.0,National Bewegong,82581.0,1994,0.027641685352527638,Radical right,ep_panel,0.0,2100.0,2100.0,2100.0,2100.0,1.0,1900.0,2100.0,1900.0,2100.0,0.0,2100.0,2100.0,2100.0,2100.0,1.0,1900.0,2100.0,1900.0,2100.0
LU,LSAP,Luxembourg Socialist Workers' Party,Letzebuerger Sozialistesch Aarbechterpartei,186.0,Letzebuerger Sozialistesch Aarbechterpartei,4260496.0,2018,0.2669542598909542,Social democratic,ep_panel,0.0,,,,,0.0,,,,,0.0,,,,,0.0,,,,
LU,LSAP,,d'Sozialisten,186.0,d'Sozialisten,711890.0,2023,0.18914732389576158,Social democratic,ep_panel,0.0,,,,,0.0,,,,,0.0,,,,,0.0,,,,
LU,OTHER,,,1847.0,OTHER,134042.0,2018,0.02204245414223614,No family,generic,0.0,,,,,0.0,,,,,0.0,,,,,0.0,,,,
LU,PID,Party for Full Democracy,Partei fir Integral Demokratie,2064.0,Partei fir Integral Demokratie,49290.0,2013,0.015042610046961996,No family,manual,0.0,,,,,0.0,,,,,0.0,,,,,0.0,,,,
LU,PIRATEN,,PIRATEN,,PIRATEN,253554.0,2023,0.06736863920418314,No family,manual,0.0,,,,,0.0,,,,,0.0,,,,,0.0,,,,
LU,PPLU,Pirate Party Luxembourg,Piratepartei Letzebuerg,2065.0,Piratepartei Letzebuerg,323819.0,2018,0.06446203918504667,No family,ep_panel,0.0,,,,,0.0,,,,,0.0,,,,,0.0,,,,
LU,VOLT,,VOLT Luxembourg - Lëtzebuerg,7353.0,VOLT Luxembourg - Lëtzebuerg,7001.0,2023,0.0018601475151978914,Liberal,manual,0.0,,,,,0.0,,,,,0.0,,,,,0.0,,,,
LU,déi Konservativ,,déi Konservativ - d'Fräiheetspartei,,déi Konservativ - d'Fräiheetspartei,8494.0,2023,0.002256833737193385,No family,manual,0.0,,,,,0.0,,,,,0.0,,,,,0.0,,,,
LU,déi Lénk,,déi Lénk,271.0,déi Lénk,147839.0,2023,0.039280438294435234,Radical left,ep_panel,0.0,2100.0,2100.0,2100.0,2100.0,0.0,2100.0,2100.0,2100.0,2100.0,1.0,1900.0,2100.0,1900.0,2100.0,1.0,1900.0,2100.0,1900.0,2100.0
LU,déi gréng,,déi gréng,1138.0,déi gréng,321895.0,2023,0.08552666539131913,Green,ep_panel,0.0,,,,,0.0,,,,,0.0,,,,,0.0,,,,
LV,AP!,,,8393.0,AP!,101685.0,2018,0.12119785458879619,Liberal,ep_panel,0.0,,,,,0.0,,,,,0.0,,,,,0.0,,,,
LV,ATBILDIBA,,,,ATBILDIBA,6139.0,2010,0.006497389507864286,,,,,,,,,,,,,,,,,,,,,,
LV,ATMODA,For Latvia from the Heart,No sirds Latvijai,3193.0,No sirds Latvijai,69635.0,2018,0.06896677249050784,Conservative,ess_build,0.0,,,,,0.0,,,,,0.0,,,,,0.0,,,,
LV,BRIVIBA,,,,BRIVIBA,3746.0,2014,0.0022142358519027456,,,,,,,,,,,,,,,,,,,,,,
LV,DAUGAVA,,,,DAUGAVA,1661.0,2010,0.0017579677427207328,,,,,,,,,,,,,,,,,,,,,,
LV,DZIMTENE,Motherland,Dzimtene,897.0,Dzimtene,18860.0,2006,0.020916859365728957,Radical left,populist_implied,1.0,1900.0,2100.0,1900.0,2100.0,0.0,2100.0,2100.0,2100.0,2100.0,1.0,1900.0,2100.0,1900.0,2100.0,0.0,2100.0,2100.0,2100.0,2100.0
LV,IZAUGSME,,,7864.0,IZAUGSME,1515.0,2014,0.001671193044307023,,,0.0,,,,,0.0,,,,,0.0,,,,,0.0,,,,
LV,JD,,,1000.0,JD,11505.0,2006,0.012759727836835188,No family,manual,0.0,,,,,0.0,,,,,0.0,,,,,0.0,,,,
LV,JKP,New Conservative Party,Jauna konservativa partija,6355.0,Jauna konservativa partija,121083.0,2018,0.13670321811680572,Liberal,ep_panel,0.0,,,,,0.0,,,,,0.0,,,,,0.0,,,,
LV,JL,New Era,Jaunais Laiks,1531.0,Jaunais Laiks,386054.0,2006,0.23979019418348316,Conservative,ep_panel,1.0,1900.0,2100.0,1900.0,2100.0,0.0,2100.0,2100.0,2100.0,2100.0,0.0,2100.0,2100.0,2100.0,2100.0,0.0,2100.0,2100.0,2100.0,2100.0
LV,KDS,,,304.0,KDS,5481.0,2011,0.00369162642180007,,,0.0,,,,,0.0,,,,,0.0,,,,,0.0,,,,
LV,KPV LV,Who owns the state?,Kam pieder valsts?,6356.0,Kam pieder valsts?,120264.0,2018,0.143342073897497,Conservative,ep_panel,1.0,1900.0,2100.0,1900.0,2100.0,0.0,2100.0,2100.0,2100.0,2100.0,0.0,2100.0,2100.0,2100.0,2100.0,1.0,1900.0,2100.0,1900.0,2100.0
LV,LA,,,3213.0,LA,8156.0,2014,0.00899686499628256,,,0.0,,,,,0.0,,,,,0.0,,,,,0.0,,,,
LV,LCP,,,,LCP,897.0,2018,0.001069129916567342,,,,,,,,,,,,,,,,,,,,,,
LV,LG,Light of Latgale,Latgales Gaisma,404.0,Latgales Gaisma,15948.0,2002,0.016105040247452913,Regionalist,manual,0.0,,,,,0.0,,,,,0.0,,,,,0.0,,,,
LV,LKS,Latvian Russian Union,Latvijas Krievu savieniba / <U+0420><U+0443><U+0441><U+0441><U+043A><U+0438><U+0439> <U+0441><U+043E><U+044E><U+0437> <U+041B><U+0430><U+0442><U+0432><U+0438><U+0438>,5657.0,Latvijas Krievu savieniba / <U+0420><U+0443><U+0441><U+0441><U+043A><U+0438><U+0439> <U+0441><U+043E><U+044E><U+0437> <U+041B><U+0430><U+0442><U+0432><U+0438><U+0438>,41404.0,2018,0.03219785458879618,Regionalist,manual,0.0,,,,,0.0,,,,,0.0,,,,,0.0,,,,
LV,LN,,,,LN,4245.0,2018,0.005059594755661502,,,,,,,,,,,,,,,,,,,,,,
LV,LPP,Latvia's First Party,Latvijas Pirma partija,1778.0,Latvijas Pirma partija,94752.0,2002,0.0956850246756119,Christian democratic,ep_panel,0.0,,,,,0.0,,,,,0.0,,,,,0.0,,,,
LV,LPP/LC,Latvian First Party / Latvian Way Party,Latvijas Pirma partija / Latvijas Cels,461.0,Latvijas Pirma partija / Latvijas Cels,100000.0,2011,0.0863613426272507,Liberal,manual,0.0,,,,,0.0,,,,,0.0,,,,,0.0,,,,
LV,LRA,Latvian Association of Regions,Latvijas Regionu apvieniba,3194.0,Latvijas Regionu apvieniba,95830.0,2018,0.067081578488712,Regionalist,ep_panel,0.0,,,,,0.0,,,,,0.0,,,,,0.0,,,,
LV,LSDSP,Latvian Social Democratic Workers' Party,Latvijas Socialdemokratiska Stradnieku Partija,741.0,Latvijas Socialdemokratiska Stradnieku Partija,74095.0,2011,0.040228265820010926,Social democratic,ep_panel,0.0,,,,,0.0,,,,,0.0,,,,,0.0,,,,
LV,LSDSP/KDS/GKL,,,,LSDSP/KDS/GKL,1735.0,2018,0.002067938021454112,,,,,,,,,,,,,,,,,,,,,,
LV,NA!,National Alliance,Nacionala apvieniba,7619.0,Nacionala apvieniba,445767.0,2018,0.16719321197787626,Radical right,populist_implied,0.0,2100.0,2100.0,2100.0,2100.0,1.0,1900.0,2100.0,1900.0,2100.0,0.0,2100.0,2100.0,2100.0,2100.0,1.0,1900.0,2100.0,1900.0,2100.0
LV,OTHER,,,1848.0,OTHER,45941.0,2006,0.024394869491440836,No family,generic,0.0,,,,,0.0,,,,,0.0,,,,,0.0,,,,
LV,PA,,,5786.0,PA,2900.0,2018,0.0034564958283671036,,,0.0,,,,,0.0,,,,,0.0,,,,,0.0,,,,
LV,PCTVL,For Human Rights in a United Latvia,Par cilveka tiesibam vienota Latvija,176.0,Par cilveka tiesibam vienota Latvija,264728.0,2011,0.1909499529916213,Radical left,ep_panel,0.0,,,,,0.0,,,,,0.0,,,,,0.0,,,,
LV,PLL,For a Good Latvia,Par Labu Latviju!,393.0,Par Labu Latviju!,73881.0,2010,0.07819410885006049,Conservative,manual,0.0,,,,,0.0,,,,,0.0,,,,,0.0,,,,
LV,PP,,,,PP,12929.0,2011,0.008951770721211293,,,,,,,,,,,,,,,,,,,,,,
LV,PPR,,,,PPR,9983.0,2011,0.0075166086145711285,,,,,,,,,,,,,,,,,,,,,,
LV,PROGRESIVIE,The Progressive,Progresivie,6357.0,Progresivie,22078.0,2018,0.02631466030989273,Green,ep_panel,0.0,,,,,0.0,,,,,0.0,,,,,0.0,,,,
LV,PVL,All For Latvia!,Visu Latvijai!,506.0,Visu Latvijai!,13469.0,2006,0.014937920402810357,No family,manual,0.0,,,,,0.0,,,,,0.0,,,,,0.0,,,,
LV,RL,,,,RL,9380.0,2010,0.009927596283395831,,,,,,,,,,,,,,,,,,,,,,
LV,RP,,,1476.0,RP,1059.0,2018,0.0012622169249106078,Conservative,ches_link,1.0,1900.0,2100.0,1900.0,2100.0,0.0,2100.0,2100.0,2100.0,2100.0,0.0,2100.0,2100.0,2100.0,2100.0,0.0,2100.0,2100.0,2100.0,2100.0
LV,SC,Harmony Centre,Saskanas Centrs,1056.0,Saskanas Centrs,1019221.0,2018,0.28619906762062686,Social democratic,ep_panel,0.0,,,,,0.0,,,,,0.0,,,,,0.0,,,,
LV,SDLP,Social Democratic Welfare Party,Socialdemokratiska Labklajibas partija,680.0,Socialdemokratiska Labklajibas partija,13234.0,2002,0.013364315439854016,Social democratic,manual,0.0,,,,,0.0,,,,,0.0,,,,,0.0,,,,
LV,SDS,Social Democratic Party,Socialdemokratiska partija,87.0,Socialdemokratiska partija,15162.0,2002,0.015311300491088605,Social democratic,manual,0.0,,,,,0.0,,,,,0.0,,,,,0.0,,,,
LV,SLC,Latvian Way,Latvijas Cels,1043.0,Latvijas Cels,48432.0,2002,0.04890891078910456,Liberal,ep_panel,0.0,,,,,0.0,,,,,0.0,,,,,0.0,,,,
LV,SUVERENITATE,,,,SUVERENITATE,1033.0,2014,0.0011394999437420164,,,,,,,,,,,,,,,,,,,,,,
LV,TK,,,,TK,6575.0,2011,0.004235633297030929,,,,,,,,,,,,,,,,,,,,,,
LV,TP,People's Party,Tautas Partija,1755.0,Tautas Partija,342727.0,2006,0.1968369627300605,Conservative,ep_panel,0.0,,,,,0.0,,,,,0.0,,,,,0.0,,,,
LV,VA-TB/LNNK,For Fatherland and Freedom / LNNK,Tevzemei un Brivibai / LNNK,1704.0,Tevzemei un Brivibai / LNNK,116385.0,2006,0.06985853947974026,Radical right,ep_panel,0.0,,,,,0.0,,,,,0.0,,,,,0.0,,,,
LV,VIENOTIBA,Unity,Vienotiba,852.0,Vienotiba,730069.0,2018,0.31902616419058866,Liberal,ep_panel,0.0,,,,,0.0,,,,,0.0,,,,,0.0,,,,
LV,VL,United for Latvia,Vienoti Latvijai,3195.0,Vienoti Latvijai,10788.0,2014,0.011900218192728821,No family,manual,0.0,,,,,0.0,,,,,0.0,,,,,0.0,,,,
LV,ZRP,Zatlers' Reform Party,Zatlera Reformu partija,1476.0,Zatlera Reformu partija,190856.0,2011,0.21014430519679284,Conservative,ches_link,1.0,1900.0,2100.0,1900.0,2100.0,0.0,2100.0,2100.0,2100.0,2100.0,0.0,2100.0,2100.0,2100.0,2100.0,0.0,2100.0,2100.0,2100.0,2100.0
LV,ZZS,Green and Farmers' Union,Zalo un Zemnieku savieniba,701.0,Zalo un Zemnieku savieniba,809220.0,2018,0.2011184950695408,Green,ep_panel,0.0,,,,,0.0,,,,,0.0,,,,,0.0,,,,
LV,,,"""APVIENOTAIS SARAKSTS - Latvijas Zaļā partija, Latvijas Reģionu Apvienība, Liepājas partija""",,"""APVIENOTAIS SARAKSTS - Latvijas Zaļā partija, Latvijas Reģionu Apvienība, Liepājas partija""",100631.0,2022,0.11136194874280547,Agrarian/center,manual,0.0,,,,,0.0,,,,,0.0,,,,,0.0,,,,
LV,,,"""Apvienība Latvijai""",,"""Apvienība Latvijai""",2985.0,2022,0.0033033102820927383,,,,,,,,,,,,,,,,,,,,,,
LV,,,"""Kristīgi Progresīvā Partija""",,"""Kristīgi Progresīvā Partija""",1379.0,2022,0.001526051885764116,,,,,,,,,,,,,,,,,,,,,,
LV,,,"""Latvijas Krievu savienība""",5657.0,"""Latvijas Krievu savienība""",33203.0,2022,0.03674365537565333,Regionalist,manual,0.0,,,,,0.0,,,,,0.0,,,,,0.0,,,,
LV,,,"""PROGRESĪVIE""",6357.0,"""PROGRESĪVIE""",56327.0,2022,0.06233352035492049,Green,ep_panel,0.0,,,,,0.0,,,,,0.0,,,,,0.0,,,,
LV,,,"""SUVERĒNĀ VARA""",9138.0,"""SUVERĒNĀ VARA""",29603.0,2022,0.03275976357815455,No family,manual,0.0,,,,,0.0,,,,,0.0,,,,,0.0,,,,
LV,,,"""Saskaņa"" sociāldemokrātiskā partija",87.0,"""Saskaņa"" sociāldemokrātiskā partija",43943.0,2022,0.04862893257152469,Social democratic,manual,0.0,,,,,0.0,,,,,0.0,,,,,0.0,,,,
LV,,,Attīstībai/Par!,8393.0,Attīstībai/Par!,45452.0,2022,0.050298847216642927,Liberal,ep_panel,0.0,,,,,0.0,,,,,0.0,,,,,0.0,,,,
LV,,,Jaunā VIENOTĪBA,9089.0,Jaunā VIENOTĪBA,173425.0,2022,0.19191845416145165,Liberal,ep_panel,0.0,,,,,0.0,,,,,0.0,,,,,0.0,,,,
LV,,,Konservatīvie,,Konservatīvie,28270.0,2022,0.03128461697646959,Conservative,manual,0.0,,,,,0.0,,,,,0.0,,,,,0.0,,,,
LV,,,LATVIJA PIRMAJĀ VIETĀ,9078.0,LATVIJA PIRMAJĀ VIETĀ,57033.0,2022,0.06311480580187442,No family,ep_panel,1.0,1900.0,2100.0,1900.0,2100.0,0.0,2100.0,2100.0,2100.0,2100.0,0.0,2100.0,2100.0,2100.0,2100.0,0.0,2100.0,2100.0,2100.0,2100.0
LV,,,"Nacionālā apvienība ""Visu Latvijai!""-""Tēvzemei un Brīvībai/LNNK""",7619.0,"Nacionālā apvienība ""Visu Latvijai!""-""Tēvzemei un Brīvībai/LNNK""",84939.0,2022,0.09399660705215246,Radical right,populist_implied,0.0,2100.0,2100.0,2100.0,2100.0,1.0,1900.0,2100.0,1900.0,2100.0,0.0,2100.0,2100.0,2100.0,2100.0,1.0,1900.0,2100.0,1900.0,2100.0
LV,,,"Partija ""Vienoti Latvijai""",3195.0,"Partija ""Vienoti Latvijai""",1413.0,2022,0.001563677530518271,,,0.0,,,,,0.0,,,,,0.0,,,,,0.0,,,,
LV,,,"Politiskā partija ""KATRAM UN KATRAI""",9076.0,"Politiskā partija ""KATRAM UN KATRAI""",33578.0,2022,0.037158644104559456,No family,manual,1.0,1900.0,2100.0,1900.0,2100.0,0.0,2100.0,2100.0,2100.0,2100.0,0.0,2100.0,2100.0,2100.0,2100.0,1.0,1900.0,2100.0,1900.0,2100.0
LV,,,"Politiskā partija ""Republika""",9079.0,"Politiskā partija ""Republika""",16088.0,2022,0.017803569788377882,No family,manual,0.0,,,,,0.0,,,,,0.0,,,,,0.0,,,,
LV,,,"Politiskā partija ""Stabilitātei!""",9080.0,"Politiskā partija ""Stabilitātei!""",62168.0,2022,0.06879738479636227,Regionalist,ep_panel,0.0,,,,,0.0,,,,,0.0,,,,,0.0,,,,
LV,,,"Politiskā partija ""Tautas varas spēks""",,"Politiskā partija ""Tautas varas spēks""",10350.0,2022,0.011453688917808992,No family,manual,0.0,,,,,0.0,,,,,0.0,,,,,0.0,,,,
LV,,,TAUTAS KALPI LATVIJAI,9139.0,TAUTAS KALPI LATVIJAI,9176.0,2022,0.010154497537180224,No family,manual,0.0,,,,,0.0,,,,,0.0,,,,,0.0,,,,
LV,,,Zaļo un Zemnieku savienība,701.0,Zaļo un Zemnieku savienība,113676.0,2022,0.1257980233256865,Green,ep_panel,0.0,,,,,0.0,,,,,0.0,,,,,0.0,,,,
MT,AD,Democratic Alternative,Alternattiva Demokratika,62.0,Alternattiva Demokratika,9316.0,2013,0.018019610153294324,Green,manual,0.0,,,,,0.0,,,,,0.0,,,,,0.0,,,,
MT,MLP/PL,Malta Labour Party,Partit Laburista,808.0,Partit Laburista,614489.0,2017,0.5503548838781324,Social democratic,ep_panel,0.0,,,,,0.0,,,,,0.0,,,,,0.0,,,,
MT,OTHER,,,1849.0,OTHER,7666.0,2017,0.012853073246101106,No family,generic,0.0,,,,,0.0,,,,,0.0,,,,,0.0,,,,
MT,PN,Nationalist Party,Partit Nazzjonalista,699.0,Partit Nazzjonalista,557762.0,2017,0.5179492085765007,Conservative,ep_panel,0.0,,,,,0.0,,,,,0.0,,,,,0.0,,,,
MT,,,ABBA,,ABBA,1364.0,2022,0.004619845011651222,,,,,,,,,,,,,,,,,,,,,,
MT,,,AD + PD,,AD + PD,4747.0,2022,0.016078008995827238,Green,manual,0.0,,,,,0.0,,,,,0.0,,,,,0.0,,,,
MT,,,Kandidat Indipendenti,,Kandidat Indipendenti,1282.0,2022,0.0043421123936487295,,,,,,,,,,,,,,,,,,,,,,
MT,,,Partit Laburista,808.0,Partit Laburista,162707.0,2022,0.5510858667967268,Social democratic,ep_panel,0.0,,,,,0.0,,,,,0.0,,,,,0.0,,,,
MT,,,Partit Nazzjonalista,699.0,Partit Nazzjonalista,123233.0,2022,0.41738809407684385,Conservative,ep_panel,0.0,,,,,0.0,,,,,0.0,,,,,0.0,,,,
MT,,,Partit Popolari,,Partit Popolari,1533.0,2022,0.005192245163388067,,,,,,,,,,,,,,,,,,,,,,
MT,,,Volt Malta,,Volt Malta,382.0,2022,0.001293827561914052,,,,,,,,,,,,,,,,,,,,,,
NL,,,50PLUS,714.0,50PLUS,813803.0,2025,0.031121946509056423,No family,ep_panel,0.0,,,,,0.0,,,,,0.0,,,,,0.0,,,,
NL,,,AOV,,AOV,326401.0,1994,0.03634125311917,No family,manual,0.0,,,,,0.0,,,,,0.0,,,,,0.0,,,,
NL,,,AOV/Unie55+,,AOV/Unie55+,45994.0,1998,0.005343301361894759,,,,,,,,,,,,,,,,,,,,,,
NL,,,Ad Bos Collectief,,Ad Bos Collectief,5149.0,2006,0.0005233424026366131,,,,,,,,,,,,,,,,,,,,,,
NL,,,Algemeen Democratische Partij,,Algemeen Democratische Partij,5196.0,1994,0.0005785189114224751,,,,,,,,,,,,,,,,,,,,,,
NL,,,Alliantie Vernieuwing en Democratie,,Alliantie Vernieuwing en Democratie,990.0,2003,0.00010254312119509347,,,,,,,,,,,,,,,,,,,,,,
NL,,,Anti Europa Partij,,Anti Europa Partij,1972.0,2012,0.00020930623051154145,,,,,,,,,,,,,,,,,,,,,,
NL,,,Artikel 1,,Artikel 1,28656.0,2017,0.0027235706908969666,,,,,,,,,,,,,,,,,,,,,,
NL,,,BBB,9010.0,BBB,869542.0,2025,0.04653995743884771,Radical right,ep_panel,1.0,1900.0,2100.0,1900.0,2100.0,1.0,1900.0,2100.0,2100.0,2100.0,0.0,2100.0,2100.0,2100.0,2100.0,1.0,1900.0,2100.0,1900.0,2100.0
NL,,,BIJ1,,BIJ1,171554.0,2025,0.008353394905611591,,,,,,,,,,,,,,,,,,,,,,
NL,,,BVNL / Groep Van Haga,,BVNL / Groep Van Haga,52856.0,2023,0.005068292401809266,,,,,,,,,,,,,,,,,,,,,,
NL,,,Belang Van Nederland (BVNL),9106.0,Belang Van Nederland (BVNL),18460.0,2025,0.0017467443939535015,,,0.0,,,,,0.0,,,,,0.0,,,,,0.0,,,,
NL,,,Blanco (lijst 30),,Blanco (lijst 30),8277.0,2021,0.0007944325033751624,,,,,,,,,,,,,,,,,,,,,,
NL,,,CD,1472.0,CD,272960.0,1998,0.024576365164343462,Radical right,ep_panel,1.0,1900.0,2100.0,1900.0,2100.0,1.0,1900.0,2100.0,1900.0,2100.0,0.0,2100.0,2100.0,2100.0,2100.0,1.0,1900.0,2100.0,1900.0,2100.0
NL,,,CDA,1157.0,CDA,15489384.0,2025,0.28623824703052214,Christian democratic,ep_panel,0.0,,,,,0.0,,,,,0.0,,,,,0.0,,,,
NL,,,CODE ORANJE,,CODE ORANJE,40720.0,2021,0.003908335331332199,,,,,,,,,,,,,,,,,,,,,,
NL,,,CP86,,CP86,32327.0,1994,0.0035992649825932164,,,,,,,,,,,,,,,,,,,,,,
NL,,,CU,1459.0,CU,836616.0,2006,0.039737940535333846,Confessional/agrarian/other,ep_panel,0.0,,,,,0.0,,,,,0.0,,,,,0.0,,,,
NL,,,Christen Democratisch Appèl (CDA),1157.0,Christen Democratisch Appèl (CDA),2083078.0,2012,0.13613911043552354,Christian democratic,ep_panel,0.0,,,,,0.0,,,,,0.0,,,,,0.0,,,,
NL,,,ChristenUnie,1459.0,ChristenUnie,1719858.0,2025,0.03386176966324706,Confessional/agrarian/other,ep_panel,0.0,,,,,0.0,,,,,0.0,,,,,0.0,,,,
NL,,,Continue Directe Democratie Partij,,Continue Directe Democratie Partij,559.0,2006,5.681654749929437e-05,,,,,,,,,,,,,,,,,,,,,,
NL,,,D66,45.0,D66,7245930.0,2025,0.16935093779167604,Liberal,ep_panel,0.0,,,,,0.0,,,,,0.0,,,,,0.0,,,,
NL,,,DE FEESTPARTIJ (DFP),,DE FEESTPARTIJ (DFP),3744.0,2021,0.000359351853647047,,,,,,,,,,,,,,,,,,,,,,
NL,,,DE LINIE,,DE LINIE,3478.0,2025,0.0003290995125769381,,,,,,,,,,,,,,,,,,,,,,
NL,,,DENK,5856.0,DENK,924472.0,2025,0.02368939288993656,No family,ep_panel,0.0,,,,,0.0,,,,,0.0,,,,,0.0,,,,
NL,,,De Burger Beweging,,De Burger Beweging,5230.0,2017,0.0004970782633092943,,,,,,,,,,,,,,,,,,,,,,
NL,,,De Conservatieven.nl,5686.0,De Conservatieven.nl,2521.0,2003,0.00026112243286144506,,,0.0,,,,,0.0,,,,,0.0,,,,,0.0,,,,
NL,,,De Groenen,1533.0,De Groenen,30606.0,2021,0.001926743772818728,,,0.0,,,,,0.0,,,,,0.0,,,,,0.0,,,,
NL,,,De Nieuwe Partij,,De Nieuwe Partij,6825.0,1994,0.0007598906024746714,,,,,,,,,,,,,,,,,,,,,,
NL,,,Democraten 66 (D66),45.0,Democraten 66 (D66),2698742.0,2017,0.12240908647660093,Liberal,ep_panel,0.0,,,,,0.0,,,,,0.0,,,,,0.0,,,,
NL,,,Democratisch Politiek Keerpunt DPK,,Democratisch Politiek Keerpunt DPK,7358.0,2012,0.0007809712191196359,,,,,,,,,,,,,,,,,,,,,,
NL,,,Duurzaam Nederland,,Duurzaam Nederland,16329.0,2003,0.0009533580769995049,,,,,,,,,,,,,,,,,,,,,,
NL,,,ELLECT,,ELLECT,205.0,2025,1.9397757354304864e-05,,,,,,,,,,,,,,,,,,,,,,
NL,,,ETnNL,,ETnNL,62829.0,2006,0.006385915675909062,,,,,,,,,,,,,,,,,,,,,,
NL,,,Evangelische Partij Nederland,,Evangelische Partij Nederland,924.0,2010,9.813083069978433e-05,,,,,,,,,,,,,,,,,,,,,,
NL,,,FNP,,FNP,9326.0,2025,0.0008824560248109618,,,,,,,,,,,,,,,,,,,,,,
NL,,,Fortuyn,,Fortuyn,20956.0,2006,0.0021299598736944773,,,,,,,,,,,,,,,,,,,,,,
NL,,,Forum voor Democratie,5855.0,Forum voor Democratie,1423383.0,2025,0.05019235498127512,Radical right,ep_panel,1.0,1900.0,2100.0,1900.0,2100.0,1.0,1900.0,2100.0,1900.0,2100.0,0.0,2100.0,2100.0,2100.0,2100.0,1.0,1900.0,2100.0,1900.0,2100.0
NL,,,GL,1537.0,GL,2546915.0,2006,0.0727211302974853,Green,ep_panel,0.0,,,,,0.0,,,,,0.0,,,,,0.0,,,,
NL,,,GPV,1602.0,GPV,227882.0,1998,0.013266966213872073,Confessional/agrarian/other,ches_link,0.0,,,,,0.0,,,,,0.0,,,,,0.0,,,,
NL,,,GROENLINKS,1537.0,GROENLINKS,2345437.0,2021,0.0912785860394952,Green,ep_panel,0.0,,,,,0.0,,,,,0.0,,,,,0.0,,,,
NL,,,GROENLINKS / Partij van de Arbeid (PvdA),,GROENLINKS / Partij van de Arbeid (PvdA),2994181.0,2025,0.15749937264827005,Social democratic,manual,0.0,,,,,0.0,,,,,0.0,,,,,0.0,,,,
NL,,,GeenPeil,,GeenPeil,4952.0,2017,0.00047065613000145796,,,,,,,,,,,,,,,,,,,,,,
NL,,,Groen Vrij Internet Partij,,Groen Vrij Internet Partij,2297.0,2006,0.0002334662068083706,,,,,,,,,,,,,,,,,,,,,,
NL,,,Heel NL,,Heel NL,1255.0,2010,0.00013328375814743436,,,,,,,,,,,,,,,,,,,,,,
NL,,,Het Kiezers Collectief,,Het Kiezers Collectief,1668.0,1998,0.00019377802912641775,,,,,,,,,,,,,,,,,,,,,,
NL,,,Idealisten/Jij,,Idealisten/Jij,2500.0,1998,0.0002904346959328803,,,,,,,,,,,,,,,,,,,,,,
NL,,,JA21,9011.0,JA21,946327.0,2025,0.05946179077067952,Radical right,ep_panel,1.0,1900.0,2100.0,1900.0,2100.0,1.0,1900.0,2100.0,1900.0,2100.0,0.0,2100.0,2100.0,2100.0,2100.0,1.0,1900.0,2100.0,1900.0,2100.0
NL,,,JEZUS LEEFT,,JEZUS LEEFT,8114.0,2021,0.00048134336165596707,,,,,,,,,,,,,,,,,,,,,,
NL,,,JONG,,JONG,15297.0,2021,0.0014682172289633756,,,,,,,,,,,,,,,,,,,,,,
NL,,,Katholiek Politieke Partij,,Katholiek Politieke Partij,8233.0,1998,0.0009564595406461614,,,,,,,,,,,,,,,,,,,,,,
NL,,,LEF - Voor de Nieuwe Generatie,,LEF - Voor de Nieuwe Generatie,5122.0,2023,0.0004911418511061575,,,,,,,,,,,,,,,,,,,,,,
NL,,,LN,1420.0,LN,191949.0,2003,0.016109099191340164,No family,manual,1.0,1900.0,2100.0,1900.0,2100.0,0.0,2100.0,2100.0,2100.0,2100.0,0.0,2100.0,2100.0,2100.0,2100.0,1.0,1900.0,2100.0,1900.0,2100.0
NL,,,LP (Libertaire Partij),,LP (Libertaire Partij),17941.0,2025,0.0007804522080893001,,,,,,,,,,,,,,,,,,,,,,
NL,,,LPF,1528.0,LPF,2164776.0,2003,0.16995844293407789,Radical right,ep_panel,1.0,1900.0,2100.0,1900.0,2100.0,0.0,2100.0,2100.0,2100.0,2100.0,0.0,2100.0,2100.0,2100.0,2100.0,1.0,1900.0,2100.0,1900.0,2100.0
NL,,,LRVP - het Zeteltje,,LRVP - het Zeteltje,185.0,2006,1.8803329673290623e-05,,,,,,,,,,,,,,,,,,,,,,
NL,,,Liberaal Democratische Partij,,Liberaal Democratische Partij,2276.0,2006,0.00023133177479140246,,,,,,,,,,,,,,,,,,,,,,
NL,,,Liberaal Democratische Partij (LibDem),,Liberaal Democratische Partij (LibDem),2126.0,2012,0.00022565164607887277,,,,,,,,,,,,,,,,,,,,,,
NL,,,Libertarische Partij,,Libertarische Partij,2754.0,1994,0.0003066283837678015,,,,,,,,,,,,,,,,,,,,,,
NL,,,Libertarische Partij (LP),,Libertarische Partij (LP),5651.0,2017,0.0004411139421936949,,,,,,,,,,,,,,,,,,,,,,
NL,,,Lijst 17,,Lijst 17,7456.0,2010,0.0007918435862528052,,,,,,,,,,,,,,,,,,,,,,
NL,,,Lijst Henk Krol,,Lijst Henk Krol,9264.0,2021,0.0008891654840241035,,,,,,,,,,,,,,,,,,,,,,
NL,,,Lijst Poortman,,Lijst Poortman,2181.0,2006,0.0002216760109051181,,,,,,,,,,,,,,,,,,,,,,
NL,,,Lijst Potmis,,Lijst Potmis,4339.0,2006,0.0004410143105535568,,,,,,,,,,,,,,,,,,,,,,
NL,,,Lijst Ratelband,,Lijst Ratelband,9045.0,2003,0.0009368712436460812,,,,,,,,,,,,,,,,,,,,,,
NL,,,Lijst Veldhoen,,Lijst Veldhoen,296.0,2003,3.065935744822996e-05,,,,,,,,,,,,,,,,,,,,,,
NL,,,Lokaal in de Kamer,,Lokaal in de Kamer,6867.0,2017,0.0006526647101615533,,,,,,,,,,,,,,,,,,,,,,
NL,,,MenS en Spirit / Basisinkomen Partij / V-R,,MenS en Spirit / Basisinkomen Partij / V-R,726.0,2017,6.900168626434945e-05,,,,,,,,,,,,,,,,,,,,,,
NL,,,Modern Nederland,,Modern Nederland,245.0,2021,2.351527888448892e-05,,,,,,,,,,,,,,,,,,,,,,
NL,,,NIDA,,NIDA,33830.0,2021,0.003247028100662286,,,,,,,,,,,,,,,,,,,,,,
NL,,,NIEUWE WEGEN,,NIEUWE WEGEN,14372.0,2017,0.001365967265828141,,,,,,,,,,,,,,,,,,,,,,
NL,,,NL PLAN,,NL PLAN,2299.0,2025,0.00021753875198803356,,,,,,,,,,,,,,,,,,,,,,
NL,,,NLBeter,,NLBeter,8657.0,2021,0.0008309051808286554,,,,,,,,,,,,,,,,,,,,,,
NL,,,Natuurwetpartij,,Natuurwetpartij,43411.0,1998,0.0030802012479797486,,,,,,,,,,,,,,,,,,,,,,
NL,,,Nederland Lokaal,,Nederland Lokaal,2829.0,2012,0.00030026740675311904,,,,,,,,,,,,,,,,,,,,,,
NL,,,Nederland Mobiel,,Nederland Mobiel,45219.0,1998,0.005253266606155566,,,,,,,,,,,,,,,,,,,,,,
NL,,,Nederland Transparant,,Nederland Transparant,2318.0,2006,0.00023560063882533872,,,,,,,,,,,,,,,,,,,,,,
NL,,,Nederland met een PLAN,,Nederland met een PLAN,5487.0,2023,0.0005261412215969321,,,,,,,,,,,,,,,,,,,,,,
NL,,,Nederlandse Middenstands Partij,,Nederlandse Middenstands Partij,23512.0,1998,0.002731480228309553,,,,,,,,,,,,,,,,,,,,,,
NL,,,Niet Stemmers,,Niet Stemmers,6034.0,2017,0.0005734933538830366,,,,,,,,,,,,,,,,,,,,,,
NL,,,Nieuw Nederland,,Nieuw Nederland,2010.0,2010,0.00021346641743134903,,,,,,,,,,,,,,,,,,,,,,
NL,,,Nieuw Sociaal Contract,9348.0,Nieuw Sociaal Contract,1342959.0,2023,0.12877457423265798,Christian democratic,manual,0.0,,,,,0.0,,,,,0.0,,,,,0.0,,,,
NL,,,Nieuw Sociaal Contract (NSC),9348.0,Nieuw Sociaal Contract (NSC),39307.0,2025,0.0037193543820763964,Christian democratic,manual,0.0,,,,,0.0,,,,,0.0,,,,,0.0,,,,
NL,,,Nieuw Solidair Ouderen Verbond,,Nieuw Solidair Ouderen Verbond,6455.0,1998,0.000749902384898697,,,,,,,,,,,,,,,,,,,,,,
NL,,,Nieuwe Communistische Partij,,Nieuwe Communistische Partij,22104.0,2003,0.0012948758544733228,,,,,,,,,,,,,,,,,,,,,,
NL,,,Nieuwe Midden Partij,369.0,Nieuwe Midden Partij,2305.0,2002,0.00024260216024330524,,,0.0,,,,,0.0,,,,,0.0,,,,,0.0,,,,
NL,,,OPRECHT,,OPRECHT,5449.0,2021,0.0005229989985370617,,,,,,,,,,,,,,,,,,,,,,
NL,,,OndernemersPartij,,OndernemersPartij,12596.0,2017,0.0011971697523219637,,,,,,,,,,,,,,,,,,,,,,
NL,,,PSP'92,,PSP'92,7385.0,1994,0.0008222406006264393,,,,,,,,,,,,,,,,,,,,,,
NL,,,PVV,298.0,PVV,579490.0,2006,0.058899143310136126,Radical right,ep_panel,1.0,1900.0,2100.0,1900.0,2100.0,1.0,1900.0,2100.0,1900.0,2100.0,0.0,2100.0,2100.0,2100.0,2100.0,1.0,1900.0,2100.0,1900.0,2100.0
NL,,,PVV (Partij voor de Vrijheid),298.0,PVV (Partij voor de Vrijheid),9112796.0,2025,0.2349707189513153,Radical right,ep_panel,1.0,1900.0,2100.0,1900.0,2100.0,1.0,1900.0,2100.0,1900.0,2100.0,0.0,2100.0,2100.0,2100.0,2100.0,1.0,1900.0,2100.0,1900.0,2100.0
NL,,,Partij TTn,,Partij TTn,2042.0,2010,0.0002168648877586143,,,,,,,,,,,,,,,,,,,,,,
NL,,,Partij van de Arbeid (P.v.d.A.),1234.0,Partij van de Arbeid (P.v.d.A.),5385284.0,2021,0.2483779297830666,Social democratic,ep_panel,0.0,,,,,0.0,,,,,0.0,,,,,0.0,,,,
NL,,,Partij van de Eenheid,,Partij van de Eenheid,804.0,2021,7.716850703317996e-05,,,,,,,,,,,,,,,,,,,,,,
NL,,,Partij van de Toekomst,,Partij van de Toekomst,20238.0,2003,0.0014340500130768374,,,,,,,,,,,,,,,,,,,,,,
NL,,,Partij van de Toekomst (PvdT),,Partij van de Toekomst (PvdT),8194.0,2012,0.0008697034750565774,,,,,,,,,,,,,,,,,,,,,,
NL,,,Partij voor Mens en Spirit (MenS),,Partij voor Mens en Spirit (MenS),44506.0,2012,0.002782072771657522,,,,,,,,,,,,,,,,,,,,,,
NL,,,Partij voor Milieu en Recht,,Partij voor Milieu en Recht,8716.0,1994,0.000970433185519302,,,,,,,,,,,,,,,,,,,,,,
NL,,,Partij voor Nederland,,Partij voor Nederland,5010.0,2006,0.0005092144954766812,,,,,,,,,,,,,,,,,,,,,,
NL,,,Partij voor de Dieren,1467.0,Partij voor de Dieren,1493794.0,2025,0.038355723398124805,Green,ep_panel,0.0,,,,,0.0,,,,,0.0,,,,,0.0,,,,
NL,,,Partij voor de Rechtsstaat,,Partij voor de Rechtsstaat,151.0,2025,1.4288104197561144e-05,,,,,,,,,,,,,,,,,,,,,,
NL,,,Partij voor de Republiek,,Partij voor de Republiek,255.0,2021,2.447508618589663e-05,,,,,,,,,,,,,,,,,,,,,,
NL,,,PartijvdSport,,PartijvdSport,3966.0,2023,0.00038029452977099193,,,,,,,,,,,,,,,,,,,,,,
NL,,,Patriottisch Democratisch Appèl,,Patriottisch Democratisch Appèl,4845.0,1994,0.0005394388232952064,,,,,,,,,,,,,,,,,,,,,,
NL,,,Piratenpartij,,Piratenpartij,109974.0,2025,0.0033769007065734655,,,,,,,,,,,,,,,,,,,,,,
NL,,,Piratenpartij - De Groenen,1533.0,Piratenpartij - De Groenen,9107.0,2023,0.0008732582659163953,,,0.0,,,,,0.0,,,,,0.0,,,,,0.0,,,,
NL,,,Politieke Partij NXD,,Politieke Partij NXD,62.0,2012,6.580621851782744e-06,,,,,,,,,,,,,,,,,,,,,,
NL,,,Politieke Partij voor Basisinkomen,,Politieke Partij voor Basisinkomen,1038.0,2023,9.953245635458639e-05,,,,,,,,,,,,,,,,,,,,,,
NL,,,PvdA,1234.0,PvdA,10800153.0,2006,0.2898021291651385,Social democratic,ep_panel,0.0,,,,,0.0,,,,,0.0,,,,,0.0,,,,
NL,,,PvdD,1467.0,PvdD,227742.0,2006,0.01829391189857423,Green,ep_panel,0.0,,,,,0.0,,,,,0.0,,,,,0.0,,,,
NL,,,RPF,172.0,RPF,333298.0,1998,0.02028314594680375,Confessional/agrarian/other,ches_link,0.0,,,,,0.0,,,,,0.0,,,,,0.0,,,,
NL,,,Republikeinse Volkspartij,,Republikeinse Volkspartij,63.0,2002,6.630774878667345e-06,,,,,,,,,,,,,,,,,,,,,,
NL,,,SGP,1178.0,SGP,775967.0,2006,0.017842332762183822,Confessional/agrarian/other,ep_panel,0.0,,,,,0.0,,,,,0.0,,,,,0.0,,,,
NL,,,SOPN,,SOPN,12982.0,2012,0.001377897304513606,,,,,,,,,,,,,,,,,,,,,,
NL,,,SP,1363.0,SP,3223444.0,2006,0.1657541969794128,Radical left,ep_panel,1.0,1900.0,2100.0,1900.0,2002.0,0.0,2100.0,2100.0,2100.0,2100.0,1.0,1900.0,2100.0,1900.0,2002.0,1.0,1900.0,2100.0,1900.0,2100.0
NL,,,SP (Socialistische Partij),1363.0,SP (Socialistische Partij),3940763.0,2025,0.09820474742940236,Radical left,ep_panel,1.0,1900.0,2100.0,1900.0,2002.0,0.0,2100.0,2100.0,2100.0,2100.0,1.0,1900.0,2100.0,1900.0,2002.0,1.0,1900.0,2100.0,1900.0,2100.0
NL,,,Samen voor Nederland,,Samen voor Nederland,5325.0,2023,0.0005106072544202048,,,,,,,,,,,,,,,,,,,,,,
NL,,,Senioren 2000,,Senioren 2000,36157.0,1998,0.004200498920338061,,,,,,,,,,,,,,,,,,,,,,
NL,,,Socialistische Arbeiderspartij,,Socialistische Arbeiderspartij,4347.0,1994,0.0004839918606530984,,,,,,,,,,,,,,,,,,,,,,
NL,,,Solidair '93,,Solidair '93,7919.0,1994,0.0008816957774354466,,,,,,,,,,,,,,,,,,,,,,
NL,,,Solidariteit Boerenpartij,1110.0,Solidariteit Boerenpartij,9096.0,1994,0.001012742112836573,,,0.0,,,,,0.0,,,,,0.0,,,,,0.0,,,,
NL,,,Solide Multiculturele Partij,,Solide Multiculturele Partij,184.0,2006,1.8701690053434996e-05,,,,,,,,,,,,,,,,,,,,,,
NL,,,Splinter,,Splinter,43151.0,2023,0.002910903583709306,,,,,,,,,,,,,,,,,,,,,,
NL,,,Staatkundig Gereformeerde Partij (SGP),1178.0,Staatkundig Gereformeerde Partij (SGP),1249885.0,2025,0.022527514536017,Confessional/agrarian/other,ep_panel,0.0,,,,,0.0,,,,,0.0,,,,,0.0,,,,
NL,,,StemNL,,StemNL,528.0,2017,5.018304455589051e-05,,,,,,,,,,,,,,,,,,,,,,
NL,,,TROTS OP NEDERLAND LIJST RITA VERDONK,1656.0,TROTS OP NEDERLAND LIJST RITA VERDONK,52937.0,2010,0.00562202574107628,,,0.0,,,,,0.0,,,,,0.0,,,,,0.0,,,,
NL,,,Tamara's Open Partij,,Tamara's Open Partij,114.0,2006,1.1586916663541248e-05,,,,,,,,,,,,,,,,,,,,,,
NL,,,Trots op Nederland (TROTS),1656.0,Trots op Nederland (TROTS),13198.0,2021,0.001266753676397897,,,0.0,,,,,0.0,,,,,0.0,,,,,0.0,,,,
NL,,,U-Buntu Connected Front,,U-Buntu Connected Front,1545.0,2021,0.00014829022806749136,,,,,,,,,,,,,,,,,,,,,,
NL,,,Unie55+,,Unie55+,78147.0,1994,0.008700830902796799,,,,,,,,,,,,,,,,,,,,,,
NL,,,VIP Vooruitstrevende Integratie Partij,,VIP Vooruitstrevende Integratie Partij,1623.0,2003,0.00016810857141377444,,,,,,,,,,,,,,,,,,,,,,
NL,,,VNL (VoorNederland),,VNL (VoorNederland),38256.0,2017,0.003635989682822249,,,,,,,,,,,,,,,,,,,,,,
NL,,,VVD,828.0,VVD,20601339.0,2025,0.2658218846433972,Liberal,ep_panel,0.0,,,,,0.0,,,,,0.0,,,,,0.0,,,,
NL,,,Verenigde Senioren Partij,994.0,Verenigde Senioren Partij,51527.0,2006,0.004105291653054282,,,0.0,,,,,0.0,,,,,0.0,,,,,0.0,,,,
NL,,,Volt,7355.0,Volt,547565.0,2025,0.02422889561308555,Liberal,ep_panel,0.0,,,,,0.0,,,,,0.0,,,,,0.0,,,,
NL,,,Vrede voor Dieren,,Vrede voor Dieren,16808.0,2025,0.001590426856639786,,,,,,,,,,,,,,,,,,,,,,
NL,,,Vrij Verbond,,Vrij Verbond,1048.0,2025,9.916512052347072e-05,,,,,,,,,,,,,,,,,,,,,,
NL,,,Vrij en Sociaal Nederland,,Vrij en Sociaal Nederland,942.0,2021,9.041384779260637e-05,,,,,,,,,,,,,,,,,,,,,,
NL,,,Vrije Democratische Partij (VDP),,Vrije Democratische Partij (VDP),177.0,2017,1.6822725163622387e-05,,,,,,,,,,,,,,,,,,,,,,
NL,,,Vrije Indische Partij,,Vrije Indische Partij,24455.0,1998,0.001918375835991002,,,,,,,,,,,,,,,,,,,,,,
NL,,,Vrije Indische Partij & OuderenUnie,,Vrije Indische Partij & OuderenUnie,10033.0,2002,0.0010559772120264995,,,,,,,,,,,,,,,,,,,,,,
NL,,,Vrijzinnige Partij,,Vrijzinnige Partij,2939.0,2017,0.0002793332726321254,,,,,,,,,,,,,,,,,,,,,,
NL,,,Wij zijn Nederland,,Wij zijn Nederland,553.0,2021,5.307734376784642e-05,,,,,,,,,,,,,,,,,,,,,,
NO,A,Teetotaler Party,Avholdspartiet,4073.0,Avholdspartiet,1675716.0,2017,0.3084485384317297,No family,manual,0.0,,,,,0.0,,,,,0.0,,,,,0.0,,,,
NO,A,,Arbeiderpartiet,448.0,Arbeiderpartiet,902296.0,2025,0.2802258960560119,Social democratic,manual,0.0,,,,,0.0,,,,,0.0,,,,,0.0,,,,
NO,DEMN,,Norgesdemokratene,9012.0,Norgesdemokratene,23260.0,2025,0.007223853748950274,Radical right,manual,0.0,,,,,1.0,1900.0,2100.0,1900.0,2100.0,0.0,,,,,0.0,,,,
NO,DNA,Norwegian Labour Party,Det norske Arbeiderparti,448.0,Det norske Arbeiderparti,4237223.0,2009,0.3691075647789617,Social democratic,manual,0.0,,,,,0.0,,,,,0.0,,,,,0.0,,,,
NO,DNI,,Partiet DNI,,Partiet DNI,5280.0,2025,0.0016398085896155395,,,,,,,,,,,,,,,,,,,,,,
NO,DPP,,,,DPP,5072.0,2001,0.002011245846253896,,,,,,,,,,,,,,,,,,,,,,
NO,ENSOM,,Ensomhetspartiet,,Ensomhetspartiet,712.0,2025,0.0002211257037511864,,,,,,,,,,,,,,,,,,,,,,
NO,FRED,,Fred og Rettferdighet (FOR),,Fred og Rettferdighet (FOR),9430.0,2025,0.0029286732954686623,,,,,,,,,,,,,,,,,,,,,,
NO,FRP,Progress Party,Fremskrittspartiet,101.0,Fremskrittspartiet,3023963.0,2017,0.22912382594525407,Radical right,populist_implied,1.0,1900.0,2100.0,1900.0,2100.0,1.0,1900.0,2100.0,2100.0,2100.0,0.0,2100.0,2100.0,2100.0,2100.0,1.0,1900.0,2100.0,1900.0,2100.0
NO,FRP,,Fremskrittspartiet,101.0,Fremskrittspartiet,767903.0,2025,0.23848748776354953,Radical right,populist_implied,1.0,1900.0,2100.0,1900.0,2100.0,1.0,1900.0,2100.0,2100.0,2100.0,0.0,2100.0,2100.0,2100.0,2100.0,1.0,1900.0,2100.0,1900.0,2100.0
NO,GENP,,Generasjonspartiet,,Generasjonspartiet,21589.0,2025,0.006704891598713993,,,,,,,,,,,,,,,,,,,,,,
NO,H,Conservative Party,Hoyre,503.0,Hoyre,3652199.0,2017,0.26806213899787346,Conservative,manual,0.0,,,,,0.0,,,,,0.0,,,,,0.0,,,,
NO,H,,Høyre,503.0,Høyre,471602.0,2025,0.14646534289391433,Conservative,manual,0.0,,,,,0.0,,,,,0.0,,,,,0.0,,,,
NO,HELSE,,Velferd og Innovasjonspartiet,,Velferd og Innovasjonspartiet,4932.0,2025,0.0015317302962090608,,,,,,,,,,,,,,,,,,,,,,
NO,INP,,Industri- og Næringspartiet,,Industri- og Næringspartiet,18771.0,2025,0.005829705877968426,No family,manual,0.0,,,,,0.0,,,,,0.0,,,,,0.0,,,,
NO,KRF,Christian Democratic Party,Kristelig Folkeparti,705.0,Kristelig Folkeparti,1468711.0,2017,0.13663312773468836,Christian democratic,manual,0.0,,,,,0.0,,,,,0.0,,,,,0.0,,,,
NO,KRF,,Kristelig Folkeparti,705.0,Kristelig Folkeparti,135230.0,2025,0.04199835522229345,Christian democratic,manual,0.0,,,,,0.0,,,,,0.0,,,,,0.0,,,,
NO,KRISTNE,,Konservativt,,Konservativt,15507.0,2025,0.004816006022569729,Christian democratic,manual,0.0,,,,,0.0,,,,,0.0,,,,,0.0,,,,
NO,KRISTNE,,,,KRISTNE,5388.0,2013,0.001899839529144448,,,,,,,,,,,,,,,,,,,,,,
NO,KYST,Coastal Party,Kystpartiet,677.0,Kystpartiet,57538.0,2013,0.017451681721930987,Agrarian/center,manual,1.0,1900.0,2100.0,1900.0,2100.0,0.0,2100.0,2100.0,2100.0,2100.0,0.0,2100.0,2100.0,2100.0,2100.0,1.0,1900.0,2100.0,1900.0,2100.0
NO,MDG,Green Party,Miljopartiet De Gronne,1963.0,Miljopartiet De Gronne,173940.0,2017,0.03238582551260132,Green,manual,0.0,,,,,0.0,,,,,0.0,,,,,0.0,,,,
NO,MDG,,Miljøpartiet De Grønne,1963.0,Miljøpartiet De Grønne,152782.0,2025,0.047449476503530555,Green,manual,0.0,,,,,0.0,,,,,0.0,,,,,0.0,,,,
NO,NKP,,Norges Kommunistiske Parti,1079.0,Norges Kommunistiske Parti,50.0,2025,1.5528490431965334e-05,,,0.0,,,,,0.0,,,,,0.0,,,,,0.0,,,,
NO,NORDMORSLISTA,,,,NORDMORSLISTA,2135.0,2017,0.0007294566555830255,,,,,,,,,,,,,,,,,,,,,,
NO,OTHER,,,1886.0,OTHER,285479.0,2017,0.01984241539840274,No family,generic,0.0,,,,,0.0,,,,,0.0,,,,,0.0,,,,
NO,PASF,,Pasientfokus,,Pasientfokus,4174.0,2025,0.0012963183812604662,,,,,,,,,,,,,,,,,,,,,,
NO,PP,,Pensjonistpartiet,317.0,Pensjonistpartiet,26839.0,2025,0.008335383094070352,No family,manual,0.0,,,,,0.0,,,,,0.0,,,,,0.0,,,,
NO,PP,,,317.0,PP,47013.0,2017,0.010493718594495662,No family,manual,0.0,,,,,0.0,,,,,0.0,,,,,0.0,,,,
NO,PS,,Partiet Sentrum,,Partiet Sentrum,5701.0,2025,0.0017705584790526875,,,,,,,,,,,,,,,,,,,,,,
NO,R,Red Party,Rodt,3698.0,Rodt,36219.0,2009,0.013499928994823891,Radical left,manual,1.0,2012.0,2100.0,2100.0,2100.0,0.0,2100.0,2100.0,2100.0,2100.0,1.0,1900.0,2100.0,1900.0,2100.0,1.0,1900.0,2100.0,1900.0,2100.0
NO,RODT,Red Party,Rodt,3698.0,Rodt,101273.0,2017,0.024094961248255796,Radical left,manual,1.0,2012.0,2100.0,2100.0,2100.0,0.0,2100.0,2100.0,2100.0,2100.0,1.0,1900.0,2100.0,1900.0,2100.0,1.0,1900.0,2100.0,1900.0,2100.0
NO,RUS,,Redd Ullevål sykehus,,Redd Ullevål sykehus,2361.0,2025,0.0007332553181974031,,,,,,,,,,,,,,,,,,,,,,
NO,RV,Red Electoral Alliance,Rod Valgallianse,44.0,Rod Valgallianse,131982.0,2005,0.016737347247327082,Radical left,populist_implied,1.0,2012.0,2100.0,2100.0,2100.0,0.0,2100.0,2100.0,2100.0,2100.0,1.0,1900.0,2100.0,1900.0,2100.0,1.0,1900.0,2100.0,1900.0,2100.0
NO,RØDT,,Rødt,44.0,Rødt,171342.0,2025,0.05321365215187609,Radical left,populist_implied,1.0,2012.0,2100.0,2100.0,2100.0,0.0,2100.0,2100.0,2100.0,2100.0,1.0,1900.0,2100.0,1900.0,2100.0,1.0,1900.0,2100.0,1900.0,2100.0
NO,SJALTA,,,,SJALTA,467.0,2013,0.00016466686342064908,,,,,,,,,,,,,,,,,,,,,,
NO,SP,Centre Party,Senterpartiet,1072.0,Senterpartiet,1550741.0,2017,0.16742304572515515,Agrarian/center,manual,0.0,,,,,0.0,,,,,0.0,,,,,0.0,,,,
NO,SP,,Senterpartiet,1072.0,Senterpartiet,179994.0,2025,0.05590070213622337,Agrarian/center,manual,0.0,,,,,0.0,,,,,0.0,,,,,0.0,,,,
NO,SV,Socialist Left Party,Sosialistisk Venstreparti,719.0,Sosialistisk Venstreparti,1357912.0,2017,0.12546375236932056,Radical left,populist_implied,0.0,2100.0,2100.0,2100.0,2100.0,0.0,2100.0,2100.0,2100.0,2100.0,1.0,1900.0,2100.0,2100.0,2100.0,1.0,1900.0,2100.0,1900.0,2100.0
NO,SV,,SV - Sosialistisk Venstreparti,719.0,SV - Sosialistisk Venstreparti,181192.0,2025,0.05627276476697326,Radical left,populist_implied,0.0,2100.0,2100.0,2100.0,2100.0,0.0,2100.0,2100.0,2100.0,2100.0,1.0,1900.0,2100.0,2100.0,2100.0,1.0,1900.0,2100.0,1900.0,2100.0
NO,V,Liberal Party of Norway,Venstre,1173.0,Venstre,838990.0,2017,0.05917264503197748,Liberal,manual,0.0,,,,,0.0,,,,,0.0,,,,,0.0,,,,
NO,V,,Venstre,1173.0,Venstre,118941.0,2025,0.03693948360936778,Liberal,manual,0.0,,,,,0.0,,,,,0.0,,,,,0.0,,,,
NO,,,Alliansen - Alternativ for Norge,,Alliansen - Alternativ for Norge,2489.0,2021,0.0008287577956174728,,,,,,,,,,,,,,,,,,,,,,
NO,,,Arbeiderpartiet,448.0,Arbeiderpartiet,783394.0,2021,0.26084527301725774,Social democratic,manual,0.0,,,,,0.0,,,,,0.0,,,,,0.0,,,,
NO,,,Blank Ballot Papers,,Blank Ballot Papers,19103.0,2021,0.006360691108750737,,,,,,,,,,,,,,,,,,,,,,
NO,,,Demokratene i Norge,9012.0,Demokratene i Norge,34068.0,2021,0.01134355989598074,Radical right,manual,0.0,,,,,1.0,1900.0,2100.0,1900.0,2100.0,0.0,,,,,0.0,,,,
NO,,,Feministisk Initiativ,,Feministisk Initiativ,275.0,2021,9.156624901358178e-05,,,,,,,,,,,,,,,,,,,,,,
NO,,,Folkeaksjonen Nei til mer bompenger,,Folkeaksjonen Nei til mer bompenger,3435.0,2021,0.001143745692224194,,,,,,,,,,,,,,,,,,,,,,
NO,,,Fremskrittspartiet,101.0,Fremskrittspartiet,346474.0,2021,0.11536481658447902,Radical right,populist_implied,1.0,1900.0,2100.0,1900.0,2100.0,1.0,1900.0,2100.0,2100.0,2100.0,0.0,2100.0,2100.0,2100.0,2100.0,1.0,1900.0,2100.0,1900.0,2100.0
NO,,,Generasjonspartiet,,Generasjonspartiet,199.0,2021,6.626066746801008e-05,,,,,,,,,,,,,,,,,,,,,,
NO,,,Helsepartiet,,Helsepartiet,6490.0,2021,0.00216096347672053,,,,,,,,,,,,,,,,,,,,,,
NO,,,Høyre,503.0,Høyre,607316.0,2021,0.20221690213066337,Conservative,manual,0.0,,,,,0.0,,,,,0.0,,,,,0.0,,,,
NO,,,Industri- og Næringspartiet,,Industri- og Næringspartiet,10031.0,2021,0.003340003795837232,No family,manual,0.0,,,,,0.0,,,,,0.0,,,,,0.0,,,,
NO,,,Kristelig Folkeparti,705.0,Kristelig Folkeparti,113344.0,2021,0.03773994519343786,Christian democratic,manual,0.0,,,,,0.0,,,,,0.0,,,,,0.0,,,,
NO,,,Kystpartiet,677.0,Kystpartiet,171.0,2021,5.6937558477536305e-05,Agrarian/center,variant_harmonized,1.0,1900.0,2100.0,1900.0,2100.0,0.0,2100.0,2100.0,2100.0,2100.0,0.0,2100.0,2100.0,2100.0,2100.0,1.0,1900.0,2100.0,1900.0,2100.0
NO,,,Liberalistene,,Liberalistene,4520.0,2021,0.0015050161656050532,,,,,,,,,,,,,,,,,,,,,,
NO,,,Miljøpartiet De Grønne,1963.0,Miljøpartiet De Grønne,117647.0,2021,0.039172707264366745,Green,manual,0.0,,,,,0.0,,,,,0.0,,,,,0.0,,,,
NO,,,Norges Kommunistiske Parti,1079.0,Norges Kommunistiske Parti,301.0,2021,0.00010022342164759314,,,0.0,,,,,0.0,,,,,0.0,,,,,0.0,,,,
NO,,,Partiet De Kristne,,Partiet De Kristne,10448.0,2021,0.0034788515261596448,Christian democratic,manual,0.0,,,,,0.0,,,,,0.0,,,,,0.0,,,,
NO,,,Partiet Sentrum,,Partiet Sentrum,7836.0,2021,0.002609138644619734,,,,,,,,,,,,,,,,,,,,,,
NO,,,Pasientfokus,,Pasientfokus,4950.0,2021,0.001648192482244472,,,,,,,,,,,,,,,,,,,,,,
NO,,,Pensjonistpartiet,317.0,Pensjonistpartiet,19006.0,2021,0.006328393195462309,No family,manual,0.0,,,,,0.0,,,,,0.0,,,,,0.0,,,,
NO,,,Piratpartiet,,Piratpartiet,2308.0,2021,0.0007684905553576245,,,,,,,,,,,,,,,,,,,,,,
NO,,,Redd Naturen,,Redd Naturen,97.0,2021,3.229791328842703e-05,,,,,,,,,,,,,,,,,,,,,,
NO,,,Rødt,44.0,Rødt,140931.0,2021,0.046925538326302155,Radical left,populist_implied,1.0,2012.0,2100.0,2100.0,2100.0,0.0,2100.0,2100.0,2100.0,2100.0,1.0,1900.0,2100.0,1900.0,2100.0,1.0,1900.0,2100.0,1900.0,2100.0
NO,,,Senterpartiet,1072.0,Senterpartiet,402961.0,2021,0.13417319006822517,Agrarian/center,manual,0.0,,,,,0.0,,,,,0.0,,,,,0.0,,,,
NO,,,Sosialistisk Venstreparti,719.0,Sosialistisk Venstreparti,228063.0,2021,0.07593772163194364,Radical left,populist_implied,0.0,2100.0,2100.0,2100.0,2100.0,0.0,2100.0,2100.0,2100.0,2100.0,1.0,1900.0,2100.0,2100.0,2100.0,1.0,1900.0,2100.0,1900.0,2100.0
NO,,,Venstre,1173.0,Venstre,137433.0,2021,0.04576081563884939,Liberal,manual,0.0,,,,,0.0,,,,,0.0,,,,,0.0,,,,
PL,AWS,Solidarity Electoral Action of the Right,Akcja Wyborcza Solidarnosc Prawicy,863.0,Akcja Wyborcza Solidarnosc Prawicy,729170.0,2001,0.05601748321346159,Conservative,ess_build,0.0,,,,,0.0,,,,,0.0,,,,,0.0,,,,
PL,BS,,,,BS,144773.0,2019,0.007837976991680342,,,,,,,,,,,,,,,,,,,,,,
PL,IF,,,,IF,1662.0,2007,0.00010295993074550796,,,,,,,,,,,,,,,,,,,,,,
PL,KO,,,9122.0,KO,5060355.0,2019,0.27396645824659693,Liberal,ep_panel,0.0,,,,,0.0,,,,,0.0,,,,,0.0,,,,
PL,KORWIN,Coalition for the Renewal of the Republic  Liberty and Hope,Koalicja Odnowy Rzeczypospolitej Wolnosc i Nadzieja KORWiN,4629.0,Koalicja Odnowy Rzeczypospolitej Wolnosc i Nadzieja KORWiN,1979952.0,2019,0.06805114692396773,Radical right,ep_panel,0.0,2100.0,2100.0,2100.0,2100.0,1.0,1900.0,2100.0,1900.0,2100.0,0.0,2100.0,2100.0,2100.0,2100.0,1.0,1900.0,2100.0,1900.0,2100.0
PL,KUKIZ'15,Kukiz'15,Kukiz'15,4631.0,Kukiz'15,1339094.0,2015,0.08809440056955381,No family,ep_panel,1.0,1900.0,2100.0,1900.0,2100.0,0.0,2100.0,2100.0,2100.0,2100.0,0.0,2100.0,2100.0,2100.0,2100.0,1.0,1900.0,2100.0,1900.0,2100.0
PL,LID,Left and Democrats,Lewica i Demokraci,1588.0,Lewica i Demokraci,2122981.0,2007,0.13151743485801998,Social democratic,manual,0.0,,,,,0.0,,,,,0.0,,,,,0.0,,,,
PL,LPR,League of Polish Families,Liga Polskich Rodzin,1768.0,Liga Polskich Rodzin,2175040.0,2007,0.07969467919951219,Radical right,ep_panel,1.0,1900.0,2010.0,1900.0,2010.0,1.0,1900.0,2010.0,1900.0,2010.0,0.0,2100.0,2100.0,2100.0,2100.0,1.0,1900.0,2010.0,1900.0,2010.0
PL,LR,[Left] Together,[Lewica] Razem,4871.0,[Lewica] Razem,550349.0,2015,0.03620557276714956,Radical left,ep_panel,0.0,2100.0,2100.0,2100.0,2100.0,0.0,2100.0,2100.0,2100.0,2100.0,1.0,1900.0,2100.0,1900.0,2100.0,0.0,2100.0,2100.0,2100.0,2100.0
PL,MN,,,1439.0,MN,162440.0,2019,0.0032527123157260495,,,0.0,,,,,0.0,,,,,0.0,,,,,0.0,,,,
PL,NOWOCZESNA,Modern,Nowoczesna,4630.0,Nowoczesna,1155370.0,2015,0.07600782886492313,Liberal,ess_build,0.0,,,,,0.0,,,,,0.0,,,,,0.0,,,,
PL,NP,,,4713.0,NP,151837.0,2011,0.010566614586461342,Conservative,ep_panel,0.0,,,,,0.0,,,,,0.0,,,,,0.0,,,,
PL,OTHER,,,1852.0,OTHER,699292.0,2019,0.02254156930974301,No family,generic,0.0,,,,,0.0,,,,,0.0,,,,,0.0,,,,
PL,PC,,,1649.0,PC,12838.0,2007,0.0007953066130630753,,,0.0,,,,,0.0,,,,,0.0,,,,,0.0,,,,
PL,PD,Democratic Party,Partia Demokratyczna,1566.0,Partia Demokratyczna,289268.0,2005,0.02450488805033876,Liberal,ess_build,0.0,,,,,0.0,,,,,0.0,,,,,0.0,,,,
PL,PIS,Law and Justice,Prawo i Sprawiedliwosc,1565.0,Prawo i Sprawiedliwosc,27664472.0,2019,0.4359299128187276,Radical right,ep_panel,1.0,2005.0,2100.0,2015.0,2100.0,1.0,2005.0,2100.0,2015.0,2100.0,0.0,2100.0,2100.0,2100.0,2100.0,1.0,2005.0,2100.0,2015.0,2100.0
PL,PJKM,Platform of Janusz Korwin-Mikke,Platforma Janusza Korwin-Mikke,913.0,Platforma Janusza Korwin-Mikke,185864.0,2005,0.01574517925449121,Radical right,manual,0.0,,,,,1.0,1900.0,2100.0,1900.0,2100.0,0.0,,,,,0.0,,,,
PL,PJN,Poland is the Most Important,Polska jest Najwazniejsza,41.0,Polska jest Najwazniejsza,315393.0,2011,0.02194877582056944,Conservative,manual,0.0,,,,,0.0,,,,,0.0,,,,,0.0,,,,
PL,PO,Civic Platform,Platforma Obywatelska,1117.0,Platforma Obywatelska,20492357.0,2015,0.41512366156736236,Christian democratic,ep_panel,0.0,,,,,0.0,,,,,0.0,,,,,0.0,,,,
PL,PPP,,,3699.0,PPP,79324.0,2007,0.00491407553938428,,,0.0,,,,,0.0,,,,,0.0,,,,,0.0,,,,
PL,PSL,Polish People's (Peasants') Party,Polskie Stronnictwo Ludowe,602.0,Polskie Stronnictwo Ludowe,6987948.0,2019,0.08977839380082507,Agrarian/center,ep_panel,0.0,,,,,0.0,,,,,0.0,,,,,0.0,,,,
PL,RP,Palikot's Movement / Your Movement,Ruch Palikota / Twoj Ruch,731.0,Ruch Palikota / Twoj Ruch,1563527.0,2011,0.10017674236889056,Liberal,ess_build,0.0,,,,,0.0,,,,,0.0,,,,,0.0,,,,
PL,SDPL,Social Democracy of Poland,Socjaldemokracja Polska,1328.0,Socjaldemokracja Polska,459376.0,2005,0.03891532230669282,Social democratic,ep_panel,0.0,,,,,0.0,,,,,0.0,,,,,0.0,,,,
PL,SKUTECZNI,,,,SKUTECZNI,8273.0,2019,0.0004478983211798572,,,,,,,,,,,,,,,,,,,,,,
PL,SLD,Democratic Left Alliance,Sojusz Lewicy Demokratycznej,57.0,Sojusz Lewicy Demokratycznej,4839494.0,2019,0.1256013439656624,Social democratic,ess_build,0.0,,,,,0.0,,,,,0.0,,,,,0.0,,,,
PL,SLD-UP,Democratic Left Alliance  Labour Union,Sojusz Lewicy Demokratycznej-Unia Pracy,6183.0,Sojusz Lewicy Demokratycznej-Unia Pracy,4696921.0,2001,0.36083450124450434,Social democratic,ep_panel,0.0,,,,,0.0,,,,,0.0,,,,,0.0,,,,
PL,SLP-UP,,,,SLP-UP,644961.0,2001,0.049548242509754106,Social democratic,manual,0.0,,,,,0.0,,,,,0.0,,,,,0.0,,,,
PL,SRP,Self-Defense of the Republic Poland,Samoobrona Rzeczypospolitej Polskiej,727.0,Samoobrona Rzeczypospolitej Polskiej,2922279.0,2007,0.11413857187706859,Agrarian/center,ep_panel,1.0,1900.0,2100.0,1900.0,2100.0,0.0,2100.0,2100.0,2100.0,2100.0,0.0,2100.0,2100.0,2100.0,2100.0,1.0,1900.0,2100.0,1900.0,2100.0
PL,UW,Freedom Union,Unia Wolnosci,8268.0,Unia Wolnosci,404037.0,2001,0.031039587291190503,Liberal,manual,0.0,,,,,0.0,,,,,0.0,,,,,0.0,,,,
PL,ZDS,,,,ZDS,18668.0,2015,0.001228103680423055,,,,,,,,,,,,,,,,,,,,,,
PL,ZL,,,9091.0,ZL,1147102.0,2015,0.07546390550785555,Social democratic,manual,0.0,,,,,0.0,,,,,0.0,,,,,0.0,,,,
PL,,,KKW KOALICJA OBYWATELSKA PO .N IPL ZIELONI,1117.0,KKW KOALICJA OBYWATELSKA PO .N IPL ZIELONI,6629402.0,2023,0.3069640260347496,Christian democratic,ep_panel,0.0,,,,,0.0,,,,,0.0,,,,,0.0,,,,
PL,,,KKW TRZECIA DROGA PSL-PL2050 SZYMONA HOŁOWNI,,KKW TRZECIA DROGA PSL-PL2050 SZYMONA HOŁOWNI,3110670.0,2023,0.14403467867320682,Agrarian/center,manual,0.0,,,,,0.0,,,,,0.0,,,,,0.0,,,,
PL,,,KW ANTYPARTIA,,KW ANTYPARTIA,1156.0,2023,5.3526760648422066e-05,,,,,,,,,,,,,,,,,,,,,,
PL,,,KW BEZPARTYJNI SAMORZĄDOWCY,,KW BEZPARTYJNI SAMORZĄDOWCY,401054.0,2023,0.018570174277761475,No family,manual,0.0,,,,,0.0,,,,,0.0,,,,,0.0,,,,
PL,,,KW KONFEDERACJA WOLNOŚĆ I NIEPODLEGŁOŚĆ,9026.0,KW KONFEDERACJA WOLNOŚĆ I NIEPODLEGŁOŚĆ,1547364.0,2023,0.0716482547266306,Radical right,ep_panel,0.0,2100.0,2100.0,2100.0,2100.0,1.0,1900.0,2100.0,1900.0,2100.0,0.0,2100.0,2100.0,2100.0,2100.0,1.0,1900.0,2100.0,1900.0,2100.0
PL,,,KW NORMALNY KRAJ,,KW NORMALNY KRAJ,4606.0,2023,0.00021327358092269207,,,,,,,,,,,,,,,,,,,,,,
PL,,,KW NOWA LEWICA,9349.0,KW NOWA LEWICA,1859018.0,2023,0.08607890270511098,Social democratic,ess_build,0.0,,,,,0.0,,,,,0.0,,,,,0.0,,,,
PL,,,KW POLSKA JEST JEDNA,,KW POLSKA JEST JEDNA,351099.0,2023,0.01625708662361621,Radical right,manual,0.0,,,,,1.0,1900.0,2100.0,1900.0,2100.0,0.0,,,,,0.0,,,,
PL,,,KW PRAWO I SPRAWIEDLIWOŚĆ,1565.0,KW PRAWO I SPRAWIEDLIWOŚĆ,7640854.0,2023,0.35379771903766294,Radical right,ep_panel,1.0,2005.0,2100.0,2015.0,2100.0,1.0,2005.0,2100.0,2015.0,2100.0,0.0,2100.0,2100.0,2100.0,2100.0,1.0,2005.0,2100.0,2015.0,2100.0
PL,,,KW RUCH NAPRAWY POLSKI,,KW RUCH NAPRAWY POLSKI,823.0,2023,3.8107719734992524e-05,,,,,,,,,,,,,,,,,,,,,,
PL,,,KWW MNIEJSZOŚĆ NIEMIECKA,1439.0,KWW MNIEJSZOŚĆ NIEMIECKA,25778.0,2023,0.0011936097197188789,,,0.0,,,,,0.0,,,,,0.0,,,,,0.0,,,,
PL,,,KWW RUCHU DOBROBYTU I POKOJU,,KWW RUCHU DOBROBYTU I POKOJU,24850.0,2023,0.0011506401402364087,,,,,,,,,,,,,,,,,,,,,,
PT,A,,,7357.0,A,21066.0,2019,0.004321540147181818,,,0.0,,,,,0.0,,,,,0.0,,,,,0.0,,,,
PT,B.E.,Left Bloc,Bloco de Esquerda,1310.0,Bloco de Esquerda,2533495.0,2019,0.10612717396674819,Radical left,ep_panel,0.0,2100.0,2100.0,2100.0,2100.0,0.0,2100.0,2100.0,2100.0,2100.0,1.0,1900.0,2100.0,2100.0,2100.0,1.0,1900.0,2014.0,1900.0,2014.0
PT,BE-UDP,,,,BE-UDP,3934.0,2002,0.0007383008683011254,,,,,,,,,,,,,,,,,,,,,,
PT,CDS,,,,CDS,248784.0,1991,0.04472043794334592,Conservative,manual,0.0,,,,,0.0,,,,,0.0,,,,,0.0,,,,
PT,CDS-PP,Democratic and Social Center / People's Party,Centro Democratico e Social / Partido Popular,1308.0,Centro Democratico e Social / Partido Popular,3340182.0,2019,0.12234891981968145,Conservative,ep_panel,0.0,,,,,0.0,,,,,0.0,,,,,0.0,,,,
PT,CDS-PP.PPM,,,,CDS-PP.PPM,3654.0,2015,0.0007052267842585044,,,,,,,,,,,,,,,,,,,,,,
PT,CH,Enough,Chega,8182.0,Chega,66448.0,2019,0.013631334838124821,Radical right,ep_panel,1.0,1900.0,2100.0,1900.0,2100.0,1.0,1900.0,2100.0,1900.0,2100.0,0.0,2100.0,2100.0,2100.0,2100.0,1.0,1900.0,2100.0,1900.0,2100.0
PT,IL,,,8640.0,IL,65545.0,2019,0.013446090807321386,Liberal,ep_panel,0.0,,,,,0.0,,,,,0.0,,,,,0.0,,,,
PT,JPP,,,,JPP,15796.0,2019,0.0016735143531213716,,,,,,,,,,,,,,,,,,,,,,
PT,L,Livre,"Livre - Liberdade, Esquerda, Europa e Ecologia",3225.0,"Livre - Liberdade, Esquerda, Europa e Ecologia",55660.0,2019,0.011418253327263839,Green,ep_panel,0.0,,,,,0.0,,,,,0.0,,,,,0.0,,,,
PT,L/TDA,,,,L/TDA,19191.0,2015,0.0037038881271770547,,,,,,,,,,,,,,,,,,,,,,
PT,MPT,,,3226.0,MPT,9213.0,2015,0.0008711358467431053,Green,ep_panel,0.0,,,,,0.0,,,,,0.0,,,,,0.0,,,,
PT,OTHER,,,1853.0,OTHER,1034444.0,2019,0.03227472079539643,No family,generic,0.0,,,,,0.0,,,,,0.0,,,,,0.0,,,,
PT,PAN,Party for Animals and Nature,Partido pelos Animais e pela Natureza,97.0,Partido pelos Animais e pela Natureza,299267.0,2019,0.03422973254905838,Green,ep_panel,0.0,,,,,0.0,,,,,0.0,,,,,0.0,,,,
PT,PCP-PEV,Unitary Democratic Coalition,CDU  Coligação Democrática Unitária,284.0,CDU  Coligação Democrática Unitária,3961502.0,2019,0.09201149068901905,Radical left,ep_panel,0.0,,,,,0.0,,,,,0.0,,,,,0.0,,,,
PT,PCTP/MRPP,Communist Party of the Portuguese Workers / Reorganizative Movement of the Party of the Proletariat,Comunista dos Trabalhadores Portugueses / Movimento Reorganizativo do Partido do Proletariado,857.0,Comunista dos Trabalhadores Portugueses / Movimento Reorganizativo do Partido do Proletariado,215033.0,2019,0.011721231277846574,Radical left,manual,0.0,,,,,0.0,,,,,1.0,1900.0,2100.0,1900.0,2100.0,0.0,,,,
PT,PDA,,,,PDA,1632.0,1991,0.0002933619313281422,,,,,,,,,,,,,,,,,,,,,,
PT,PDR,Republican Democratic Party,Partido Democratico Republicano,4513.0,Partido Democratico Republicano,60998.0,2015,0.011772693865955187,Green,ep_panel,0.0,,,,,0.0,,,,,0.0,,,,,0.0,,,,
PT,PND,,,1095.0,PND,16851.0,2011,0.0015729510753512478,,,0.0,,,,,0.0,,,,,0.0,,,,,0.0,,,,
PT,PPD/PSD,Popular Democratic Party / Social Democratic Party,Partido Popular Democratico / Partido Social Democrata,1359.0,Partido Popular Democratico / Partido Social Democrata,15701103.0,2019,0.5143594553678223,Liberal,ep_panel,0.0,,,,,0.0,,,,,0.0,,,,,0.0,,,,
PT,PPD/PSD.CDS-PP,,,5939.0,PPD/PSD.CDS-PP,1981459.0,2015,0.3824241813656464,Liberal,ess_build,0.0,,,,,0.0,,,,,0.0,,,,,0.0,,,,
PT,PRD,,,1600.0,PRD,7070.0,1991,0.0012708755235845376,,,0.0,,,,,0.0,,,,,0.0,,,,,0.0,,,,
PT,PS,Socialist Party,Partido Socialista,655.0,Partido Socialista,18452160.0,2019,0.46407207005789475,Social democratic,ep_panel,0.0,,,,,0.0,,,,,0.0,,,,,0.0,,,,
PT,PSN,National Solidarity Party,Partido da Solidariedade Nacional,181.0,Partido da Solidariedade Nacional,95735.0,1991,0.017208948833149322,No family,manual,0.0,,,,,0.0,,,,,0.0,,,,,0.0,,,,
PT,PSR,Revolutionary Socialist Party,Partido Socialista Revolucionario,375.0,Partido Socialista Revolucionario,82587.0,1995,0.011517511658080917,Radical left,manual,0.0,,,,,0.0,,,,,1.0,1900.0,2100.0,1900.0,2100.0,0.0,,,,
PT,PTP,,,,PTP,4709.0,2015,0.000555313938042268,,,,,,,,,,,,,,,,,,,,,,
PT,R.I.R.,,,,R.I.R.,4778.0,2019,0.0009801727344172946,,,,,,,,,,,,,,,,,,,,,,
PT,UDP,,,896.0,UDP,10142.0,1995,0.0010413270025636813,,,0.0,,,,,0.0,,,,,0.0,,,,,0.0,,,,
PT,,,A,7357.0,A,1902.0,2022,0.00036033605599872383,,,0.0,,,,,0.0,,,,,0.0,,,,,0.0,,,,
PT,,,ADN,9817.0,ADN,188966.0,2025,0.01671706241124632,Radical right,manual,0.0,,,,,1.0,1900.0,2100.0,1900.0,2100.0,0.0,,,,,0.0,,,,
PT,,,B.E.,1310.0,B.E.,633512.0,2025,0.04578624796845027,Radical left,ep_panel,0.0,2100.0,2100.0,2100.0,2100.0,0.0,2100.0,2100.0,2100.0,2100.0,1.0,1900.0,2100.0,2100.0,2100.0,1.0,1900.0,2014.0,1900.0,2014.0
PT,,,CDS-PP,1308.0,CDS-PP,86577.0,2022,0.016402110788749483,Conservative,ep_panel,0.0,,,,,0.0,,,,,0.0,,,,,0.0,,,,
PT,,,CH,8182.0,CH,2840059.0,2025,0.2311961927996495,Radical right,ep_panel,1.0,1900.0,2100.0,1900.0,2100.0,1.0,1900.0,2100.0,1900.0,2100.0,0.0,2100.0,2100.0,2100.0,2100.0,1.0,1900.0,2100.0,1900.0,2100.0
PT,,,E,,E,19276.0,2025,0.0015129154461348154,,,,,,,,,,,,,,,,,,,,,,
PT,,,IL,8640.0,IL,910627.0,2025,0.05672127204473804,Liberal,ep_panel,0.0,,,,,0.0,,,,,0.0,,,,,0.0,,,,
PT,,,JPP,,JPP,49432.0,2025,0.003457748838168214,,,,,,,,,,,,,,,,,,,,,,
PT,,,L,3225.0,L,519514.0,2025,0.0430631125924526,Green,ep_panel,0.0,,,,,0.0,,,,,0.0,,,,,0.0,,,,
PT,,,MAS,,MAS,5986.0,2022,0.0011340544853882025,,,,,,,,,,,,,,,,,,,,,,
PT,,,MPT,3226.0,MPT,6900.0,2025,0.0012179813375477369,Green,ep_panel,0.0,,,,,0.0,,,,,0.0,,,,,0.0,,,,
PT,,,MPT.A,,MPT.A,4047.0,2024,0.0006761946565083192,,,,,,,,,,,,,,,,,,,,,,
PT,,,NC,7358.0,NC,7395.0,2025,0.0005677850472282731,,,0.0,,,,,0.0,,,,,0.0,,,,,0.0,,,,
PT,,,ND,,ND,22696.0,2025,0.0024192296593980615,,,,,,,,,,,,,,,,,,,,,,
PT,,,PAN,97.0,PAN,281681.0,2025,0.019812820897973805,Green,ep_panel,0.0,,,,,0.0,,,,,0.0,,,,,0.0,,,,
PT,,,PCP-PEV,284.0,PCP-PEV,619913.0,2025,0.0448326634972755,Radical left,ep_panel,0.0,,,,,0.0,,,,,0.0,,,,,0.0,,,,
PT,,,PCTP/MRPP,857.0,PCTP/MRPP,36354.0,2025,0.0024646768910684996,Radical left,manual,0.0,,,,,0.0,,,,,1.0,1900.0,2100.0,1900.0,2100.0,0.0,,,,
PT,,,PLS,,PLS,6336.0,2025,0.001088556923314807,,,,,,,,,,,,,,,,,,,,,,
PT,,,PPD/PSD,1359.0,PPD/PSD,1498655.0,2022,0.2839218885398357,Liberal,ep_panel,0.0,,,,,0.0,,,,,0.0,,,,,0.0,,,,
PT,,,PPD/PSD.CDS-PP,5939.0,PPD/PSD.CDS-PP,2018539.0,2025,0.32899176194689506,Liberal,ess_build,0.0,,,,,0.0,,,,,0.0,,,,,0.0,,,,
PT,,,PPD/PSD.CDS-PP.PPM,,PPD/PSD.CDS-PP.PPM,1823434.0,2025,0.29374199974168597,Liberal,manual,0.0,,,,,0.0,,,,,0.0,,,,,0.0,,,,
PT,,,PPM,1480.0,PPM,6007.0,2025,0.0009098796505484876,,,0.0,,,,,0.0,,,,,0.0,,,,,0.0,,,,
PT,,,PS,655.0,PS,5401136.0,2025,0.42562792630957147,Social democratic,ep_panel,0.0,,,,,0.0,,,,,0.0,,,,,0.0,,,,
PT,,,PTP,,PTP,6103.0,2025,0.0006136322215456712,,,,,,,,,,,,,,,,,,,,,,
PT,,,R.I.R.,,R.I.R.,61588.0,2025,0.004273259768195171,,,,,,,,,,,,,,,,,,,,,,
PT,,,VP,,VP,27284.0,2025,0.001889512159503827,,,,,,,,,,,,,,,,,,,,,,
RO,AC-MACEDONENI,,,,AC-MACEDONENI,5801.0,2004,0.0005693894429445473,,,,,,,,,,,,,,,,,,,,,,
RO,ANR,,,,ANR,33844.0,2016,0.004877752797782672,,,,,,,,,,,,,,,,,,,,,,
RO,AP,,,,AP,11208.0,2004,0.0011001063396866896,,,,,,,,,,,,,,,,,,,,,,
RO,APRPE,,,173.0,APRPE,11977.0,2008,0.0017450956793838006,,,0.0,,,,,0.0,,,,,0.0,,,,,0.0,,,,
RO,ARD,Right Romania Alliance,Alianta Romania Dreapta,5940.0,Alianta Romania Dreapta,1197589.0,2012,0.16294654580355727,Conservative,manual,0.0,,,,,0.0,,,,,0.0,,,,,0.0,,,,
RO,CRLR,,,,CRLR,8106.0,2016,0.00033411509460148925,,,,,,,,,,,,,,,,,,,,,,
RO,CROATI,,,,CROATI,1823.0,2004,0.00017893414143904668,,,,,,,,,,,,,,,,,,,,,,
RO,FCER,,,,FCER,4112.0,2008,0.0005991344605181755,,,,,,,,,,,,,,,,,,,,,,
RO,FDGR,,,2454.0,FDGR,46904.0,2016,0.0022481550651452012,Regionalist,ches_link,0.0,,,,,0.0,,,,,0.0,,,,,0.0,,,,
RO,FDR,,,,FDR,29220.0,2004,0.0028680502538940998,,,,,,,,,,,,,,,,,,,,,,
RO,INDEPENDENT,,,2894.0,INDEPENDENT,158401.0,2016,0.01106358042101965,No family,generic,0.0,,,,,0.0,,,,,0.0,,,,,0.0,,,,
RO,OTHER,,,1854.0,OTHER,1277748.0,2016,0.06919009283963085,No family,generic,0.0,,,,,0.0,,,,,0.0,,,,,0.0,,,,
RO,PALD,Alliance of Liberals and Democrats,Alianta Liberalilor si Democratilor,5662.0,Alianta Liberalilor si Democratilor,393255.0,2016,0.05667771766020638,Liberal,ep_panel,0.0,,,,,0.0,,,,,0.0,,,,,0.0,,,,
RO,PDL,Democratic Liberal Party,Partidul Democrat-Liberal,660.0,Partidul Democrat-Liberal,2217901.0,2008,0.323156838306839,Conservative,ep_panel,0.0,,,,,0.0,,,,,0.0,,,,,0.0,,,,
RO,PER,Ecologist Party of Romania,Partidul Ecologist Roman,1373.0,Partidul Ecologist Roman,126763.0,2016,0.007855548791754416,Green,manual,0.0,,,,,0.0,,,,,0.0,,,,,0.0,,,,
RO,PMP,People's Movement Party,Partidul Miscarea Populara,3210.0,Partidul Miscarea Populara,351637.0,2016,0.05067954025983647,Christian democratic,ep_panel,1.0,1900.0,2100.0,1900.0,2100.0,0.0,2100.0,2100.0,2100.0,2100.0,0.0,2100.0,2100.0,2100.0,2100.0,0.0,2100.0,2100.0,2100.0,2100.0
RO,PMR,,,1542.0,PMR,5871.0,2004,0.0005762601998840609,,,0.0,,,,,0.0,,,,,0.0,,,,,0.0,,,,
RO,PNDC,,,,PNDC,3396.0,2004,0.00033332986523697337,,,,,,,,,,,,,,,,,,,,,,
RO,PNGCD,New Generation Party -- Christian Democratic,Partidul Noua Generatie - Crestin Democrat,296.0,Partidul Noua Generatie - Crestin Democrat,383656.0,2008,0.022760844231742645,Radical right,manual,0.0,,,,,1.0,1900.0,2100.0,1900.0,2100.0,0.0,,,,,0.0,,,,
RO,PNL,National Liberal Party,Partidul National Liberal,481.0,Partidul National Liberal,2658186.0,2016,0.19948616699342114,Liberal,ep_panel,0.0,,,,,0.0,,,,,0.0,,,,,0.0,,,,
RO,PNL-PD,Justice and Truth Alliance,Alianta Dreptate si Adevar,215.0,Alianta Dreptate si Adevar,3191546.0,2004,0.31326195467538326,Liberal,manual,0.0,,,,,0.0,,,,,0.0,,,,,0.0,,,,
RO,PNTCD,Christian-Democratic National Peasants' Party,Partidul National Taranesc Crestin Democrat,1750.0,Partidul National Taranesc Crestin Democrat,188268.0,2004,0.01847919524983348,Christian democratic,manual,0.0,,,,,0.0,,,,,0.0,,,,,0.0,,,,
RO,PP,,,5449.0,PP,4225.0,2012,0.0005748626248404331,,,0.0,,,,,0.0,,,,,0.0,,,,,0.0,,,,
RO,PP-DD,People's Party  Dan Diaconescu,Partidul Poporului - Dan Diaconescu,2474.0,Partidul Poporului - Dan Diaconescu,1023239.0,2012,0.13922410825540826,No family,ches_link,1.0,1900.0,2100.0,1900.0,2100.0,0.0,2100.0,2100.0,2100.0,2100.0,0.0,2100.0,2100.0,2100.0,2100.0,0.0,2100.0,2100.0,2100.0,2100.0
RO,PPMT,,,,PPMT,47955.0,2012,0.0065248608696385725,,,,,,,,,,,,,,,,,,,,,,
RO,PR,,,,PR,8827.0,2012,0.0007721749263307626,,,,,,,,,,,,,,,,,,,,,,
RO,PRM,Greater Romania Party,Partidul Romania Mare,1305.0,Partidul Romania Mare,1697814.0,2016,0.12924394386944935,Radical right,ep_panel,1.0,1900.0,2100.0,1900.0,2100.0,1.0,1900.0,2100.0,1900.0,2100.0,0.0,2100.0,2100.0,2100.0,2100.0,1.0,1900.0,2100.0,1900.0,2100.0
RO,PRU,United Romania Party,Partidul Romania Unita,5854.0,Partidul Romania Unita,192444.0,2016,0.027735913586351746,Radical right,ep_panel,0.0,2100.0,2100.0,2100.0,2100.0,1.0,1900.0,2100.0,1900.0,2100.0,0.0,2100.0,2100.0,2100.0,2100.0,1.0,1900.0,2100.0,1900.0,2100.0
RO,PSD,Social Democratic Party,Partidul Social Democrat,120.0,Partidul Social Democrat,3194015.0,2016,0.46033611873330044,Social democratic,ep_panel,0.0,,,,,0.0,,,,,0.0,,,,,0.0,,,,
RO,PSD+PUR,National Union PSD+PUR,Uniunea Nationala PSD+PUR,1347.0,Uniunea Nationala PSD+PUR,3730352.0,2004,0.36614774129754835,Social democratic,manual,0.0,,,,,0.0,,,,,0.0,,,,,0.0,,,,
RO,PSD-PC,Alliance PSD+PC,Alliance PSD+PC,6153.0,Alliance PSD+PC,2275874.0,2008,0.33160373083592953,Social democratic,ep_panel,0.0,,,,,0.0,,,,,0.0,,,,,0.0,,,,
RO,PSU,,,,PSU,9196.0,2004,0.0009026211545109562,,,,,,,,,,,,,,,,,,,,,,
RO,PUNR,,,1451.0,PUNR,11088.0,2004,0.001088327899218952,Radical right,populist_implied,1.0,1900.0,2100.0,1900.0,2100.0,1.0,1900.0,2100.0,1900.0,2100.0,0.0,2100.0,2100.0,2100.0,2100.0,0.0,2100.0,2100.0,2100.0,2100.0
RO,PVE,,,,PVE,5421.0,2008,0.0007898608731685383,,,,,,,,,,,,,,,,,,,,,,
RO,UBB-R,,,,UBB-R,9526.0,2012,0.0004557274924308797,,,,,,,,,,,,,,,,,,,,,,
RO,UCR,,,,UCR,1090.0,2012,0.00014830775410084546,,,,,,,,,,,,,,,,,,,,,,
RO,UDMR,Democratic Union of Hungarians in Romania / Democratic Alliance of Hungarians in Romania,Uniunea Democrata Maghiara din Romania / Romaniai Magyar Demokrata Szovetseg,1105.0,Uniunea Democrata Maghiara din Romania / Romaniai Magyar Demokrata Szovetseg,1865069.0,2016,0.062467490896009635,Regionalist,ep_panel,0.0,,,,,0.0,,,,,0.0,,,,,0.0,,,,
RO,UDSCR,,,,UDSCR,4783.0,2012,0.00035959723943551977,,,,,,,,,,,,,,,,,,,,,,
RO,UDTTMR,,,,UDTTMR,13519.0,2012,0.0006431658290226574,,,,,,,,,,,,,,,,,,,,,,
RO,UNSR,Save Romania Union,Uniunea Salvati Romania,5969.0,Uniunea Salvati Romania,593693.0,2016,0.08556576326007528,Liberal,ep_panel,0.0,,,,,0.0,,,,,0.0,,,,,0.0,,,,
RO,UPR,,,,UPR,5106.0,2012,0.0003624695935088553,,,,,,,,,,,,,,,,,,,,,,
RO,USL,Social Liberal Union,Uniunea Social Liberala,5941.0,Uniunea Social Liberala,4327602.0,2012,0.5888228745525936,Social democratic,manual,0.0,,,,,0.0,,,,,0.0,,,,,0.0,,,,
RO,USR,,,5969.0,USR,9137.0,2012,0.0005263981352373052,Liberal,ep_panel,0.0,,,,,0.0,,,,,0.0,,,,,0.0,,,,
RO,UUR,,,,UUR,2176.0,2004,0.00021358238714830804,,,,,,,,,,,,,,,,,,,,,,
RO,,,ADRIAN FANACA,,ADRIAN FANACA,603.0,2024,6.526253016227426e-05,,,,,,,,,,,,,,,,,,,,,,
RO,,,ALBU ERWIN-VLAD,,ALBU ERWIN-VLAD,1895.0,2020,0.00032107983128991575,,,,,,,,,,,,,,,,,,,,,,
RO,,,ALIANȚA NAȚIONAL CREȘTINĂ,,ALIANȚA NAȚIONAL CREȘTINĂ,25781.0,2024,0.0027902707962082795,,,,,,,,,,,,,,,,,,,,,,
RO,,,ALIANȚA PENTRU UNIREA ROMÂNILOR,8983.0,ALIANȚA PENTRU UNIREA ROMÂNILOR,2200843.0,2024,0.18020380741384506,Radical right,ep_panel,1.0,1900.0,2100.0,1900.0,2100.0,1.0,1900.0,2100.0,1900.0,2100.0,0.0,2100.0,2100.0,2100.0,2100.0,1.0,1900.0,2100.0,1900.0,2100.0
RO,,,ALIANȚA RENAȘTEREA NAȚIONALĂ,,ALIANȚA RENAȘTEREA NAȚIONALĂ,21662.0,2020,0.003670306757468156,,,,,,,,,,,,,,,,,,,,,,
RO,,,ALIANȚA USR PLUS,,ALIANȚA USR PLUS,906965.0,2020,0.15367185709016276,Liberal,manual,0.0,,,,,0.0,,,,,0.0,,,,,0.0,,,,
RO,,,ALTERNATIVA DREAPTĂ,,ALTERNATIVA DREAPTĂ,2005.0,2020,0.0003397177106787763,,,,,,,,,,,,,,,,,,,,,,
RO,,,ALTERNATIVA PENTRU DEMNITATE NAȚIONALĂ,,ALTERNATIVA PENTRU DEMNITATE NAȚIONALĂ,7747.0,2024,0.000838455756496084,,,,,,,,,,,,,,,,,,,,,,
RO,,,ANDREI-IONUȚ NEȘCULESCU,,ANDREI-IONUȚ NEȘCULESCU,1177.0,2024,0.0001273863980116033,,,,,,,,,,,,,,,,,,,,,,
RO,,,ANDRIAN TIBERIU,,ANDRIAN TIBERIU,662.0,2020,0.00011216614686750619,,,,,,,,,,,,,,,,,,,,,,
RO,,,APOSTOLACHE MIHAI CRISTIAN,,APOSTOLACHE MIHAI CRISTIAN,2583.0,2020,0.0004376512951038799,,,,,,,,,,,,,,,,,,,,,,
RO,,,"ASOCIAȚIA ""LIGA ALBANEZILOR DIN ROMÂNIA""",,"ASOCIAȚIA ""LIGA ALBANEZILOR DIN ROMÂNIA""",9177.0,2024,0.000993224277444761,,,,,,,,,,,,,,,,,,,,,,
RO,,,ASOCIAȚIA ITALIENILOR DIN ROMÂNIA – RO.AS.IT.,,ASOCIAȚIA ITALIENILOR DIN ROMÂNIA – RO.AS.IT.,8296.0,2024,0.0007065450641049861,,,,,,,,,,,,,,,,,,,,,,
RO,,,ASOCIAȚIA LIGA ALBANEZILOR DIN ROMÂNIA,,ASOCIAȚIA LIGA ALBANEZILOR DIN ROMÂNIA,9031.0,2020,0.0015301698978254508,,,,,,,,,,,,,,,,,,,,,,
RO,,,ASOCIAȚIA MACEDONENILOR DIN ROMÂNIA,,ASOCIAȚIA MACEDONENILOR DIN ROMÂNIA,20943.0,2024,0.0014934621122872677,,,,,,,,,,,,,,,,,,,,,,
RO,,,"ASOCIAȚIA PARTIDA ROMILOR ""PRO-EUROPA""",173.0,"ASOCIAȚIA PARTIDA ROMILOR ""PRO-EUROPA""",13881.0,2024,0.0015023369505514576,,,0.0,,,,,0.0,,,,,0.0,,,,,0.0,,,,
RO,,,ASOCIAȚIA PARTIDA ROMILOR “PRO-EUROPA”,173.0,ASOCIAȚIA PARTIDA ROMILOR “PRO-EUROPA”,14525.0,2020,0.0024610472556654494,,,0.0,,,,,0.0,,,,,0.0,,,,,0.0,,,,
RO,,,AURELIAN-LEONARD DAN,,AURELIAN-LEONARD DAN,597.0,2024,6.461315175269938e-05,,,,,,,,,,,,,,,,,,,,,,
RO,,,BACIU VIRGIL,,BACIU VIRGIL,3572.0,2020,0.0006052227743364533,,,,,,,,,,,,,,,,,,,,,,
RO,,,BENDORFEAN TRAIAN,,BENDORFEAN TRAIAN,994.0,2020,0.00016841865556843074,,,,,,,,,,,,,,,,,,,,,,
RO,,,BLOCUL UNITĂȚII NAȚIONALE,,BLOCUL UNITĂȚII NAȚIONALE,293.0,2020,4.964453328123764e-05,,,,,,,,,,,,,,,,,,,,,,
RO,,,BOGDAN DUMITRU,,BOGDAN DUMITRU,668.0,2020,0.00011318275847053496,,,,,,,,,,,,,,,,,,,,,,
RO,,,BULAT FLORIN,,BULAT FLORIN,316.0,2020,5.354154442618121e-05,,,,,,,,,,,,,,,,,,,,,,
RO,,,CALU NECULAI,,CALU NECULAI,354.0,2020,5.9980084578696665e-05,,,,,,,,,,,,,,,,,,,,,,
RO,,,CARALICEA GHEORGHE,,CARALICEA GHEORGHE,371.0,2020,6.286048412061148e-05,,,,,,,,,,,,,,,,,,,,,,
RO,,,CIOANCA NICOLAE-ILIE,,CIOANCA NICOLAE-ILIE,2147.0,2020,0.00036377751861712355,,,,,,,,,,,,,,,,,,,,,,
RO,,,CIPRIAN-VASILE STEGARU,,CIPRIAN-VASILE STEGARU,569.0,2024,6.158271917468333e-05,,,,,,,,,,,,,,,,,,,,,,
RO,,,CLAUDIA PUIU-BARRAUD,,CLAUDIA PUIU-BARRAUD,1664.0,2024,0.0001800942789220968,,,,,,,,,,,,,,,,,,,,,,
RO,,,COMUNITATEA RUȘILOR LIPOVENI DIN ROMÂNIA,,COMUNITATEA RUȘILOR LIPOVENI DIN ROMÂNIA,12575.0,2024,0.0008719138848643307,,,,,,,,,,,,,,,,,,,,,,
RO,,,COSMIN-ALIN OLĂRAȘU,,COSMIN-ALIN OLĂRAȘU,970.0,2024,0.00010498284288127036,,,,,,,,,,,,,,,,,,,,,,
RO,,,COSTEA VLAD,,COSTEA VLAD,658.0,2020,0.00011148840579882036,,,,,,,,,,,,,,,,,,,,,,
RO,,,CRISTEA GEORGE,,CRISTEA GEORGE,135.0,2020,2.2873761068147034e-05,,,,,,,,,,,,,,,,,,,,,,
RO,,,DANIEL BODNAR,,DANIEL BODNAR,6681.0,2024,0.0007230828590616157,,,,,,,,,,,,,,,,,,,,,,
RO,,,DAVID FELICIA,,DAVID FELICIA,599.0,2020,0.00010149172503570425,,,,,,,,,,,,,,,,,,,,,,
RO,,,DORIN CURTEAN,,DORIN CURTEAN,1489.0,2024,0.00016115407530949645,,,,,,,,,,,,,,,,,,,,,,
RO,,,DREPTATE ȘI RESPECT ÎN EUROPA PENTRU TOȚI,,DREPTATE ȘI RESPECT ÎN EUROPA PENTRU TOȚI,107408.0,2024,0.011624739369269574,No family,manual,0.0,,,,,0.0,,,,,0.0,,,,,0.0,,,,
RO,,,DUMA VICTOR-SEBASTIAN,,DUMA VICTOR-SEBASTIAN,606.0,2020,0.00010267777190590446,,,,,,,,,,,,,,,,,,,,,,
RO,,,DUMITREL-VICTOR TIȚA,,DUMITREL-VICTOR TIȚA,1335.0,2024,0.00014448669613040819,,,,,,,,,,,,,,,,,,,,,,
RO,,,DUMITRU BOGDAN,,DUMITRU BOGDAN,641.0,2024,6.937526008958175e-05,,,,,,,,,,,,,,,,,,,,,,
RO,,,DUŢĂ MARIA-MIHAELA,,DUŢĂ MARIA-MIHAELA,742.0,2020,0.00012572096824122297,,,,,,,,,,,,,,,,,,,,,,
RO,,,DĂNUȚ RUSU,,DĂNUȚ RUSU,792.0,2024,8.57179500638826e-05,,,,,,,,,,,,,,,,,,,,,,
RO,,,ERICH-EDUARD MOCANU GOLLENT,,ERICH-EDUARD MOCANU GOLLENT,257.0,2024,2.7815041876790186e-05,,,,,,,,,,,,,,,,,,,,,,
RO,,,EUGEN-EDUARD DAVID,,EUGEN-EDUARD DAVID,934.0,2024,0.00010108657242382115,,,,,,,,,,,,,,,,,,,,,,
RO,,,FEDERAȚIA COMUNITĂȚILOR EVREIEȘTI DIN ROMÂNIA,,FEDERAȚIA COMUNITĂȚILOR EVREIEȘTI DIN ROMÂNIA,8782.0,2024,0.0005945483525046514,,,,,,,,,,,,,,,,,,,,,,
RO,,,FLORIN ANDREICUȚ,,FLORIN ANDREICUȚ,2872.0,2024,0.00031083579871650355,,,,,,,,,,,,,,,,,,,,,,
RO,,,FLORIN-ION MĂNEANU,,FLORIN-ION MĂNEANU,542.0,2024,5.866051633159643e-05,,,,,,,,,,,,,,,,,,,,,,
RO,,,FLORIN-MĂDĂLIN LISARU,,FLORIN-MĂDĂLIN LISARU,678.0,2024,7.33797602819601e-05,,,,,,,,,,,,,,,,,,,,,,
RO,,,FORUMUL CEHILOR DIN ROMÂNIA,,FORUMUL CEHILOR DIN ROMÂNIA,2817.0,2024,0.0003048831632954006,,,,,,,,,,,,,,,,,,,,,,
RO,,,FORUMUL DEMOCRAT AL GERMANILOR DIN ROMÂNIA,2454.0,FORUMUL DEMOCRAT AL GERMANILOR DIN ROMÂNIA,16112.0,2024,0.001284658195694006,Regionalist,ches_link,0.0,,,,,0.0,,,,,0.0,,,,,0.0,,,,
RO,,,FORȚA DREPTEI,9579.0,FORȚA DREPTEI,189535.0,2024,0.02051332280979544,Conservative,manual,0.0,,,,,0.0,,,,,0.0,,,,,0.0,,,,
RO,,,GEANINA-ELENA HAGIMĂ,,GEANINA-ELENA HAGIMĂ,1449.0,2024,0.00015682488591233068,,,,,,,,,,,,,,,,,,,,,,
RO,,,GEAPON KARANI,,GEAPON KARANI,104.0,2024,1.125589243263105e-05,,,,,,,,,,,,,,,,,,,,,,
RO,,,GEONEA IONELA-ALINA,,GEONEA IONELA-ALINA,326.0,2020,5.52358970978958e-05,,,,,,,,,,,,,,,,,,,,,,
RO,,,GEORGE-BOGDAN STOIAN,,GEORGE-BOGDAN STOIAN,795.0,2024,8.604263926867004e-05,,,,,,,,,,,,,,,,,,,,,,
RO,,,GHEORGHE-DAMIAN BACIU,,GHEORGHE-DAMIAN BACIU,1389.0,2024,0.000150331101816582,,,,,,,,,,,,,,,,,,,,,,
RO,,,GHEORGHE-SORINEL VOINEA,,GHEORGHE-SORINEL VOINEA,757.0,2024,8.192990934136254e-05,,,,,,,,,,,,,,,,,,,,,,
RO,,,HOLICOV MONICA,,HOLICOV MONICA,730.0,2020,0.00012368774503516543,,,,,,,,,,,,,,,,,,,,,,
RO,,,ICHIM COSTICĂ-ROMICĂ,,ICHIM COSTICĂ-ROMICĂ,293.0,2020,4.964453328123764e-05,,,,,,,,,,,,,,,,,,,,,,
RO,,,ILIE CIOBANU,,ILIE CIOBANU,1564.0,2024,0.0001692713054291823,,,,,,,,,,,,,,,,,,,,,,
RO,,,IOAN-SABIN SĂRMAȘ,,IOAN-SABIN SĂRMAȘ,10581.0,2024,0.00114517882528528,,,,,,,,,,,,,,,,,,,,,,
RO,,,IONEL-MARCEL ABRUDAN,,IONEL-MARCEL ABRUDAN,395.0,2024,4.275074529701216e-05,,,,,,,,,,,,,,,,,,,,,,
RO,,,IVAN ANDREI,,IVAN ANDREI,195.0,2020,3.3039877098434606e-05,,,,,,,,,,,,,,,,,,,,,,
RO,,,JALBĂ TIBERIU-MIHAI-ANTONIU,,JALBĂ TIBERIU-MIHAI-ANTONIU,748.0,2020,0.00012673757984425172,,,,,,,,,,,,,,,,,,,,,,
RO,,,JOHN-ION BANU-MUSCEL,,JOHN-ION BANU-MUSCEL,273.0,2024,2.95467176356565e-05,,,,,,,,,,,,,,,,,,,,,,
RO,,,JÁNOS-ATTILA SZŰCS,,JÁNOS-ATTILA SZŰCS,248.0,2024,2.6840974262427885e-05,,,,,,,,,,,,,,,,,,,,,,
RO,,,LAURA-MIRELA IUSEIN,,LAURA-MIRELA IUSEIN,482.0,2024,5.216673223584774e-05,,,,,,,,,,,,,,,,,,,,,,
RO,,,LIGA ACȚIUNII NAȚIONALE,,LIGA ACȚIUNII NAȚIONALE,2912.0,2024,0.0003151649881136694,,,,,,,,,,,,,,,,,,,,,,
RO,,,MARIN RENGHEA,,MARIN RENGHEA,374.0,2024,4.047792086350012e-05,,,,,,,,,,,,,,,,,,,,,,
RO,,,MARINICĂ CAZACU,,MARINICĂ CAZACU,1630.0,2024,0.00017641446793450585,,,,,,,,,,,,,,,,,,,,,,
RO,,,MARTIN CORINA,,MARTIN CORINA,1684.0,2020,0.00028532898991673783,,,,,,,,,,,,,,,,,,,,,,
RO,,,MATEI SERGIU-LUCIAN,,MATEI SERGIU-LUCIAN,590.0,2020,9.996680763116111e-05,,,,,,,,,,,,,,,,,,,,,,
RO,,,MATEI-ALEXANDRU NEGOIȚĂ,,MATEI-ALEXANDRU NEGOIȚĂ,1011.0,2024,0.00010942026201336529,,,,,,,,,,,,,,,,,,,,,,
RO,,,MIHAI TOADER,,MIHAI TOADER,530.0,2024,5.736175951244669e-05,,,,,,,,,,,,,,,,,,,,,,
RO,,,MIHAI-SORIN TÎRNOVEANU,,MIHAI-SORIN TÎRNOVEANU,694.0,2024,7.511143604082642e-05,,,,,,,,,,,,,,,,,,,,,,
RO,,,MIRCEA CIRȚ,,MIRCEA CIRȚ,3917.0,2024,0.0004239358717174598,,,,,,,,,,,,,,,,,,,,,,
RO,,,MIRCEA ION,,MIRCEA ION,549.0,2024,5.941812447610044e-05,,,,,,,,,,,,,,,,,,,,,,
RO,,,MITOŞERIU CIPRIAN OLIMPIU,,MITOŞERIU CIPRIAN OLIMPIU,507.0,2020,8.590368045592997e-05,,,,,,,,,,,,,,,,,,,,,,
RO,,,NAŞ SORIN-VALERIU,,NAŞ SORIN-VALERIU,693.0,2020,0.00011741864014982144,,,,,,,,,,,,,,,,,,,,,,
RO,,,NELU BALAȘ,,NELU BALAȘ,1107.0,2024,0.00011981031656656319,,,,,,,,,,,,,,,,,,,,,,
RO,,,NICOLAE VALERIU-CIOLAN,,NICOLAE VALERIU-CIOLAN,16343.0,2020,0.0027690805713831627,,,,,,,,,,,,,,,,,,,,,,
RO,,,OANA-MIHAELA SECARĂ,,OANA-MIHAELA SECARĂ,1677.0,2024,0.00018150126547617567,,,,,,,,,,,,,,,,,,,,,,
RO,,,OPREA GABRIEL,,OPREA GABRIEL,825.0,2020,0.0001397840954164541,,,,,,,,,,,,,,,,,,,,,,
RO,,,OVIDIU MOLDOVANU,,OVIDIU MOLDOVANU,632.0,2024,6.840119247521945e-05,,,,,,,,,,,,,,,,,,,,,,
RO,,,OVIDIUS-DRAGOȘ DINULESCU,,OVIDIUS-DRAGOȘ DINULESCU,853.0,2024,9.231996389456042e-05,,,,,,,,,,,,,,,,,,,,,,
RO,,,PAPICI MARCELA ANAMARIA,,PAPICI MARCELA ANAMARIA,2790.0,2020,0.00047272439540837206,,,,,,,,,,,,,,,,,,,,,,
RO,,,PARTIDUL COMUNIȘTILOR,,PARTIDUL COMUNIȘTILOR,213.0,2020,3.6089711907520876e-05,,,,,,,,,,,,,,,,,,,,,,
RO,,,PARTIDUL DREPTĂȚII,,PARTIDUL DREPTĂȚII,184.0,2024,1.9914271226962625e-05,,,,,,,,,,,,,,,,,,,,,,
RO,,,PARTIDUL ECOLOGIST ROMÂN,1373.0,PARTIDUL ECOLOGIST ROMÂN,100419.0,2024,0.011150196062019408,Green,manual,0.0,,,,,0.0,,,,,0.0,,,,,0.0,,,,
RO,,,PARTIDUL FORȚA NAȚIONALĂ,,PARTIDUL FORȚA NAȚIONALĂ,148.0,2020,2.5076419541376007e-05,,,,,,,,,,,,,,,,,,,,,,
RO,,,PARTIDUL MIȘCAREA POPULARĂ,3210.0,PARTIDUL MIȘCAREA POPULARĂ,284502.0,2020,0.04820467238081457,Christian democratic,ep_panel,1.0,1900.0,2100.0,1900.0,2100.0,0.0,2100.0,2100.0,2100.0,2100.0,0.0,2100.0,2100.0,2100.0,2100.0,0.0,2100.0,2100.0,2100.0,2100.0
RO,,,PARTIDUL NAȚIONAL CONSERVATOR ROMÂN,,PARTIDUL NAȚIONAL CONSERVATOR ROMÂN,45657.0,2024,0.0049414450076599595,,,,,,,,,,,,,,,,,,,,,,
RO,,,PARTIDUL NAȚIONAL LIBERAL,481.0,PARTIDUL NAȚIONAL LIBERAL,2706212.0,2024,0.25184891999419173,Liberal,ep_panel,0.0,,,,,0.0,,,,,0.0,,,,,0.0,,,,
RO,,,PARTIDUL NAȚIONAL ȚĂRĂNESC CREȘTIN DEMOCRAT,1750.0,PARTIDUL NAȚIONAL ȚĂRĂNESC CREȘTIN DEMOCRAT,270.0,2024,2.9222028430869068e-05,Christian democratic,variant_harmonized,0.0,,,,,0.0,,,,,0.0,,,,,0.0,,,,
RO,,,PARTIDUL NAȚIONAL ȚĂRĂNESC MANIU-MIHALACHE,5450.0,PARTIDUL NAȚIONAL ȚĂRĂNESC MANIU-MIHALACHE,2727.0,2020,0.0004620499735765701,,,0.0,,,,,0.0,,,,,0.0,,,,,0.0,,,,
RO,,,PARTIDUL NAȚIUNEA ROMÂNĂ,,PARTIDUL NAȚIUNEA ROMÂNĂ,1755.0,2020,0.0002973588938859114,,,,,,,,,,,,,,,,,,,,,,
RO,,,PARTIDUL NOUA DREAPTĂ,,PARTIDUL NOUA DREAPTĂ,3552.0,2020,0.0006018340689930242,,,,,,,,,,,,,,,,,,,,,,
RO,,,PARTIDUL NOUA ROMÂNIE,,PARTIDUL NOUA ROMÂNIE,28200.0,2024,0.002387851220247379,,,,,,,,,,,,,,,,,,,,,,
RO,,,PARTIDUL OAMENILOR CREDINCIOȘI,,PARTIDUL OAMENILOR CREDINCIOȘI,1143.0,2024,0.0001237065870240124,,,,,,,,,,,,,,,,,,,,,,
RO,,,PARTIDUL OAMENILOR TINERI,,PARTIDUL OAMENILOR TINERI,596698.0,2024,0.06458046637275078,Radical right,manual,1.0,1900.0,2100.0,1900.0,2100.0,1.0,1900.0,2100.0,1900.0,2100.0,0.0,2100.0,2100.0,2100.0,2100.0,1.0,1900.0,2100.0,1900.0,2100.0
RO,,,PARTIDUL PATRIA,,PARTIDUL PATRIA,391.0,2024,4.2317826357295574e-05,,,,,,,,,,,,,,,,,,,,,,
RO,,,PARTIDUL PENSIONARILOR UNIȚI,,PARTIDUL PENSIONARILOR UNIȚI,229.0,2024,2.4784609298774136e-05,,,,,,,,,,,,,,,,,,,,,,
RO,,,PARTIDUL PRO ROMÂNIA,7359.0,PARTIDUL PRO ROMÂNIA,241272.0,2020,0.040879985780992376,Social democratic,ep_panel,0.0,,,,,0.0,,,,,0.0,,,,,0.0,,,,
RO,,,PARTIDUL PUTERII UMANISTE (SOCIAL-LIBERAL),,PARTIDUL PUTERII UMANISTE (SOCIAL-LIBERAL),59465.0,2020,0.01007546816235084,Social democratic,manual,0.0,,,,,0.0,,,,,0.0,,,,,0.0,,,,
RO,,,PARTIDUL RE:START ROMÂNIA,,PARTIDUL RE:START ROMÂNIA,537.0,2020,9.098673847107376e-05,,,,,,,,,,,,,,,,,,,,,,
RO,,,PARTIDUL REPUBLICAN DIN ROMÂNIA,1457.0,PARTIDUL REPUBLICAN DIN ROMÂNIA,279.0,2024,3.019609604523137e-05,,,0.0,,,,,0.0,,,,,0.0,,,,,0.0,,,,
RO,,,PARTIDUL ROMÂNIA MARE,1305.0,PARTIDUL ROMÂNIA MARE,32655.0,2020,0.00553290864948401,Radical right,ep_panel,1.0,1900.0,2100.0,1900.0,2100.0,1.0,1900.0,2100.0,1900.0,2100.0,0.0,2100.0,2100.0,2100.0,2100.0,1.0,1900.0,2100.0,1900.0,2100.0
RO,,,PARTIDUL ROMÂNIA ÎN ACȚIUNE,,PARTIDUL ROMÂNIA ÎN ACȚIUNE,28495.0,2024,0.003084006296805978,,,,,,,,,,,,,,,,,,,,,,
RO,,,PARTIDUL S.O.S. ROMÂNIA,,PARTIDUL S.O.S. ROMÂNIA,679843.0,2024,0.07357922768343451,Radical right,manual,1.0,1900.0,2100.0,1900.0,2100.0,1.0,1900.0,2100.0,1900.0,2100.0,0.0,2100.0,2100.0,2100.0,2100.0,1.0,1900.0,2100.0,1900.0,2100.0
RO,,,PARTIDUL SOCIAL DEMOCRAT,120.0,PARTIDUL SOCIAL DEMOCRAT,3735809.0,2024,0.28902030664733525,Social democratic,ep_panel,0.0,,,,,0.0,,,,,0.0,,,,,0.0,,,,
RO,,,PARTIDUL SOCIAL DEMOCRAT AL MUNCITORILOR,120.0,PARTIDUL SOCIAL DEMOCRAT AL MUNCITORILOR,1912.0,2020,0.0003239602308318306,Social democratic,ep_panel,0.0,,,,,0.0,,,,,0.0,,,,,0.0,,,,
RO,,,PARTIDUL SOCIAL DEMOCRAT INDEPENDENT,,PARTIDUL SOCIAL DEMOCRAT INDEPENDENT,33371.0,2024,0.003611734484320488,,,,,,,,,,,,,,,,,,,,,,
RO,,,PARTIDUL SOCIAL DEMOCRAT UNIT,120.0,PARTIDUL SOCIAL DEMOCRAT UNIT,177137.0,2024,0.019171490556143905,Social democratic,ep_panel,0.0,,,,,0.0,,,,,0.0,,,,,0.0,,,,
RO,,,PARTIDUL SOCIALIST ROMÂN,1073.0,PARTIDUL SOCIALIST ROMÂN,19695.0,2020,0.003337027586941895,,,0.0,,,,,0.0,,,,,0.0,,,,,0.0,,,,
RO,,,PARTIDUL UNIUNEA GETO-DACILOR,,PARTIDUL UNIUNEA GETO-DACILOR,435.0,2024,4.707993469417795e-05,,,,,,,,,,,,,,,,,,,,,,
RO,,,PARTIDUL VERDE,7033.0,PARTIDUL VERDE,20863.0,2024,0.0034929080327396377,,,0.0,,,,,0.0,,,,,0.0,,,,,0.0,,,,
RO,,,PATRIOȚII POPORULUI ROMÂN,,PATRIOȚII POPORULUI ROMÂN,40960.0,2024,0.0044330899426977665,,,,,,,,,,,,,,,,,,,,,,
RO,,,PESCARU NICUŞOR,,PESCARU NICUŞOR,115.0,2020,1.9485055724717843e-05,,,,,,,,,,,,,,,,,,,,,,
RO,,,PETREA IONEL,,PETREA IONEL,1305.0,2020,0.00022111302365875467,,,,,,,,,,,,,,,,,,,,,,
RO,,,RADU DARIUS-CONSTANTIN,,RADU DARIUS-CONSTANTIN,4435.0,2020,0.000751445409905423,,,,,,,,,,,,,,,,,,,,,,
RO,,,RAŢIU OVIDIU-IOAN,,RAŢIU OVIDIU-IOAN,740.0,2020,0.00012538209770688005,,,,,,,,,,,,,,,,,,,,,,
RO,,,REÎNNOIM PROIECTUL EUROPEAN AL ROMÂNIEI,9580.0,REÎNNOIM PROIECTUL EUROPEAN AL ROMÂNIEI,113639.0,2024,0.012299118847613075,Liberal,manual,0.0,,,,,0.0,,,,,0.0,,,,,0.0,,,,
RO,,,RINGO DĂMUREANU,,RINGO DĂMUREANU,1084.0,2024,0.00011732103266319285,,,,,,,,,,,,,,,,,,,,,,
RO,,,ROBERTO DAN,,ROBERTO DAN,529.0,2024,5.7253529777517545e-05,,,,,,,,,,,,,,,,,,,,,,
RO,,,ROMEO BOȘNEAGU,,ROMEO BOȘNEAGU,2553.0,2024,0.0002763105132741064,,,,,,,,,,,,,,,,,,,,,,
RO,,,ROMÂNIA SOCIALISTĂ,,ROMÂNIA SOCIALISTĂ,12837.0,2024,0.0013893451072854305,,,,,,,,,,,,,,,,,,,,,,
RO,,,ROŞU GICĂ,,ROŞU GICĂ,495.0,2020,8.387045724987245e-05,,,,,,,,,,,,,,,,,,,,,,
RO,,,RĂDULESCU VIRGIL-FLORIN,,RĂDULESCU VIRGIL-FLORIN,339.0,2020,5.743855557112477e-05,,,,,,,,,,,,,,,,,,,,,,
RO,,,SILVIAN-ANDREI SPIRIDON,,SILVIAN-ANDREI SPIRIDON,877.0,2024,9.491747753285991e-05,,,,,,,,,,,,,,,,,,,,,,
RO,,,STAN DUMITRICĂ,,STAN DUMITRICĂ,249.0,2024,2.694920399735703e-05,,,,,,,,,,,,,,,,,,,,,,
RO,,,STOCHIŢĂ AUREL-CĂTĂLIN,,STOCHIŢĂ AUREL-CĂTĂLIN,375.0,2020,6.353822518929732e-05,,,,,,,,,,,,,,,,,,,,,,
RO,,,SĂNĂTATE EDUCAŢIE NATURĂ SUSTENABILITATE,,SĂNĂTATE EDUCAŢIE NATURĂ SUSTENABILITATE,275941.0,2024,0.029865021286083118,Green,manual,0.0,,,,,0.0,,,,,0.0,,,,,0.0,,,,
RO,,,TABARAC ADRIAN,,TABARAC ADRIAN,1479.0,2020,0.0002505947601465886,,,,,,,,,,,,,,,,,,,,,,
RO,,,TOM-CĂTĂLIN DRĂGAN,,TOM-CĂTĂLIN DRĂGAN,859.0,2024,9.29693423041353e-05,,,,,,,,,,,,,,,,,,,,,,
RO,,,TRĂSCĂIAN PETRU-VASILE,,TRĂSCĂIAN PETRU-VASILE,401.0,2020,6.794354213575526e-05,,,,,,,,,,,,,,,,,,,,,,
RO,,,UNIUNEA ARMENILOR DIN ROMÂNIA,,UNIUNEA ARMENILOR DIN ROMÂNIA,8566.0,2024,0.0006472427205949753,,,,,,,,,,,,,,,,,,,,,,
RO,,,UNIUNEA BULGARĂ DIN BANAT- ROMÂNIA,,UNIUNEA BULGARĂ DIN BANAT- ROMÂNIA,5087.0,2024,0.0005505646615845591,,,,,,,,,,,,,,,,,,,,,,
RO,,,UNIUNEA BULGARĂ DIN BANAT-ROMÂNIA,,UNIUNEA BULGARĂ DIN BANAT-ROMÂNIA,4853.0,2020,0.000822269351583093,,,,,,,,,,,,,,,,,,,,,,
RO,,,UNIUNEA CROAȚILOR DIN ROMÂNIA,,UNIUNEA CROAȚILOR DIN ROMÂNIA,7758.0,2024,0.0005667609686885321,,,,,,,,,,,,,,,,,,,,,,
RO,,,UNIUNEA CULTURALĂ A RUTENILOR DIN ROMÂNIA,,UNIUNEA CULTURALĂ A RUTENILOR DIN ROMÂNIA,8350.0,2024,0.0006402958746409455,,,,,,,,,,,,,,,,,,,,,,
RO,,,UNIUNEA DEMOCRATICĂ A SLOVACILOR ȘI CEHILOR DIN ROMÂNIA,,UNIUNEA DEMOCRATICĂ A SLOVACILOR ȘI CEHILOR DIN ROMÂNIA,12803.0,2024,0.000912578348985481,,,,,,,,,,,,,,,,,,,,,,
RO,,,UNIUNEA DEMOCRATĂ A TĂTARILOR TURCO-MUSULMANI DIN ROMÂNIA,,UNIUNEA DEMOCRATĂ A TĂTARILOR TURCO-MUSULMANI DIN ROMÂNIA,7767.0,2024,0.0005308668498274548,,,,,,,,,,,,,,,,,,,,,,
RO,,,UNIUNEA DEMOCRATĂ MAGHIARĂ DIN ROMÂNIA,1105.0,UNIUNEA DEMOCRATĂ MAGHIARĂ DIN ROMÂNIA,924358.0,2024,0.06334989428660641,Regionalist,ep_panel,0.0,,,,,0.0,,,,,0.0,,,,,0.0,,,,
RO,,,UNIUNEA DEMOCRATĂ TURCĂ DIN ROMÂNIA,,UNIUNEA DEMOCRATĂ TURCĂ DIN ROMÂNIA,8084.0,2024,0.0005998008457869667,,,,,,,,,,,,,,,,,,,,,,
RO,,,UNIUNEA ELENĂ DIN ROMÂNIA,,UNIUNEA ELENĂ DIN ROMÂNIA,13656.0,2024,0.0010328773886772171,,,,,,,,,,,,,,,,,,,,,,
RO,,,UNIUNEA POLONEZILOR DIN ROMÂNIA,,UNIUNEA POLONEZILOR DIN ROMÂNIA,7963.0,2024,0.0006355516871601446,,,,,,,,,,,,,,,,,,,,,,
RO,,,UNIUNEA SALVAȚI ROMÂNIA,5969.0,UNIUNEA SALVAȚI ROMÂNIA,1144382.0,2024,0.12385616051768447,Liberal,ep_panel,0.0,,,,,0.0,,,,,0.0,,,,,0.0,,,,
RO,,,UNIUNEA SÂRBILOR DIN ROMÂNIA,,UNIUNEA SÂRBILOR DIN ROMÂNIA,12654.0,2024,0.0008617251495058501,,,,,,,,,,,,,,,,,,,,,,
RO,,,UNIUNEA UCRAINENILOR DIN ROMÂNIA,,UNIUNEA UCRAINENILOR DIN ROMÂNIA,14205.0,2024,0.0009466854914252287,,,,,,,,,,,,,,,,,,,,,,
RO,,,VALENTIN SPIRU,,VALENTIN SPIRU,596.0,2024,6.450492201777024e-05,,,,,,,,,,,,,,,,,,,,,,
RO,,,VASILE AGA,,VASILE AGA,593.0,2024,6.418023281298281e-05,,,,,,,,,,,,,,,,,,,,,,
RO,,,VASILE IANCU,,VASILE IANCU,359.0,2024,3.8854474839562944e-05,,,,,,,,,,,,,,,,,,,,,,
RO,,,VASILE VLAȘIN,,VASILE VLAȘIN,8648.0,2024,0.0009359707476672434,,,,,,,,,,,,,,,,,,,,,,
RO,,,VASILE ȘTEFAN,,VASILE ȘTEFAN,820.0,2024,8.874838264189865e-05,,,,,,,,,,,,,,,,,,,,,,
RO,,,VECERDEA MARIUS-DANIEL,,VECERDEA MARIUS-DANIEL,948.0,2020,0.00016062463327854362,,,,,,,,,,,,,,,,,,,,,,
RO,,,VIRGIL PÎRVULESCU,,VIRGIL PÎRVULESCU,1721.0,2024,0.00018626337381305802,,,,,,,,,,,,,,,,,,,,,,
RO,,,ZAINEA CORNEL,,ZAINEA CORNEL,1271.0,2020,0.00021535222457492504,,,,,,,,,,,,,,,,,,,,,,
RO,,,ZAMFIR-IGNAT ŞTEFAN-COSTIN,,ZAMFIR-IGNAT ŞTEFAN-COSTIN,1218.0,2020,0.00020637215541483768,,,,,,,,,,,,,,,,,,,,,,
RO,,,ZMARANDA FLORIN,,ZMARANDA FLORIN,165.0,2020,2.7956819083290818e-05,,,,,,,,,,,,,,,,,,,,,,
RO,,,ŞERBAN DANIELA,,ŞERBAN DANIELA,1035.0,2020,0.0001753655015224606,,,,,,,,,,,,,,,,,,,,,,
RO,,,ȘTEFAN-ALEXANDRU STANCU,,ȘTEFAN-ALEXANDRU STANCU,1715.0,2024,0.00018561399540348316,,,,,,,,,,,,,,,,,,,,,,
RO,,,ȘTEFAN-LUCIAN BURLEA,,ȘTEFAN-LUCIAN BURLEA,2581.0,2024,0.0002793409458521225,,,,,,,,,,,,,,,,,,,,,,
SE,C,Centre Party,Centre Party,7415.0,Centre Party,3255148.0,2018,0.08607745426893994,Agrarian/center,manual,0.0,,,,,0.0,,,,,0.0,,,,,0.0,,,,
SE,FP,Liberal People's Party / The Liberals,Folkpartiet liberalerna / Liberalerna,1274.0,Folkpartiet liberalerna / Liberalerna,3389538.0,2018,0.13393995940573372,Liberal,ep_panel,0.0,,,,,0.0,,,,,0.0,,,,,0.0,,,,
SE,KD,Christian Democrats,Kristdemokraterna,651.0,Kristdemokraterna,3113571.0,2018,0.11749433329233291,Christian democratic,ep_panel,0.0,,,,,0.0,,,,,0.0,,,,,0.0,,,,
SE,M,General Electoral League / The Right / Right Wing Party / Moderate Party,Allmanna valmansforbundet / Hogern / Hogerpartiet / Moderata samlingspartiet,690.0,Allmanna valmansforbundet / Hogern / Hogerpartiet / Moderata samlingspartiet,10442609.0,2018,0.3006113004344669,Conservative,ep_panel,0.0,,,,,0.0,,,,,0.0,,,,,0.0,,,,
SE,MP,Greens,Miljopartiet de Grona,456.0,Miljopartiet de Grona,2390914.0,2018,0.07339011020722071,Green,ep_panel,0.0,,,,,0.0,,,,,0.0,,,,,0.0,,,,
SE,OTHER,other,other,1887.0,other,1604222.0,2018,0.07709494163609049,No family,generic,0.0,,,,,0.0,,,,,0.0,,,,,0.0,,,,
SE,SAP,Social Democrats / Social Democratic Workers' Party of Sweden,Socialdemokraterna / Sveriges Socialdemokratiska Arbetareparti,487.0,Socialdemokraterna / Sveriges Socialdemokratiska Arbetareparti,16137871.0,2018,0.4525041670116676,Social democratic,ep_panel,0.0,,,,,0.0,,,,,0.0,,,,,0.0,,,,
SE,SD,Sweden Democrats,Sverigedemokraterna,409.0,Sverigedemokraterna,2276415.0,2018,0.17533969714632008,Radical right,ep_panel,1.0,2001.0,2100.0,2001.0,2100.0,1.0,1900.0,2100.0,1900.0,2100.0,0.0,2100.0,2100.0,2100.0,2100.0,1.0,1900.0,2100.0,1900.0,2100.0
SE,VP,Left Party / Communist Party,Vansterpartiet / Sveriges Komunistiska Parti,830.0,Vansterpartiet / Sveriges Komunistiska Parti,3199318.0,2018,0.11996158254515259,Radical left,ep_panel,0.0,2100.0,2100.0,2100.0,2100.0,0.0,2100.0,2100.0,2100.0,2100.0,1.0,1900.0,2100.0,2100.0,2100.0,1.0,1900.0,2100.0,2100.0,2100.0
SE,,,ANARKISTERNA,,ANARKISTERNA,6.0,2022,9.246033721209585e-07,,,,,,,,,,,,,,,,,,,,,,
SE,,,ANDOPARTIET,,ANDOPARTIET,4.0,2022,6.16402248080639e-07,,,,,,,,,,,,,,,,,,,,,,
SE,,,Alternativ för Sverige,,Alternativ för Sverige,16552.0,2022,0.002550672502557684,,,,,,,,,,,,,,,,,,,,,,
SE,,,Arbetarepartiet-Socialdemokraterna,487.0,Arbetarepartiet-Socialdemokraterna,1949997.0,2022,0.30049563363762544,Social democratic,ep_panel,0.0,,,,,0.0,,,,,0.0,,,,,0.0,,,,
SE,,,Basinkomstpartiet,,Basinkomstpartiet,395.0,2022,6.08697219979631e-05,,,,,,,,,,,,,,,,,,,,,,
SE,,,Bjornpartiet,,Bjornpartiet,2.0,2022,3.082011240403195e-07,,,,,,,,,,,,,,,,,,,,,,
SE,,,Blank/Not Registered,,Blank/Not Registered,61408.0,2022,0.00946300731253397,,,,,,,,,,,,,,,,,,,,,,
SE,,,Blank/Not registered,,Blank/Not registered,541.0,2022,8.336840405290643e-05,,,,,,,,,,,,,,,,,,,,,,
SE,,,Centerpartiet,199.0,Centerpartiet,434436.0,2022,0.06694683176179012,Agrarian/center,ep_panel,0.0,,,,,0.0,,,,,0.0,,,,,0.0,,,,
SE,,,Common sense in Sweden,,Common sense in Sweden,10.0,2022,1.5410056202015974e-06,,,,,,,,,,,,,,,,,,,,,,
SE,,,Det minst dåliga partiet,,Det minst dåliga partiet,6.0,2022,9.246033721209585e-07,,,,,,,,,,,,,,,,,,,,,,
SE,,,Direktdemokraterna,,Direktdemokraterna,1755.0,2022,0.00027044648634538034,,,,,,,,,,,,,,,,,,,,,,
SE,,,En Vis Avskaffar Asylrätten!,,En Vis Avskaffar Asylrätten!,1.0,2022,1.5410056202015974e-07,,,,,,,,,,,,,,,,,,,,,,
SE,,,Enad Politik,,Enad Politik,1.0,2022,1.5410056202015974e-07,,,,,,,,,,,,,,,,,,,,,,
SE,,,Enhet,,Enhet,1311.0,2022,0.00020202583680842943,,,,,,,,,,,,,,,,,,,,,,
SE,,,Eropean radical reflektion a european dream party ERR,,Eropean radical reflektion a european dream party ERR,1.0,2022,1.5410056202015974e-07,,,,,,,,,,,,,,,,,,,,,,
SE,,,European Wokers' Party-EAP,,European Wokers' Party-EAP,1.0,2022,1.5410056202015974e-07,,,,,,,,,,,,,,,,,,,,,,
SE,,,Europeiska Arbetarpartiet-EAP,,Europeiska Arbetarpartiet-EAP,14.0,2022,2.1574078682822365e-06,,,,,,,,,,,,,,,,,,,,,,
SE,,,FAMILJENS FRIHET,,FAMILJENS FRIHET,17.0,2022,2.6197095543427157e-06,,,,,,,,,,,,,,,,,,,,,,
SE,,,Fattigmans parti,,Fattigmans parti,3.0,2022,4.6230168606047924e-07,,,,,,,,,,,,,,,,,,,,,,
SE,,,Feministiskt initiativ,1240.0,Feministiskt initiativ,2938.0,2022,0.00045274745121522933,No family,ep_panel,0.0,,,,,0.0,,,,,0.0,,,,,0.0,,,,
SE,,,FramtidsTro,,FramtidsTro,1.0,2022,1.5410056202015974e-07,,,,,,,,,,,,,,,,,,,,,,
SE,,,Fredspartiet,,Fredspartiet,2.0,2022,3.082011240403195e-07,,,,,,,,,,,,,,,,,,,,,,
SE,,,Fria Wermland,,Fria Wermland,6.0,2022,9.246033721209585e-07,,,,,,,,,,,,,,,,,,,,,,
SE,,,Frihetsrörelsen,,Frihetsrörelsen,7.0,2022,1.0787039341411183e-06,,,,,,,,,,,,,,,,,,,,,,
SE,,,Fritt val,,Fritt val,4.0,2022,6.16402248080639e-07,,,,,,,,,,,,,,,,,,,,,,
SE,,,Förenade Demokratiska Partiet,,Förenade Demokratiska Partiet,85.0,2022,1.3098547771713578e-05,,,,,,,,,,,,,,,,,,,,,,
SE,,,Företaget Sverige,,Företaget Sverige,2.0,2022,3.082011240403195e-07,,,,,,,,,,,,,,,,,,,,,,
SE,,,GRÖNA DEMOKRATER,,GRÖNA DEMOKRATER,4.0,2022,6.16402248080639e-07,,,,,,,,,,,,,,,,,,,,,,
SE,,,Gula västarna,,Gula västarna,1.0,2022,1.5410056202015974e-07,,,,,,,,,,,,,,,,,,,,,,
SE,,,Humanistisk demokrati (HD),,Humanistisk demokrati (HD),1.0,2022,1.5410056202015974e-07,,,,,,,,,,,,,,,,,,,,,,
SE,,,Invandrarpartiet,,Invandrarpartiet,2.0,2022,3.082011240403195e-07,,,,,,,,,,,,,,,,,,,,,,
SE,,,John Mikkonen,,John Mikkonen,3.0,2022,4.6230168606047924e-07,,,,,,,,,,,,,,,,,,,,,,
SE,,,KSP,,KSP,1.0,2022,1.5410056202015974e-07,,,,,,,,,,,,,,,,,,,,,,
SE,,,Kalle ankapartiet,,Kalle ankapartiet,143.0,2022,2.203638036888284e-05,,,,,,,,,,,,,,,,,,,,,,
SE,,,Klassiskt liberala partiet,,Klassiskt liberala partiet,341.0,2022,5.254829164887447e-05,,,,,,,,,,,,,,,,,,,,,,
SE,,,Klimatalliansen,,Klimatalliansen,1703.0,2022,0.00026243325712033204,,,,,,,,,,,,,,,,,,,,,,
SE,,,Knapptryckarna,,Knapptryckarna,5467.0,2022,0.0008424677725642133,,,,,,,,,,,,,,,,,,,,,,
SE,,,Kristdemokraterna,651.0,Kristdemokraterna,345489.0,2022,0.05324004907178297,Christian democratic,ep_panel,0.0,,,,,0.0,,,,,0.0,,,,,0.0,,,,
SE,,,Kristna Värdepartiet,,Kristna Värdepartiet,5978.0,2022,0.0009212131597565149,,,,,,,,,,,,,,,,,,,,,,
SE,,,Kärlek,,Kärlek,8.0,2022,1.232804496161278e-06,,,,,,,,,,,,,,,,,,,,,,
SE,,,Landsbygdspartiet Oberoende,,Landsbygdspartiet Oberoende,2253.0,2022,0.0003471885662314199,,,,,,,,,,,,,,,,,,,,,,
SE,,,Liberalerna (tidigare Folkpartiet),,Liberalerna (tidigare Folkpartiet),296729.0,2022,0.045726105667679984,Liberal,manual,0.0,,,,,0.0,,,,,0.0,,,,,0.0,,,,
SE,,,MITT SVERIGE,,MITT SVERIGE,20.0,2022,3.082011240403195e-06,,,,,,,,,,,,,,,,,,,,,,
SE,,,Majspartiet,,Majspartiet,2.0,2022,3.082011240403195e-07,,,,,,,,,,,,,,,,,,,,,,
SE,,,Medborgerlig Samling,1633.0,Medborgerlig Samling,12751.0,2022,0.0019649362663190567,,,0.0,,,,,0.0,,,,,0.0,,,,,0.0,,,,
SE,,,Miljöpartiet de gröna,456.0,Miljöpartiet de gröna,324976.0,2022,0.05007898424306343,Green,ep_panel,0.0,,,,,0.0,,,,,0.0,,,,,0.0,,,,
SE,,,Min röst,,Min röst,3.0,2022,4.6230168606047924e-07,,,,,,,,,,,,,,,,,,,,,,
SE,,,MoD,,MoD,6011.0,2022,0.0009262984783031803,,,,,,,,,,,,,,,,,,,,,,
SE,,,Moderaterna,,Moderaterna,1208970.0,2022,0.18630295646551254,Conservative,manual,0.0,,,,,0.0,,,,,0.0,,,,,0.0,,,,
SE,,,Monisterna,,Monisterna,1.0,2022,1.5410056202015974e-07,,,,,,,,,,,,,,,,,,,,,,
SE,,,NY REFORM (NR),,NY REFORM (NR),47.0,2022,7.242726414947508e-06,,,,,,,,,,,,,,,,,,,,,,
SE,,,Nationalsocialistiska reformistiska Partiet,,Nationalsocialistiska reformistiska Partiet,1.0,2022,1.5410056202015974e-07,,,,,,,,,,,,,,,,,,,,,,
SE,,,NaturFilosoferna,,NaturFilosoferna,1.0,2022,1.5410056202015974e-07,,,,,,,,,,,,,,,,,,,,,,
SE,,,Naturistpartiet,,Naturistpartiet,4.0,2022,6.16402248080639e-07,,,,,,,,,,,,,,,,,,,,,,
SE,,,Neoteknokraterna,,Neoteknokraterna,3.0,2022,4.6230168606047924e-07,,,,,,,,,,,,,,,,,,,,,,
SE,,,Nine to the Six,,Nine to the Six,5.0,2022,7.705028101007987e-07,,,,,,,,,,,,,,,,,,,,,,
SE,,,Nordiska motståndsrörelsen,,Nordiska motståndsrörelsen,865.0,2022,0.00013329698614743818,,,,,,,,,,,,,,,,,,,,,,
SE,,,Nu får det fan vara nog,,Nu får det fan vara nog,8.0,2022,1.232804496161278e-06,,,,,,,,,,,,,,,,,,,,,,
SE,,,Ny Demokrati,343.0,Ny Demokrati,4.0,2022,6.16402248080639e-07,Radical right,ches_link,1.0,1900.0,2100.0,1900.0,2100.0,0.0,2100.0,2100.0,2100.0,2100.0,0.0,2100.0,2100.0,2100.0,2100.0,0.0,2100.0,2100.0,2100.0,2100.0
SE,,,Nya Samhällspartiet,,Nya Samhällspartiet,1.0,2022,1.5410056202015974e-07,,,,,,,,,,,,,,,,,,,,,,
SE,,,OK,,OK,1.0,2022,1.5410056202015974e-07,,,,,,,,,,,,,,,,,,,,,,
SE,,,Ond Kyckling Partiet,,Ond Kyckling Partiet,39.0,2022,6.00992191878623e-06,,,,,,,,,,,,,,,,,,,,,,
SE,,,Partiet Folkomröstning,,Partiet Folkomröstning,3.0,2022,4.6230168606047924e-07,,,,,,,,,,,,,,,,,,,,,,
SE,,,Partiet Frihet,,Partiet Frihet,76.0,2022,1.171164271353214e-05,,,,,,,,,,,,,,,,,,,,,,
SE,,,Partiet Nyans,,Partiet Nyans,28306.0,2022,0.004361970508542642,,,,,,,,,,,,,,,,,,,,,,
SE,,,Partiet Vändpunkt,,Partiet Vändpunkt,419.0,2022,6.456813548644693e-05,,,,,,,,,,,,,,,,,,,,,,
SE,,,Pax,,Pax,5.0,2022,7.705028101007987e-07,,,,,,,,,,,,,,,,,,,,,,
SE,,,Piratpartiet,1485.0,Piratpartiet,9123.0,2022,0.0014058594273099172,No family,ep_panel,0.0,,,,,0.0,,,,,0.0,,,,,0.0,,,,
SE,,,Politiskt Skifte,,Politiskt Skifte,22.0,2022,3.390212364443514e-06,,,,,,,,,,,,,,,,,,,,,,
SE,,,Positivt Samhällsinitiativ (PSI),,Positivt Samhällsinitiativ (PSI),1.0,2022,1.5410056202015974e-07,,,,,,,,,,,,,,,,,,,,,,
SE,,,Reformpartiet,,Reformpartiet,7.0,2022,1.0787039341411183e-06,,,,,,,,,,,,,,,,,,,,,,
SE,,,SKP,,SKP,1170.0,2022,0.0001802976575635869,,,,,,,,,,,,,,,,,,,,,,
SE,,,SKÅNEPARTIET,,SKÅNEPARTIET,206.0,2022,3.174471577615291e-05,,,,,,,,,,,,,,,,,,,,,,
SE,,,SVENSKARNA,,SVENSKARNA,1.0,2022,1.5410056202015974e-07,,,,,,,,,,,,,,,,,,,,,,
SE,,,Socialisterna-Välfärdspartiet,,Socialisterna-Välfärdspartiet,892.0,2022,0.00013745770132198248,,,,,,,,,,,,,,,,,,,,,,
SE,,,Sociallibertarianerna,,Sociallibertarianerna,2.0,2022,3.082011240403195e-07,,,,,,,,,,,,,,,,,,,,,,
SE,,,Stora Norrland's independent Freedom Party,2934.0,Stora Norrland's independent Freedom Party,1.0,2022,1.5410056202015974e-07,,,0.0,,,,,0.0,,,,,0.0,,,,,0.0,,,,
SE,,,Stram Kurs Sverige,,Stram Kurs Sverige,159.0,2022,2.45019893612054e-05,,,,,,,,,,,,,,,,,,,,,,
SE,,,Svenska Rikslagen,,Svenska Rikslagen,17.0,2022,2.6197095543427157e-06,,,,,,,,,,,,,,,,,,,,,,
SE,,,Sverige ut ur EU/Frihetliga Rättvisepartiet (FRP),,Sverige ut ur EU/Frihetliga Rättvisepartiet (FRP),177.0,2022,2.7275799477568273e-05,,,,,,,,,,,,,,,,,,,,,,
SE,,,Sverigedemokraterna,409.0,Sverigedemokraterna,1330325.0,2022,0.20500383016946902,Radical right,ep_panel,1.0,2001.0,2100.0,2001.0,2100.0,1.0,1900.0,2100.0,1900.0,2100.0,0.0,2100.0,2100.0,2100.0,2100.0,1.0,1900.0,2100.0,1900.0,2100.0
SE,,,Sverigepartiet,,Sverigepartiet,4.0,2022,6.16402248080639e-07,,,,,,,,,,,,,,,,,,,,,,
SE,,,Swexitpartiet,,Swexitpartiet,10.0,2022,1.5410056202015974e-06,,,,,,,,,,,,,,,,,,,,,,
SE,,,TRYGGHETSPARTIET,,TRYGGHETSPARTIET,66.0,2022,1.0170637093330544e-05,,,,,,,,,,,,,,,,,,,,,,
SE,,,UN Party art.27,,UN Party art.27,1.0,2022,1.5410056202015974e-07,,,,,,,,,,,,,,,,,,,,,,
SE,,,Valsamverkanspartiet,,Valsamverkanspartiet,16.0,2022,2.465608992322556e-06,,,,,,,,,,,,,,,,,,,,,,
SE,,,Volt Sverige,,Volt Sverige,91.0,2022,1.4023151143834537e-05,,,,,,,,,,,,,,,,,,,,,,
SE,,,Vänsterpartiet,830.0,Vänsterpartiet,436810.0,2022,0.06731266649602598,Radical left,ep_panel,0.0,2100.0,2100.0,2100.0,2100.0,0.0,2100.0,2100.0,2100.0,2100.0,1.0,1900.0,2100.0,2100.0,2100.0,1.0,1900.0,2100.0,2100.0,2100.0
SE,,,Yggdrasil,,Yggdrasil,2.0,2022,3.082011240403195e-07,,,,,,,,,,,,,,,,,,,,,,
SE,,,Ändrings partiet revolution,,Ändrings partiet revolution,7.0,2022,1.0787039341411183e-06,,,,,,,,,,,,,,,,,,,,,,
SE,,,Övriga ej särredovisade partier,,Övriga ej särredovisade partier,8.0,2022,1.232804496161278e-06,,,,,,,,,,,,,,,,,,,,,,
SI,AS,Active Slovenia,Aktivna Slovenija,1302.0,Aktivna Slovenija,28767.0,2004,0.02969429339411131,Green,ches_link,0.0,,,,,0.0,,,,,0.0,,,,,0.0,,,,
SI,DD,Good Country,Dobra Drzava,6133.0,Dobra Drzava,13540.0,2018,0.015194754330897758,No family,manual,0.0,,,,,0.0,,,,,0.0,,,,,0.0,,,,
SI,DESUS,Democratic Party of Retired People of Slovenia,Demokraticna stranka upokojencev Slovenije,467.0,Demokraticna stranka upokojencev Slovenije,327213.0,2018,0.10176016909701689,No family,ep_panel,0.0,,,,,0.0,,,,,0.0,,,,,0.0,,,,
SI,DOM,,DOMOVINSKA LIGA - DOM,7362.0,DOMOVINSKA LIGA - DOM,2117.0,2022,0.0017755702667045768,,,0.0,,,,,0.0,,,,,0.0,,,,,0.0,,,,
SI,DeSUS,,DeSUS - DEMOKRATIČNA STRANKA UPOKOJENCEV SLOVENIJE,467.0,DeSUS - DEMOKRATIČNA STRANKA UPOKOJENCEV SLOVENIJE,7840.0,2022,0.006575564898896496,No family,ep_panel,0.0,,,,,0.0,,,,,0.0,,,,,0.0,,,,
SI,GPS,Greens of Slovenia,Zeleni Slovenije,1494.0,Zeleni Slovenije,9708.0,2018,0.0108944368570425,Green,manual,0.0,,,,,0.0,,,,,0.0,,,,,0.0,,,,
SI,L'BP,,Lista Borisa Popoviča - Digitalizirajmo Slovenijo,,Lista Borisa Popoviča - Digitalizirajmo Slovenijo,5174.0,2022,0.004339537345266642,,,,,,,,,,,,,,,,,,,,,,
SI,LDS,Liberal Democracy of Slovenia,Liberalna demokracija Slovenije,975.0,Liberalna demokracija Slovenije,291887.0,2011,0.22796695197631642,Liberal,ess_build,0.0,,,,,0.0,,,,,0.0,,,,,0.0,,,,
SI,LEVICA,,LEVICA,6131.0,LEVICA,53234.0,2022,0.044648421151512255,Social democratic,ess_build,1.0,1900.0,2100.0,1900.0,2100.0,0.0,2100.0,2100.0,2100.0,2100.0,1.0,1900.0,2100.0,1900.0,2100.0,1.0,1900.0,2022.0,1900.0,2022.0
SI,LEVICA,,,6131.0,LEVICA,83108.0,2018,0.09326481853266255,Social democratic,ess_build,1.0,1900.0,2100.0,1900.0,2100.0,0.0,2100.0,2100.0,2100.0,2100.0,1.0,1900.0,2100.0,1900.0,2100.0,1.0,1900.0,2022.0,1900.0,2022.0
SI,LGV,Civic List,Drzavljanska lista,98.0,Drzavljanska lista,92282.0,2011,0.08372102306542219,Liberal,manual,0.0,,,,,0.0,,,,,0.0,,,,,0.0,,,,
SI,LIPA,Party Lime Tree,Stranka Lipa,881.0,Stranka Lipa,19068.0,2008,0.018128456485714855,No family,manual,0.0,,,,,0.0,,,,,0.0,,,,,0.0,,,,
SI,LMS,List of Marjan Sarec,Lista Marjana Sarca,6132.0,Lista Marjana Sarca,112250.0,2018,0.12596832892490942,Liberal,ep_panel,1.0,1900.0,2018.0,1900.0,2018.0,0.0,2100.0,2100.0,2100.0,2100.0,0.0,2100.0,2100.0,2100.0,2100.0,0.0,2100.0,2100.0,2100.0,2100.0
SI,LMŠ,,LISTA MARJANA ŠARCA - LMŠ,6132.0,LISTA MARJANA ŠARCA - LMŠ,44401.0,2022,0.03724000728008971,Liberal,ep_panel,1.0,1900.0,2018.0,1900.0,2018.0,0.0,2100.0,2100.0,2100.0,2100.0,0.0,2100.0,2100.0,2100.0,2100.0,0.0,2100.0,2100.0,2100.0,2100.0
SI,LZJPS,Zoran Jankovic's List  Positive Slovenia,Lista Zorana Jankovica - Pozitivna Slovenija,1773.0,Lista Zorana Jankovica - Pozitivna Slovenija,340248.0,2014,0.2851179762233093,Social democratic,ess_build,0.0,,,,,0.0,,,,,0.0,,,,,0.0,,,,
SI,NAŠA DEŽELA,,NAŠA DEŽELA stranka dr. ALEKSANDRE PIVEC,9070.0,NAŠA DEŽELA stranka dr. ALEKSANDRE PIVEC,17846.0,2022,0.014967797345115672,Agrarian/center,manual,0.0,,,,,0.0,,,,,0.0,,,,,0.0,,,,
SI,NESTRANKARSKA,,NESTRANKARSKA LJUDSKA LISTA GIBANJA ZDRAVA DRUŽBA,,NESTRANKARSKA LJUDSKA LISTA GIBANJA ZDRAVA DRUŽBA,21021.0,2022,0.01763073338516623,No family,manual,0.0,,,,,0.0,,,,,0.0,,,,,0.0,,,,
SI,NSI,New Slovenia -- Christian People's Party,Nova Slovenija - Krscanska ljudska stranka,1618.0,Nova Slovenija - Krscanska ljudska stranka,290243.0,2018,0.09091199993393699,Radical right,ep_panel,1.0,1900.0,2100.0,1900.0,2100.0,1.0,1900.0,2100.0,1900.0,2100.0,0.0,2100.0,2100.0,2100.0,2100.0,0.0,2100.0,2100.0,2100.0,2100.0
SI,NSi,,NOVA SLOVENIJA - KRŠČANSKI DEMOKRATI,1618.0,NOVA SLOVENIJA - KRŠČANSKI DEMOKRATI,81794.0,2022,0.06860226471177806,Radical right,ep_panel,1.0,1900.0,2100.0,1900.0,2100.0,1.0,1900.0,2100.0,1900.0,2100.0,0.0,2100.0,2100.0,2100.0,2100.0,0.0,2100.0,2100.0,2100.0,2100.0
SI,OTHER,,,1856.0,OTHER,162530.0,2018,0.0473472584914998,No family,generic,0.0,,,,,0.0,,,,,0.0,,,,,0.0,,,,
SI,PIRATE,Slovenian Pirate Party,Piratska stranka Slovenije,3099.0,Piratska stranka Slovenije,30919.0,2018,0.021526276039533294,No family,manual,0.0,,,,,0.0,,,,,0.0,,,,,0.0,,,,
SI,POVEŽIMO,,"POVEŽIMO SLOVENIJO (KONKRETNO, ZELENI, SLS, NLS, NS)",9068.0,"POVEŽIMO SLOVENIJO (KONKRETNO, ZELENI, SLS, NLS, NS)",40612.0,2022,0.03406209715229394,Conservative,manual,0.0,,,,,0.0,,,,,0.0,,,,,0.0,,,,
SI,Pirati,,PIRATSKA STRANKA SLOVENIJE,3099.0,PIRATSKA STRANKA SLOVENIJE,19480.0,2022,0.016338265845727517,No family,manual,0.0,,,,,0.0,,,,,0.0,,,,,0.0,,,,
SI,Resni.ca,,Državljansko gibanje Resni.ca,9069.0,Državljansko gibanje Resni.ca,34107.0,2022,0.028606223470237602,Radical right,ess_build,1.0,1900.0,2100.0,1900.0,2100.0,0.0,2100.0,2100.0,2100.0,2100.0,0.0,2100.0,2100.0,2100.0,2100.0,1.0,1900.0,2100.0,1900.0,2100.0
SI,SAB,,STRANKA ALENKE BRATUŠEK,3114.0,STRANKA ALENKE BRATUŠEK,31117.0,2022,0.026098450632520698,No family,ep_panel,0.0,,,,,0.0,,,,,0.0,,,,,0.0,,,,
SI,SD,Social Democrats / United List of Social Democrats,Socialni demokrati / Zdruzena lista socialnih demokratov,1403.0,Socialni demokrati / Zdruzena lista socialnih demokratov,675500.0,2018,0.3044683203606677,Social democratic,ep_panel,1.0,1900.0,2100.0,1900.0,2100.0,0.0,2100.0,2100.0,2100.0,2100.0,1.0,1900.0,2100.0,1900.0,2100.0,1.0,1900.0,2100.0,1900.0,2100.0
SI,SD,,SOCIALNI DEMOKRATI - SD,1403.0,SOCIALNI DEMOKRATI - SD,79709.0,2022,0.06685353348547714,Social democratic,ep_panel,1.0,1900.0,2100.0,1900.0,2100.0,0.0,2100.0,2100.0,2100.0,2100.0,1.0,1900.0,2100.0,1900.0,2100.0,1.0,1900.0,2100.0,1900.0,2100.0
SI,SDS,Slovenian Democratic Party,Slovenska demokratska stranka,472.0,Slovenska demokratska stranka,1281258.0,2018,0.2925718773144253,Radical right,ep_panel,1.0,2000.0,2100.0,2000.0,2100.0,1.0,2015.0,2100.0,2015.0,2100.0,0.0,2100.0,2100.0,2100.0,2100.0,0.0,2100.0,2100.0,2100.0,2100.0
SI,SDS,,SLOVENSKA DEMOKRATSKA STRANKA - SDS,472.0,SLOVENSKA DEMOKRATSKA STRANKA - SDS,279897.0,2022,0.23475521537071845,Radical right,ep_panel,1.0,2000.0,2100.0,2000.0,2100.0,1.0,2015.0,2100.0,2015.0,2100.0,0.0,2100.0,2100.0,2100.0,2100.0,0.0,2100.0,2100.0,2100.0,2100.0
SI,SJN,Slovenia is Ours,Slovenija je nasa,740.0,Slovenija je nasa,25343.0,2004,0.026159922045641285,No family,manual,1.0,1900.0,2100.0,1900.0,2100.0,0.0,2100.0,2100.0,2100.0,2100.0,0.0,2100.0,2100.0,2100.0,2100.0,0.0,2100.0,2100.0,2100.0,2100.0
SI,SLS,Slovenian People's Party,Slovenska ljudska stranka,764.0,Slovenska ljudska stranka,199220.0,2018,0.06832441828395582,Christian democratic,ep_panel,0.0,,,,,0.0,,,,,0.0,,,,,0.0,,,,
SI,SLS-SMS,Slovenian People's Party - Youth Party of Slovenia,Slovenska ljudska stranka - Stranka mladih Slovenije,764.0,Slovenska ljudska stranka - Stranka mladih Slovenije,54809.0,2008,0.05210837903951886,Christian democratic,ep_panel,0.0,,,,,0.0,,,,,0.0,,,,,0.0,,,,
SI,SMC,Party of Miro Cerar / Modern Center Party,Stranka Mira Cerarja / Stranka modernega centra,3098.0,Stranka Mira Cerarja / Stranka modernega centra,388431.0,2018,0.344922914681725,Liberal,ep_panel,0.0,,,,,0.0,,,,,0.0,,,,,0.0,,,,
SI,SMS-ZELENI,Youth Party of Slovenia,Stranka mladih Slovenije,1401.0,Stranka mladih Slovenije,20174.0,2004,0.020824301280383827,No family,ess_build,0.0,,,,,0.0,,,,,0.0,,,,,0.0,,,,
SI,SNP-DD,,NAŠA PRIHODNOST IN DOBRA DRŽAVA,6133.0,NAŠA PRIHODNOST IN DOBRA DRŽAVA,20279.0,2022,0.017008403135806382,No family,manual,0.0,,,,,0.0,,,,,0.0,,,,,0.0,,,,
SI,SNS,Slovenian National Party,Slovenska nacionalna stranka,96.0,Slovenska nacionalna stranka,193768.0,2018,0.06270825333515007,Radical right,ep_panel,1.0,1900.0,2100.0,1900.0,2100.0,1.0,1900.0,2100.0,1900.0,2100.0,0.0,2100.0,2100.0,2100.0,2100.0,1.0,1900.0,2100.0,1900.0,2100.0
SI,SNS,,SLOVENSKA NACIONALNA STRANKA - SNS,96.0,SLOVENSKA NACIONALNA STRANKA - SNS,17736.0,2022,0.014875538143728094,Radical right,ep_panel,1.0,1900.0,2100.0,1900.0,2100.0,1.0,1900.0,2100.0,1900.0,2100.0,0.0,2100.0,2100.0,2100.0,2100.0,1.0,1900.0,2100.0,1900.0,2100.0
SI,SVOBODA,,GIBANJE SVOBODA,9067.0,GIBANJE SVOBODA,410769.0,2022,0.34452018086158354,Liberal,ep_panel,0.0,,,,,0.0,,,,,0.0,,,,,0.0,,,,
SI,TRS,Party for Sustainable Development of Slovenia,Stranka za trajnostni razvoj Slovenije,1015.0,Stranka za trajnostni razvoj Slovenije,13477.0,2011,0.012226742244995719,Green,manual,0.0,,,,,0.0,,,,,0.0,,,,,0.0,,,,
SI,VESNA,,VESNA - zelena stranka,9130.0,VESNA - zelena stranka,16089.0,2022,0.01349416628295226,Green,manual,0.0,,,,,0.0,,,,,0.0,,,,,0.0,,,,
SI,ZAAB,Alliance of Alenka Bratusek / Party of Alenka Bratuek,Zaveznistvo Alenke Bratusek / Stranka Alenke Bratusek,3114.0,Zaveznistvo Alenke Bratusek / Stranka Alenke Bratusek,83785.0,2018,0.05105168124233389,No family,ep_panel,0.0,,,,,0.0,,,,,0.0,,,,,0.0,,,,
SI,ZARES,For Real,Zares,474.0,Zares,98526.0,2008,0.09367129765636364,Liberal,ess_build,0.0,,,,,0.0,,,,,0.0,,,,,0.0,,,,
SI,ZDRUZENA LEVICA,United Left,Zdruzena levica,4714.0,Zdruzena levica,52189.0,2014,0.05969293976490665,Social democratic,ches_link,0.0,,,,,0.0,,,,,0.0,,,,,0.0,,,,
SI,ZLS,,ZA LJUDSTVO SLOVENIJE  - ZLS,,ZA LJUDSTVO SLOVENIJE  - ZLS,8340.0,2022,0.00699492490520367,,,,,,,,,,,,,,,,,,,,,,
SI,ZOS,,ZOS - ZAVEZNIŠTVO OSVOBODIMO SLOVENIJO (GIBANJE ZEDINJENA SLOVENIJA - ZSI IN STRANKA SLOVENSKEGA NARODA - SSN),,ZOS - ZAVEZNIŠTVO OSVOBODIMO SLOVENIJO (GIBANJE ZEDINJENA SLOVENIJA - ZSI IN STRANKA SLOVENSKEGA NARODA - SSN),563.0,2022,0.0004721993671018785,,,,,,,,,,,,,,,,,,,,,,
SI,ZSi,,Gibanje Zedinjena Slovenija - ZSi,,Gibanje Zedinjena Slovenija - ZSi,168.0,2022,0.00014090496211921063,,,,,,,,,,,,,,,,,,,,,,
SK,99PERCENT,99 Percent  Civic Voice,99% - obciansky hlas,629.0,99% - obciansky hlas,40488.0,2012,0.01585448086443103,No family,manual,0.0,,,,,0.0,,,,,0.0,,,,,0.0,,,,
SK,ANO,Alliance of the New Citizen,Aliancia Noveho Obcana,217.0,Aliancia Noveho Obcana,32775.0,2006,0.014230578354150574,Liberal,ep_panel,1.0,1900.0,2100.0,1900.0,2100.0,0.0,2100.0,2100.0,2100.0,2100.0,0.0,2100.0,2100.0,2100.0,2100.0,0.0,2100.0,2100.0,2100.0,2100.0
SK,DV,,,8644.0,DV,88194.0,2020,0.030647541114631686,No family,manual,0.0,,,,,0.0,,,,,0.0,,,,,0.0,,,,
SK,HZD,,,2133.0,HZD,6133.0,2006,0.0026628874766134393,No family,ep_panel,0.0,,,,,0.0,,,,,0.0,,,,,0.0,,,,
SK,KDH,Christian Democratic Movement,Krestanskodemokraticke hnutie,63.0,Krestanskodemokraticke hnutie,895405.0,2020,0.08824791696524999,Conservative,ep_panel,0.0,,,,,0.0,,,,,0.0,,,,,0.0,,,,
SK,KSS,Communist Party of Slovakia,Komunisticka strana Slovenska,340.0,Komunisticka strana Slovenska,99317.0,2012,0.03882440443238554,Radical left,ep_panel,0.0,2100.0,2100.0,2100.0,2100.0,0.0,2100.0,2100.0,2100.0,2100.0,1.0,1900.0,2100.0,1900.0,2100.0,1.0,1900.0,2100.0,1900.0,2100.0
SK,LS-HZDS,People's Party  Movement for a Democratic Slovakia,Ludova strana - Hnutie za demokraticke Slovensko,560.0,Ludova strana - Hnutie za demokraticke Slovensko,327589.0,2012,0.08794084942333051,No family,ep_panel,1.0,1900.0,2100.0,1900.0,2100.0,0.0,2100.0,2100.0,2100.0,2100.0,0.0,2100.0,2100.0,2100.0,2100.0,1.0,1900.0,2100.0,1900.0,2100.0
SK,LSNS,People's Party Our Slovakia,Ludova strana Nase Slovensko,656.0,Ludova strana Nase Slovensko,513395.0,2020,0.08045556345824961,Radical right,ep_panel,0.0,2100.0,2100.0,2100.0,2100.0,1.0,1900.0,2100.0,1900.0,2100.0,0.0,2100.0,2100.0,2100.0,2100.0,1.0,1900.0,2100.0,1900.0,2100.0
SK,MKO,,,,MKO,112631.0,2020,0.039139433558769095,Regionalist,manual,0.0,,,,,0.0,,,,,0.0,,,,,0.0,,,,
SK,MOST-HID,Most-Hid,MOST-HID,258.0,MOST-HID,610211.0,2020,0.0812600691472433,Conservative,ep_panel,0.0,,,,,0.0,,,,,0.0,,,,,0.0,,,,
SK,NADEJ,,,,NADEJ,4208.0,2006,0.0018270716617624903,,,,,,,,,,,,,,,,,,,,,,
SK,OLANO,Ordinary People and Independents,Obycajni Ludia a Nezavisle Osobnosti,2130.0,Obycajni Ludia a Nezavisle Osobnosti,1226641.0,2020,0.25041856547239694,Conservative,ep_panel,1.0,1900.0,2100.0,1900.0,2100.0,0.0,2100.0,2100.0,2100.0,2100.0,0.0,2100.0,2100.0,2100.0,2100.0,0.0,2100.0,2100.0,2100.0,2100.0
SK,OTHER,,,1855.0,OTHER,390930.0,2020,0.040514135032497615,No family,generic,0.0,,,,,0.0,,,,,0.0,,,,,0.0,,,,
SK,SAS,Freedom and Solidarity,Sloboda a Solidarita,1386.0,Sloboda a Solidarita,951710.0,2020,0.12148684363985712,Liberal,ep_panel,0.0,,,,,0.0,,,,,0.0,,,,,0.0,,,,
SK,SDKU/DS,Slovak Democratic and Christian Union  Democratic Party,Slovenska demokraticka a krestanska unia - Demokraticka strana,1617.0,Slovenska demokraticka a krestanska unia - Demokraticka strana,968601.0,2012,0.18358205909413197,Christian democratic,ep_panel,0.0,,,,,0.0,,,,,0.0,,,,,0.0,,,,
SK,SDL,Party of the Democratic Left (2005),Strana demokratickej lavice,2131.0,Strana demokratickej lavice,61137.0,2010,0.02417069762017249,Social democratic,manual,0.0,,,,,0.0,,,,,0.0,,,,,0.0,,,,
SK,SF,Free Forum,Slobodne forum,137.0,Slobodne forum,79963.0,2006,0.03471913766385789,Liberal,ep_panel,0.0,,,,,0.0,,,,,0.0,,,,,0.0,,,,
SK,SIET,Network,Siet,4872.0,Siet,146039.0,2016,0.05602434643569317,No family,ess_build,0.0,,,,,0.0,,,,,0.0,,,,,0.0,,,,
SK,SME,We are family  Boris Kollar,Sme Rodina - Boris Kollar,4873.0,Sme Rodina - Boris Kollar,410318.0,2020,0.08252290208174207,Radical right,ep_panel,1.0,1900.0,2100.0,1900.0,2100.0,1.0,1900.0,2100.0,1900.0,2100.0,0.0,2100.0,2100.0,2100.0,2100.0,1.0,1900.0,2100.0,1900.0,2100.0
SK,SMER,Direction  Social Democracy,Smer - socialna demokracia,311.0,Smer - socialna demokracia,3950076.0,2020,0.44416668037213075,Social democratic,ep_panel,1.0,1900.0,2100.0,1900.0,2100.0,0.0,2100.0,2100.0,2100.0,2100.0,0.0,2100.0,2100.0,2100.0,2100.0,1.0,2022.0,2100.0,2022.0,2100.0
SK,SMK-MKP,Party of the Hungarian Coalition / Party of the Hungarian Community,Strana madarskej koalicie / Strana madarskej komunity,349.0,Strana madarskej koalicie / Strana madarskej komunity,593709.0,2016,0.11684531415602792,Regionalist,ep_panel,0.0,,,,,0.0,,,,,0.0,,,,,0.0,,,,
SK,SNS,Slovak National Party,Slovenska narodna strana,730.0,Slovenska narodna strana,831663.0,2020,0.1173311728037257,Radical right,ep_panel,1.0,1900.0,2100.0,1900.0,2100.0,1.0,1900.0,2100.0,1900.0,2100.0,0.0,2100.0,2100.0,2100.0,2100.0,1.0,1900.0,2100.0,1900.0,2100.0
SK,SOK,,,,SOK,4860.0,2016,0.0018644219946553236,,,,,,,,,,,,,,,,,,,,,,
SK,SPOLU,Together  Civic Democracy,Spolu - obcianska demokracia,8177.0,Spolu - obcianska demokracia,199506.0,2020,0.06932862028727248,Liberal,ches_link,0.0,,,,,0.0,,,,,0.0,,,,,0.0,,,,
SK,SSS NM,,,711.0,SSS NM,31159.0,2012,0.012201387306234107,No family,manual,0.0,,,,,0.0,,,,,0.0,,,,,0.0,,,,
SK,TIP,,,3222.0,TIP,11112.0,2016,0.0042628512766687155,,,0.0,,,,,0.0,,,,,0.0,,,,,0.0,,,,
SK,VLAST,,,8643.0,VLAST,84429.0,2020,0.02933919823080072,Radical right,populist_implied,1.0,1900.0,2100.0,1900.0,2100.0,1.0,1900.0,2100.0,1900.0,2100.0,0.0,2100.0,2100.0,2100.0,2100.0,1.0,1900.0,2100.0,1900.0,2100.0
SK,ZA LUDI,,,8394.0,ZA LUDI,165288.0,2020,0.05743781635661431,Liberal,ess_build,0.0,,,,,0.0,,,,,0.0,,,,,0.0,,,,
SK,ZZDS,,,1181.0,ZZDS,33155.0,2012,0.012982990344304753,No family,manual,0.0,,,,,0.0,,,,,0.0,,,,,0.0,,,,
SK,,,Demokrati,,Demokrati,87006.0,2023,0.029315717262329948,Liberal,manual,0.0,,,,,0.0,,,,,0.0,,,,,0.0,,,,
SK,,,HLAS - sociálna demokracia,9071.0,HLAS - sociálna demokracia,436415.0,2023,0.14704524686848866,Social democratic,ep_panel,0.0,,,,,0.0,,,,,0.0,,,,,0.0,,,,
SK,,,KARMA,,KARMA,2407.0,2023,0.0008110122457121139,,,,,,,,,,,,,,,,,,,,,,
SK,,,Komunistická strana Slovenska,6980.0,Komunistická strana Slovenska,9867.0,2023,0.003324577411068312,Radical left,variant_harmonized,0.0,2100.0,2100.0,2100.0,2100.0,0.0,2100.0,2100.0,2100.0,2100.0,1.0,1900.0,2100.0,1900.0,2100.0,1.0,1900.0,2100.0,1900.0,2100.0
SK,,,Kotlebovci - Ľudová strana Naše Slovensko,656.0,Kotlebovci - Ľudová strana Naše Slovensko,25003.0,2023,0.008424486572305769,Radical right,ep_panel,0.0,2100.0,2100.0,2100.0,2100.0,1.0,1900.0,2100.0,1900.0,2100.0,0.0,2100.0,2100.0,2100.0,2100.0,1.0,1900.0,2100.0,1900.0,2100.0
SK,,,Kresťanskodemokratické hnutie,63.0,Kresťanskodemokratické hnutie,202515.0,2023,0.06823520770269578,Conservative,ep_panel,0.0,,,,,0.0,,,,,0.0,,,,,0.0,,,,
SK,,,"Maďarské fórum, Občianski demokrati Slovenska, Za regióny, Rómska koalícia, Demokratická strana",983.0,"Maďarské fórum, Občianski demokrati Slovenska, Za regióny, Rómska koalícia, Demokratická strana",3486.0,2023,0.0011745694593071994,,,0.0,,,,,0.0,,,,,0.0,,,,,0.0,,,,
SK,,,"Modrí, Most - Híd",258.0,"Modrí, Most - Híd",7935.0,2023,0.0026736112047052864,Conservative,ep_panel,0.0,,,,,0.0,,,,,0.0,,,,,0.0,,,,
SK,,,MySlovensko,,MySlovensko,2786.0,2023,0.0009387121381611755,,,,,,,,,,,,,,,,,,,,,,
SK,,,"OĽANO A PRIATELIA: OBYČAJNÍ ĽUDIA (OĽANO), NEZÁVISLÍ KANDIDÁTI (NEKA), NOVA, SLOBODNÍ A ZODPOVEDNÍ, PAČIVALE ROMA, MAGYAR SZÍVEK a Kresťanská únia a ZA ĽUDÍ",7360.0,"OĽANO A PRIATELIA: OBYČAJNÍ ĽUDIA (OĽANO), NEZÁVISLÍ KANDIDÁTI (NEKA), NOVA, SLOBODNÍ A ZODPOVEDNÍ, PAČIVALE ROMA, MAGYAR SZÍVEK a Kresťanská únia a ZA ĽUDÍ",264137.0,2023,0.08899806462221048,Conservative,manual,0.0,,,,,0.0,,,,,0.0,,,,,0.0,,,,
SK,,,PRINCÍP,,PRINCÍP,1817.0,2023,0.0006122182178890366,,,,,,,,,,,,,,,,,,,,,,
SK,,,Pirátska strana - Slovensko,,Pirátska strana - Slovensko,9358.0,2023,0.003153075444692132,,,,,,,,,,,,,,,,,,,,,,
SK,,,Progresívne Slovensko,7361.0,Progresívne Slovensko,533136.0,2023,0.1796343268092952,Liberal,ep_panel,0.0,,,,,0.0,,,,,0.0,,,,,0.0,,,,
SK,,,REPUBLIKA,9072.0,REPUBLIKA,141099.0,2023,0.047541760223404055,Radical right,ep_panel,0.0,,,,,0.0,,,,,0.0,,,,,0.0,,,,
SK,,,SDKÚ - DS - Slovenská demokratická a kresťanská únia - Demokratická strana,,SDKÚ - DS - Slovenská demokratická a kresťanská únia - Demokratická strana,771.0,2023,0.00025977999229083497,,,,,,,,,,,,,,,,,,,,,,
SK,,,SME RODINA,4873.0,SME RODINA,65673.0,2023,0.022127796930889763,Radical right,ep_panel,1.0,1900.0,2100.0,1900.0,2100.0,1.0,1900.0,2100.0,1900.0,2100.0,0.0,2100.0,2100.0,2100.0,2100.0,1.0,1900.0,2100.0,1900.0,2100.0
SK,,,SMER - sociálna demokracia,311.0,SMER - sociálna demokracia,681017.0,2023,0.22946120753557403,Social democratic,ep_panel,1.0,1900.0,2100.0,1900.0,2100.0,0.0,2100.0,2100.0,2100.0,2100.0,0.0,2100.0,2100.0,2100.0,2100.0,1.0,2022.0,2100.0,2022.0,2100.0
SK,,,SPOLOČNE OBČANIA SLOVENSKA,,SPOLOČNE OBČANIA SLOVENSKA,2401.0,2023,0.0008089906115308623,,,,,,,,,,,,,,,,,,,,,,
SK,,,SPRAVODLIVOSŤ,,SPRAVODLIVOSŤ,1335.0,2023,0.0004498136053284886,,,,,,,,,,,,,,,,,,,,,,
SK,,,SRDCE vlastenci a dôchodcovia - SLOVENSKÁ NÁRODNÁ JEDNOTA,,SRDCE vlastenci a dôchodcovia - SLOVENSKÁ NÁRODNÁ JEDNOTA,2315.0,2023,0.0007800138549329222,,,,,,,,,,,,,,,,,,,,,,
SK,,,SZÖVETSÉG - Magyarok. Nemzetiségek. Regiók. | ALIANCIA - Maďari. Národnosti. Regióny,,SZÖVETSÉG - Magyarok. Nemzetiségek. Regiók. | ALIANCIA - Maďari. Národnosti. Regióny,130183.0,2023,0.04386373376964692,Regionalist,manual,0.0,,,,,0.0,,,,,0.0,,,,,0.0,,,,
SK,,,Sloboda a Solidarita,1386.0,Sloboda a Solidarita,187645.0,2023,0.06322492432349382,Liberal,ep_panel,0.0,,,,,0.0,,,,,0.0,,,,,0.0,,,,
SK,,,Slovenská národná strana,730.0,Slovenská národná strana,166995.0,2023,0.05626713334968611,Radical right,ep_panel,1.0,1900.0,2100.0,1900.0,2100.0,1.0,1900.0,2100.0,1900.0,2100.0,0.0,2100.0,2100.0,2100.0,2100.0,1.0,1900.0,2100.0,1900.0,2100.0
SK,,,Slovenské Hnutie Obrody,,Slovenské Hnutie Obrody,1332.0,2023,0.0004488027882378628,,,,,,,,,,,,,,,,,,,,,,
SK,,,Vlastenecký blok,,Vlastenecký blok,1262.0,2023,0.00042521705612326037,,,,,,,,,,,,,,,,,,,,,,
TR,AKP,,,306.0,AKP,93595696.0,2018,0.4983279796872802,Conservative,manual,,,,,,,,,,,,,,,,,,,,
TR,ANAP,,,1190.0,ANAP,1610207.0,2002,0.05110144850174105,Conservative,manual,,,,,,,,,,,,,,,,,,,,
TR,ATP,,,,ATP,19175.0,2007,0.0005470804293253255,,,,,,,,,,,,,,,,,,,,,,
TR,BBP,,,1330.0,BBP,455035.0,2015,0.010202663553835452,Radical right,manual,,,,,,1.0,1900.0,2100.0,1900.0,2100.0,,,,,,,,,,
TR,BTP,,,,BTP,27512.0,2007,0.0004703267758715509,,,,,,,,,,,,,,,,,,,,,,
TR,CHP,,,1060.0,CHP,48054625.0,2018,0.2597930597306869,Social democratic,manual,,,,,,,,,,,,,,,,,,,,
TR,DEHAP,,,1355.0,DEHAP,1933680.0,2002,0.061367171387807055,Radical left,manual,,,,,,,,,,,1.0,1900.0,2100.0,1900.0,2100.0,,,,,
TR,DP,,,899.0,DP,1975766.0,2011,0.054176597448462524,Conservative,manual,,,,,,,,,,,,,,,,,,,,
TR,DSP,,,1740.0,DSP,385786.0,2011,0.012174195962571509,Social democratic,manual,,,,,,,,,,,,,,,,,,,,
TR,DYP,,,351.0,DYP,3004949.0,2002,0.095364910582216,Conservative,manual,,,,,,,,,,,,,,,,,,,,
TR,GENC PARTI,,,159.0,GENC PARTI,3349515.0,2007,0.07250534726951981,No family,manual,,,,,,,,,,,,,,,,,,,,
TR,HAS PARTI,,,,HAS PARTI,89219.0,2011,0.00207767436097116,,,,,,,,,,,,,,,,,,,,,,
TR,HDP,,,6042.0,HDP,11015387.0,2018,0.11702498196198728,Radical left,manual,,,,,,,,,,,1.0,1900.0,2100.0,1900.0,2100.0,,,,,
TR,HUDA PAR,,,,HUDA PAR,48813.0,2018,0.000973588958691829,,,,,,,,,,,,,,,,,,,,,,
TR,HYP,,,,HYP,11623.0,2007,0.0003316149063910435,,,,,,,,,,,,,,,,,,,,,,
TR,INDEPENDENT,,,2956.0,INDEPENDENT,5058858.0,2018,0.06566840304157982,No family,generic,,,,,,,,,,,,,,,,,,,,
TR,IP,,,,IP,1428.0,2002,4.5318936298554295e-05,,,,,,,,,,,,,,,,,,,,,,
TR,IYI PARTI,,,6236.0,IYI PARTI,4993479.0,2018,0.09959633744821084,Conservative,manual,,,,,,,,,,,,,,,,,,,,
TR,MHP,,,1610.0,MHP,24476657.0,2018,0.14270793428678158,Radical right,manual,,,,,,1.0,1900.0,2100.0,1900.0,2100.0,,,,,,,,,,
TR,ODP,,,,ODP,2549.0,2007,4.79847560808222e-05,,,,,,,,,,,,,,,,,,,,,,
TR,OTHER,,,2955.0,OTHER,3935359.0,2018,0.026633047180666523,No family,generic,,,,,,,,,,,,,,,,,,,,
TR,SAADET PARTISI,,,572.0,SAADET PARTISI,2903796.0,2018,0.024883745662132032,Confessional/agrarian/other,manual,,,,,,,,,,,,,,,,,,,,
TR,TKP,,,,TKP,791.0,2007,2.256795930098214e-05,,,,,,,,,,,,,,,,,,,,,,
TR,YTP,,,2471.0,YTP,363671.0,2002,0.01154144459568035,Liberal,manual,,,,,,,,,,,,,,,,,,,,
TR,YURT-P,,,,YURT-P,165291.0,2002,0.00524566687655766,,,,,,,,,,,,,,,,,,,,,,
